pecha_id,start,end_exclusive
I0FCFA88F,11456,11737
I0FCFA88F,13735,13858
I0FCFA88F,31751,31907
I0FCFA88F,34269,34514
I0FCFA88F,35757,35877
I0FCFA88F,41271,41356
I0FCFA88F,52325,52801
I0FCFA88F,74349,74588
I0FCFA88F,77719,77910
I0FCFA88F,89925,90239
I0FCFA88F,93929,94240
I0FCFA88F,107877,107938
I0FCFA88F,107976,108059
I0FCFA88F,113789,113986
I0FCFA88F,114238,114365
I0FCFA88F,114587,114752
I0FCFA88F,117323,117466
I0FCFA88F,118159,118283
I0FCFA88F,118332,118572
I0FCFA88F,118607,118840
I0FCFA88F,120147,122010
I0FCFA88F,122416,122715
I0FCFA88F,123301,123456
I0FCFA88F,123938,124201
I0FCFA88F,125058,125611
I0FCFA88F,135586,136010
I0FCFA88F,137236,138077
I0FCFA88F,138524,138660
I0FCFA88F,139552,139855
I0FCFA88F,140356,140446
I0FCFA88F,140516,140741
I0FCFA88F,141150,141375
I0FCFA88F,141742,141901
I0FCFA88F,142232,142380
I0FCFA88F,142668,143007
I0FCFA88F,143675,143904
I0FCFA88F,144524,144640
I0FCFA88F,144665,144784
I0FCFA88F,144815,144924
I0FCFA88F,145901,145993
I0FCFA88F,146015,146105
I0FCFA88F,146144,146290
I0FCFA88F,146341,146452
I0FCFA88F,149750,149809
I0FCFA88F,150043,150160
I0FCFA88F,150492,150844
I0FCFA88F,151515,151659
I0FCFA88F,152453,152568
I0FCFA88F,153043,153160
I0FCFA88F,153212,153298
I0FCFA88F,153441,153799
I0FCFA88F,154332,154520
I0FCFA88F,154881,155213
I0FCFA88F,155674,157240
I0FCFA88F,159545,159867
I0FCFA88F,160578,161100
I0FCFA88F,162361,162669
I0FCFA88F,164354,165737
I0FCFA88F,171009,171294
I0FCFA88F,174469,174625
I0FCFA88F,175506,175742
I0FCFA88F,175856,175972
I0FCFA88F,176279,176967
I0FCFA88F,177928,178222
I0FCFA88F,178617,179043
I0FCFA88F,179757,180096
I0FCFA88F,180798,181023
I0FCFA88F,181287,181411
I0FCFA88F,181508,181974
I0FCFA88F,182360,182459
I0FCFA88F,183023,183182
I0FCFA88F,183222,183285
I0FCFA88F,183348,183533
I0FCFA88F,183880,184114
I0FCFA88F,184667,184983
I0FCFA88F,186172,186425
I0FCFA88F,186967,187125
I0FCFA88F,187430,187731
I0FCFA88F,188449,188967
I0FCFA88F,190589,190897
I0FCFA88F,191547,191769
I0FCFA88F,192171,192461
I0FCFA88F,192956,193327
I0FCFA88F,194267,194695
I0FCFA88F,195851,196146
I0FCFA88F,196631,196751
I0FCFA88F,196810,196869
I0FCFA88F,197522,197729
I0FCFA88F,198218,198440
I0FCFA88F,199488,199756
I0FCFA88F,200190,200347
I0FCFA88F,200499,200610
I0FCFA88F,200727,200794
I0FCFA88F,201008,201114
I0FCFA88F,201794,201945
I0FCFA88F,202390,202657
I0FCFA88F,203376,203916
I0FCFA88F,204851,205148
I0FCFA88F,205658,205871
I0FCFA88F,206220,206338
I0FCFA88F,206552,206783
I0FCFA88F,207182,207544
I0FCFA88F,208662,208920
I0FCFA88F,209377,209856
I0FCFA88F,209945,210059
I0FCFA88F,210075,210178
I0FCFA88F,210214,210316
I0FCFA88F,210414,210635
I0FCFA88F,210733,210982
I0FCFA88F,211141,211219
I0FCFA88F,211290,211357
I0FCFA88F,211431,211547
I0FCFA88F,212238,212586
I0FCFA88F,213299,213606
I0FCFA88F,214122,214427
I0FCFA88F,214459,214568
I0FCFA88F,215111,215593
I0FCFA88F,216236,216576
I0FCFA88F,216641,216762
I0FCFA88F,216799,216850
I0FCFA88F,217652,217811
I0FCFA88F,218168,218326
I0FCFA88F,218635,218741
I0FCFA88F,218929,219119
I0FCFA88F,219395,219550
I0FCFA88F,219871,220234
I0FCFA88F,220960,221216
I0FCFA88F,221608,222003
I0FCFA88F,222679,223241
I0FCFA88F,223286,223340
I0FCFA88F,225057,225217
I0FCFA88F,225665,226144
I0FCFA88F,227181,227615
I0FCFA88F,228405,228526
I0FCFA88F,228858,229196
I0FCFA88F,229988,230482
I0FCFA88F,232139,232465
I0FCFA88F,233252,233440
I0FCFA88F,233991,234336
I0FCFA88F,235182,235324
I0FCFA88F,235710,235914
I0FCFA88F,236414,236891
I0FCFA88F,237366,237524
I0FCFA88F,237803,238829
I1637B774,1841,1883
I1637B774,2080,2107
I1637B774,2302,2333
I1637B774,2536,2543
I1637B774,2810,2814
I1637B774,2859,2864
I1637B774,2888,2893
I1637B774,2981,2985
I1637B774,3015,3026
I1637B774,3066,3075
I1637B774,3300,3308
I1637B774,3605,3614
I1637B774,3624,3629
I1637B774,3641,3654
I1637B774,3667,3678
I1637B774,3831,3845
I1637B774,3874,3882
I1637B774,3901,3905
I1637B774,3947,3954
I1637B774,3978,3989
I1637B774,3997,4007
I1637B774,4070,4096
I1637B774,4099,4103
I1637B774,4610,4625
I1637B774,4654,4665
I1637B774,4819,4827
I1637B774,4872,4881
I1637B774,4914,4927
I1637B774,4988,5010
I1637B774,5016,5027
I1637B774,5039,5043
I1637B774,5046,5052
I1637B774,5117,5126
I1637B774,5130,5133
I1637B774,5177,5183
I1637B774,5316,5324
I1637B774,5339,5344
I1637B774,5371,5380
I1637B774,5639,5643
I1637B774,5650,5655
I1637B774,5678,5683
I1637B774,5714,5717
I1637B774,5728,5751
I1637B774,5764,5772
I1637B774,5862,5873
I1637B774,6663,6677
I1637B774,6733,6743
I1637B774,6808,6819
I1637B774,6873,6877
I1637B774,6893,6912
I1637B774,7055,7059
I1637B774,7091,7103
I1637B774,7210,7217
I1637B774,7288,7298
I1637B774,7302,7315
I1637B774,7446,7454
I1637B774,7465,7479
I1637B774,7482,7488
I1637B774,7590,7593
I1637B774,7596,7609
I1637B774,7661,7667
I1637B774,7678,7684
I1637B774,7747,7754
I1637B774,7791,7794
I1637B774,7796,7806
I1637B774,7822,7827
I1637B774,7829,7834
I1637B774,7846,7865
I1637B774,7880,7884
I1637B774,7962,7976
I1637B774,8039,8049
I1637B774,8054,8059
I1637B774,8083,8087
I1637B774,8131,8135
I1637B774,8155,8157
I1637B774,8165,8173
I1637B774,8183,8185
I1637B774,8196,8201
I1637B774,8210,8223
I1637B774,8332,8339
I1637B774,8421,8425
I1637B774,8634,8642
I1637B774,8653,8657
I1637B774,8668,8677
I1637B774,8712,8718
I1637B774,8771,8776
I1637B774,9186,9188
I1637B774,9252,9259
I1637B774,9272,9275
I1637B774,9297,9310
I1637B774,9459,9469
I1637B774,9519,9527
I1637B774,9566,9575
I1637B774,9746,9751
I1637B774,9754,9762
I1637B774,9768,9771
I1637B774,9780,9783
I1637B774,9789,9796
I1637B774,9819,9830
I1637B774,9849,9852
I1637B774,10313,10343
I1637B774,10393,10410
I1637B774,10485,10491
I1637B774,10782,10804
I1637B774,10847,10855
I1637B774,10929,10933
I1637B774,10944,10948
I1637B774,10960,10966
I1637B774,10976,10983
I1637B774,11090,11122
I1637B774,11281,11286
I1637B774,11302,11305
I1637B774,11347,11353
I1637B774,11357,11361
I1637B774,11420,11429
I1637B774,11432,11449
I1637B774,11456,11476
I1637B774,11479,11486
I1637B774,11523,11526
I1637B774,11541,11548
I1637B774,11563,11571
I1637B774,11597,11601
I1637B774,11614,11619
I1637B774,11622,11626
I1637B774,12366,12371
I1637B774,12385,12405
I1637B774,12599,12621
I1637B774,12638,12644
I1637B774,12658,12663
I1637B774,12672,12675
I1637B774,12679,12684
I1637B774,12699,12707
I1637B774,12709,12714
I1637B774,12832,12846
I1637B774,12886,12913
I1637B774,12926,12943
I1637B774,12947,12951
I1637B774,13012,13022
I1637B774,13025,13029
I1637B774,13036,13044
I1637B774,13082,13089
I1637B774,13829,13836
I1637B774,13842,13850
I1637B774,13853,13866
I1637B774,13901,13907
I1637B774,13937,13951
I1637B774,13962,13973
I1637B774,13975,13979
I1637B774,14019,14028
I1637B774,14056,14061
I1637B774,14075,14081
I1637B774,14100,14108
I1637B774,14117,14122
I1637B774,14172,14175
I1637B774,14201,14203
I1637B774,14211,14219
I1637B774,14229,14235
I1637B774,14255,14257
I1637B774,14280,14282
I1637B774,14383,14393
I1637B774,14409,14415
I1637B774,14427,14439
I1637B774,14488,14494
I1637B774,14540,14548
I1637B774,14578,14594
I1637B774,14789,14796
I1637B774,14804,14823
I1637B774,14883,14888
I1637B774,14900,14902
I1637B774,14918,14923
I1637B774,14929,14944
I1637B774,14950,14956
I1637B774,14965,15004
I1637B774,15012,15014
I1637B774,15034,15047
I1637B774,15065,15069
I1637B774,15072,15077
I1637B774,15095,15103
I1637B774,15122,15132
I1637B774,15140,15151
I1637B774,15166,15170
I1637B774,15184,15203
I1637B774,15234,15243
I1637B774,15257,15262
I1637B774,15281,15289
I1637B774,15297,15301
I1637B774,15315,15319
I1637B774,15326,15340
I1637B774,15354,15357
I1637B774,15360,15364
I1637B774,15408,15412
I1637B774,15588,15614
I1637B774,15618,15624
I1637B774,15637,15641
I1637B774,15643,15647
I1637B774,15656,15661
I1637B774,15684,15688
I1637B774,15701,15725
I1637B774,15778,15805
I1637B774,15820,15828
I1637B774,15833,15843
I1637B774,15847,15853
I1637B774,15855,15860
I1637B774,15873,15897
I1637B774,15905,15913
I1637B774,15931,15940
I1637B774,15964,15969
I1637B774,16003,16011
I1637B774,16033,16038
I1637B774,16063,16080
I1637B774,16088,16099
I1637B774,16135,16139
I1637B774,16141,16145
I1637B774,16184,16190
I1637B774,16199,16203
I1637B774,16223,16229
I1637B774,16241,16245
I1637B774,16259,16276
I1637B774,16289,16293
I1637B774,16322,16327
I1637B774,16357,16360
I1637B774,16363,16367
I1637B774,16406,16412
I1637B774,16432,16436
I1637B774,16463,16470
I1637B774,16726,16731
I1637B774,16734,16739
I1637B774,16763,16770
I1637B774,16808,16815
I1637B774,16901,16925
I1637B774,17000,17029
I1637B774,17103,17121
I1637B774,17138,17144
I1637B774,17184,17199
I1637B774,17226,17240
I1637B774,17258,17262
I1637B774,17272,17276
I1637B774,17280,17284
I1637B774,17293,17310
I1637B774,17337,17343
I1637B774,17373,17378
I1637B774,17389,17396
I1637B774,17426,17434
I1637B774,17734,17744
I1637B774,17748,17751
I1637B774,17774,17787
I1637B774,17792,17803
I1637B774,17816,17863
I1637B774,17871,17874
I1637B774,17900,17905
I1637B774,17985,18000
I1637B774,18070,18077
I1637B774,18157,18166
I1637B774,18180,18185
I1637B774,18211,18242
I1637B774,18258,18271
I1637B774,18310,18319
I1637B774,18359,18366
I1637B774,18578,18583
I1637B774,18586,18593
I1637B774,18636,18645
I1637B774,18649,18655
I1637B774,18857,18868
I1637B774,18984,18988
I1637B774,19000,19007
I1637B774,19015,19026
I1637B774,19062,19068
I1637B774,19125,19135
I1637B774,19138,19146
I1637B774,19155,19171
I1637B774,19264,19286
I1637B774,19316,19327
I1637B774,19330,19336
I1637B774,19349,19363
I1637B774,19391,19406
I1637B774,19440,19450
I1637B774,19460,19470
I1637B774,19487,19493
I1637B774,19503,19508
I1637B774,19528,19534
I1637B774,19547,19553
I1637B774,19558,19565
I1637B774,19583,19603
I1637B774,19611,19620
I1637B774,19639,19643
I1637B774,19666,19672
I1637B774,19682,19695
I1637B774,19717,19731
I1637B774,19757,19796
I1637B774,19800,19804
I1637B774,19813,19840
I1637B774,19854,19868
I1637B774,19889,19896
I1637B774,19905,19910
I1637B774,19957,19973
I1637B774,19976,19984
I1637B774,19997,20012
I1637B774,20025,20036
I1637B774,20101,20104
I1637B774,20171,20199
I1637B774,20205,20217
I1637B774,20230,20242
I1637B774,20264,20304
I1637B774,20323,20342
I1637B774,20353,20359
I1637B774,20436,20474
I1637B774,20494,20514
I1637B774,20543,20557
I1637B774,20585,20598
I1637B774,20606,20643
I1637B774,20646,20649
I1637B774,20675,20681
I1637B774,20689,20695
I1637B774,20711,20716
I1637B774,20720,20736
I1637B774,20739,20747
I1637B774,20758,20772
I1637B774,20804,20810
I1637B774,20813,20817
I1637B774,20894,20904
I1637B774,20928,20954
I1637B774,20963,20969
I1637B774,20975,20979
I1637B774,20988,20992
I1637B774,21009,21019
I1637B774,21033,21036
I1637B774,21042,21051
I1637B774,21054,21064
I1637B774,21101,21111
I1637B774,21183,21193
I1637B774,21213,21220
I1637B774,21224,21237
I1637B774,21316,21345
I1637B774,21375,21389
I1637B774,21415,21439
I1637B774,21444,21453
I1637B774,21471,21489
I1637B774,21514,21519
I1637B774,21533,21539
I1637B774,21594,21606
I1637B774,21610,21626
I1637B774,21629,21637
I1637B774,21664,21677
I1637B774,21679,21683
I1637B774,21687,21694
I1637B774,21731,21735
I1637B774,21829,21833
I1637B774,21835,21839
I1637B774,21878,21888
I1637B774,21906,21916
I1637B774,21937,21943
I1637B774,21945,21948
I1637B774,21977,21982
I1637B774,21992,21995
I1637B774,22013,22024
I1637B774,22044,22050
I1637B774,22052,22055
I1637B774,22092,22098
I1637B774,22103,22111
I1637B774,22125,22128
I1637B774,22134,22152
I1637B774,22164,22173
I1637B774,22183,22189
I1637B774,22286,22295
I1637B774,22309,22314
I1637B774,22370,22411
I1637B774,22440,22442
I1637B774,22464,22470
I1637B774,22503,22507
I1637B774,22516,22531
I1637B774,22633,22649
I1637B774,22667,22678
I1637B774,23217,23226
I1637B774,23230,23249
I1637B774,23302,23310
I1637B774,23366,23375
I1637B774,23389,23394
I1637B774,23405,23409
I1637B774,23480,23488
I1637B774,23494,23515
I1637B774,23557,23570
I1637B774,23584,23595
I1637B774,23631,23634
I1637B774,23643,23648
I1637B774,23702,23709
I1637B774,23713,23719
I1637B774,23763,23765
I1637B774,23768,23772
I1637B774,23954,23968
I1637B774,23976,23986
I1637B774,24152,24162
I1637B774,24192,24198
I1637B774,24217,24234
I1637B774,24241,24255
I1637B774,24273,24277
I1637B774,24312,24320
I1637B774,24328,24332
I1637B774,24344,24347
I1637B774,24367,24390
I1637B774,24411,24426
I1637B774,24483,24486
I1637B774,24493,24497
I1637B774,24537,24542
I1637B774,24564,24568
I1637B774,24872,24878
I1637B774,25053,25071
I1637B774,25097,25111
I1637B774,25141,25164
I1637B774,25184,25187
I1637B774,25210,25218
I1637B774,25228,25238
I1637B774,25250,25261
I1637B774,25331,25339
I1637B774,25343,25378
I1637B774,25406,25411
I1637B774,25422,25432
I1637B774,25545,25551
I1637B774,25563,25579
I1637B774,25593,25616
I1637B774,25631,25641
I1637B774,25644,25650
I1637B774,25657,25664
I1637B774,25668,25672
I1637B774,25741,25770
I1637B774,25844,25860
I1637B774,25868,25909
I1637B774,25915,25925
I1637B774,25927,25982
I1637B774,26016,26045
I1637B774,26049,26062
I1637B774,26159,26316
I1637B774,26331,26335
I19A08A51,836,896
I19A08A51,1067,1089
I19A08A51,1137,1183
I19A08A51,2654,2902
I19A08A51,3523,3749
I19A08A51,4754,5002
I19A08A51,5850,6094
I19A08A51,6579,6815
I19A08A51,7340,7590
I19A08A51,8095,8358
I19A08A51,8872,9113
I19A08A51,9636,9903
I19A08A51,10464,10725
I19A08A51,13198,13460
I19A08A51,14064,14235
I19A08A51,14325,14347
I19A08A51,14548,14574
I19A08A51,14624,14668
I2133CA39,9536,9662
I2133CA39,9673,9785
I2133CA39,14982,17266
I2133CA39,19927,20075
I2133CA39,20470,20654
I2133CA39,20666,20722
I2133CA39,20898,21129
I2133CA39,22227,22568
I2133CA39,24480,24594
I2133CA39,25039,25162
I2133CA39,25262,25317
I2133CA39,25708,25768
I2133CA39,25917,26032
I2133CA39,26559,26715
I2133CA39,27223,27372
I2133CA39,28193,28337
I2133CA39,28780,28839
I2133CA39,29060,29168
I2133CA39,29310,29457
I2133CA39,29797,29911
I2133CA39,30130,30252
I2133CA39,30793,30884
I2133CA39,31753,31849
I2133CA39,31974,32092
I2133CA39,33127,33253
I2133CA39,34523,34889
I2133CA39,36066,36121
I2133CA39,36379,36464
I2133CA39,36837,37343
I2133CA39,37917,38042
I2133CA39,38245,38305
I2133CA39,38683,38773
I2133CA39,39349,39405
I2133CA39,48145,48273
I2133CA39,48284,48383
I2133CA39,52046,52194
I2133CA39,52473,52553
I2133CA39,54480,54596
I2133CA39,54877,55112
I2133CA39,55317,55370
I2133CA39,56548,56602
I2133CA39,62824,63065
I2133CA39,64599,64656
I2133CA39,65224,65333
I2133CA39,65519,65629
I2133CA39,66042,66384
I2133CA39,67009,67119
I2133CA39,67793,68052
I2133CA39,68378,68489
I2133CA39,68867,69095
I2133CA39,69432,69873
I2133CA39,70128,70237
I2133CA39,73886,73946
I2133CA39,74192,74310
I2133CA39,76435,76550
I2133CA39,80219,80345
I2133CA39,81325,81444
I2133CA39,81470,81524
I2133CA39,81606,81668
I2133CA39,81861,81953
I2133CA39,82160,82236
I2133CA39,82320,82508
I2133CA39,82661,82777
I2133CA39,83953,84010
I2133CA39,84363,84479
I2133CA39,85294,85519
I2133CA39,85620,85738
I2133CA39,93451,93604
I2133CA39,94635,94882
I2133CA39,95950,96065
I2133CA39,97105,97223
I2133CA39,102730,102849
I2133CA39,105364,105484
I2133CA39,105945,106059
I2133CA39,106431,106544
I2133CA39,106676,106807
I2133CA39,107767,107881
I2133CA39,108300,108429
I2133CA39,109173,109283
I2133CA39,110830,111053
I2133CA39,117283,117769
I2133CA39,123965,124091
I2133CA39,124363,124483
I2133CA39,126760,126888
I2133CA39,127581,127793
I2133CA39,131837,131947
I2133CA39,134200,134562
I2133CA39,143804,143924
I2133CA39,144268,144437
I2133CA39,145001,145125
I2133CA39,145534,145679
I2133CA39,145970,146267
I2133CA39,146593,146829
I2133CA39,149625,149742
I2133CA39,150073,150399
I2133CA39,150987,151100
I2133CA39,151640,151750
I2133CA39,162213,162334
I2133CA39,162967,163109
I2133CA39,164425,164542
I2133CA39,165232,165559
I2133CA39,167879,168066
I2133CA39,168233,168357
I2133CA39,170041,170136
I2133CA39,171509,171606
I2133CA39,174118,174226
I2133CA39,175408,175502
I2133CA39,180328,180446
I2133CA39,182223,182404
I2133CA39,183112,183238
I2133CA39,185382,185472
I2133CA39,185786,185899
I2133CA39,185951,186070
I2133CA39,190196,190425
I2133CA39,190845,191013
I2133CA39,191343,191455
I2133CA39,191617,191727
I2133CA39,192095,192291
I2133CA39,193746,193858
I2133CA39,194220,194457
I2133CA39,197622,197775
I2133CA39,205690,205973
I2133CA39,219819,219951
I2133CA39,220758,220873
I2133CA39,221028,221156
I2133CA39,224748,224857
I2133CA39,228343,228454
I2133CA39,230649,230764
I2133CA39,231398,231518
I2133CA39,233451,233620
I2133CA39,234540,234674
I2133CA39,234747,234870
I2133CA39,235170,235548
I2133CA39,235810,235925
I2133CA39,241311,241393
I2133CA39,242456,242631
I2133CA39,243005,243192
I2133CA39,245389,245514
I2133CA39,248303,248416
I2133CA39,248480,248852
I2133CA39,250492,250695
I2133CA39,251520,251636
I2133CA39,252450,252663
I2133CA39,253234,253371
I2133CA39,253453,253950
I2133CA39,254715,254793
I2133CA39,255599,255714
I2133CA39,257746,257850
I2133CA39,259871,259994
I2133CA39,260383,260497
I2133CA39,262283,262462
I2133CA39,263070,263183
I2133CA39,263991,264114
I2133CA39,265722,265992
I2133CA39,266912,267028
I2133CA39,267371,267546
I2133CA39,268740,268878
I2133CA39,269125,269307
I2133CA39,273512,273601
I2133CA39,275924,276097
I2133CA39,277774,277887
I2133CA39,277929,278154
I2133CA39,278220,278341
I2133CA39,278377,278492
I2133CA39,278573,278734
I2133CA39,278879,278996
I2133CA39,279376,279522
I2133CA39,280615,280862
I2133CA39,280921,281144
I2133CA39,281171,281257
I2133CA39,284222,284730
I2133CA39,284912,285057
I2133CA39,285186,285353
I2133CA39,288022,288149
I2133CA39,288183,288277
I2133CA39,288608,288694
I2133CA39,288796,288910
I2133CA39,289070,289186
I2133CA39,290429,290546
I2133CA39,290850,290967
I2133CA39,291047,291163
I2133CA39,291428,291546
I2133CA39,296730,297908
I2133CA39,298598,299624
I23323023,151,1745
I23323023,4192,4227
I23323023,4552,4724
I23323023,5271,5434
I23323023,5856,6007
I23323023,6196,6418
I23323023,6648,6694
I23323023,6978,7079
I23323023,7378,7486
I23323023,7731,7819
I23323023,7976,8145
I23323023,8869,9028
I23323023,9778,9918
I23323023,10541,10804
I23323023,11374,11587
I23323023,11672,11828
I23323023,12138,12228
I23323023,12816,12914
I23323023,13215,13296
I23323023,13916,14026
I23323023,14206,14278
I23323023,14673,14768
I23323023,14922,15045
I23323023,15497,15739
I23323023,16222,16355
I23323023,16648,16748
I23323023,16854,16900
I23323023,17100,17188
I23323023,17328,17439
I23323023,17541,17774
I23323023,18134,18316
I23323023,18679,18748
I23323023,19118,19470
I23323023,19562,19706
I23323023,20132,20213
I23323023,20400,20639
I23323023,20806,20939
I23323023,21227,21300
I23323023,21432,21521
I23323023,21808,22035
I23323023,22210,22328
I23323023,22391,22548
I23323023,22873,22915
I23323023,23178,23286
I23323023,23464,23564
I23323023,23939,24093
I23323023,24527,24561
I23323023,24900,24974
I23323023,25119,25293
I23323023,26340,26387
I23323023,26420,26511
I23323023,26666,26745
I23323023,27105,27143
I23323023,27391,27461
I23323023,27918,28009
I23323023,28301,28433
I23323023,28675,28742
I23323023,28971,29056
I23323023,29178,29367
I23323023,29786,29845
I23323023,30022,30231
I23323023,31111,31161
I23323023,31444,31547
I23323023,31731,31788
I23323023,32371,32492
I23323023,32702,32883
I23323023,33059,33327
I23323023,33966,34071
I23323023,34349,34432
I23323023,34547,34618
I23323023,34787,34846
I23323023,34891,34985
I23323023,35283,35375
I23323023,35389,35446
I23323023,35573,35652
I23323023,36293,36405
I23323023,36822,36956
I23323023,37367,37451
I23323023,38490,38608
I23323023,38753,38832
I23323023,38886,38999
I23323023,39328,39461
I23323023,39971,40114
I23323023,40359,40457
I23323023,40708,40782
I23323023,40944,41019
I23323023,41386,41481
I23323023,41676,41776
I23323023,41842,41942
I23323023,42009,42128
I23323023,42251,42328
I23323023,42436,42591
I23323023,42801,42867
I23323023,43015,43113
I23323023,43197,43391
I23323023,43494,43553
I23323023,43945,44023
I23323023,44737,44909
I23323023,44992,45103
I23323023,45577,45668
I23323023,45796,45933
I23323023,46135,46207
I23323023,46305,46388
I23323023,46783,46872
I23323023,46970,47041
I23323023,47186,47256
I23323023,47621,47754
I23323023,47844,47885
I23323023,47956,48114
I23323023,48576,48679
I23323023,48869,48991
I23323023,49125,49235
I23323023,49487,49649
I23323023,49971,50072
I23323023,50196,50325
I23323023,50902,50995
I23323023,51350,51445
I23323023,51869,52031
I23323023,52140,52322
I23323023,52767,52889
I23323023,52997,53175
I23323023,53307,53548
I23323023,53949,54076
I23323023,54250,54592
I23323023,55423,55519
I23323023,55642,55739
I23323023,56186,56360
I23323023,56711,56746
I23323023,57144,57213
I23323023,57391,57487
I23323023,57988,58109
I23323023,58371,58453
I23323023,58574,58671
I23323023,58774,58897
I23323023,59000,59183
I23323023,59423,59675
I23323023,60481,60585
I23323023,60754,60834
I23323023,60974,61203
I23323023,61723,61802
I23323023,61853,61987
I23323023,62121,62219
I23323023,62589,62644
I23323023,62805,62891
I23323023,63029,63165
I23323023,63277,63333
I23323023,63419,63496
I23323023,63684,63733
I23323023,63948,64094
I23323023,64273,64407
I23323023,64782,64914
I23323023,65095,65263
I23323023,65421,65499
I23323023,65567,65654
I23323023,65977,66090
I23323023,66178,66353
I23323023,67350,67435
I23323023,67672,67790
I23323023,68030,68102
I23323023,68447,68548
I23323023,69264,69382
I23323023,69522,69689
I23323023,69770,69873
I23323023,69971,70070
I23323023,70255,70376
I23323023,70683,70866
I23323023,71175,71315
I23323023,71422,71555
I23323023,72061,72321
I23323023,72799,72891
I23323023,73047,73191
I23323023,73549,73832
I23323023,74365,74630
I23323023,74940,75072
I23323023,75663,75827
I23323023,76087,76183
I23323023,76577,76689
I23323023,76966,77094
I23323023,77428,77543
I23323023,77944,78074
I23323023,78626,78716
I23323023,78824,79000
I23323023,79127,79192
I23323023,79440,79618
I23323023,80183,80226
I23323023,80385,80450
I23323023,80506,80588
I23323023,80670,80791
I23323023,80916,80955
I23323023,81693,81840
I23323023,81905,82052
I23323023,82750,82980
I23323023,83330,83433
I23323023,83645,83775
I23323023,84842,84968
I25463E37,526,546
I25463E37,1421,1440
I25463E37,1635,1656
I25463E37,1999,2023
I25463E37,17575,17645
I25463E37,18394,18578
I25463E37,20613,20730
I25463E37,20926,21039
I25463E37,30719,30985
I25463E37,31752,31788
I25463E37,31936,32162
I25463E37,32465,32860
I25463E37,33192,33291
I25463E37,34165,34299
I25463E37,34831,35198
I25463E37,35553,35629
I25463E37,38545,38860
I25463E37,39621,39737
I25463E37,41938,41997
I25463E37,42143,42309
I25463E37,42520,42547
I25463E37,42613,42646
I25463E37,44148,44321
I25463E37,49737,49771
I25463E37,50143,50150
I25463E37,50492,50519
I25463E37,59333,59382
I25463E37,59693,59730
I25463E37,60392,60423
I25463E37,61688,61713
I25463E37,63681,63717
I25463E37,66004,66031
I25463E37,66890,66924
I25463E37,67406,67444
I25463E37,67494,67533
I25463E37,69398,69438
I25463E37,70459,70494
I25463E37,70561,70595
I25463E37,72211,72239
I25463E37,72303,72352
I25463E37,72893,72921
I25463E37,73791,73832
I25463E37,73891,73926
I25463E37,75786,75970
I25463E37,80628,80659
I25463E37,81106,81162
I25463E37,82658,82701
I25463E37,86921,86951
I25463E37,99928,99980
I25463E37,109060,109086
I25463E37,114451,114589
I25463E37,114848,114875
I25463E37,121743,121769
I25463E37,122227,122319
I25463E37,122797,122907
I25463E37,127066,127106
I25463E37,128133,128182
I25463E37,128612,128835
I25463E37,130418,130472
I25463E37,143844,143940
I27E347E9,16594,16757
I27E347E9,22066,22185
I27E347E9,23361,23448
I27E347E9,48025,48138
I27E347E9,68822,69053
I27E347E9,100643,100751
I27E347E9,105745,105838
I27E347E9,107325,107557
I27E347E9,295602,295715
I27E347E9,305242,305804
I27E347E9,317879,317991
I27E347E9,320753,320868
I27E347E9,334976,335222
I27E347E9,361099,361913
I27E347E9,373209,373320
I2D96E5C8,12068,12121
I2D96E5C8,73605,74015
I2D96E5C8,143375,143496
I2D96E5C8,143507,143633
I2D96E5C8,143672,143787
I2D96E5C8,143847,143964
I2D96E5C8,144231,144348
I2D96E5C8,144391,144505
I2D96E5C8,145009,145123
I2D96E5C8,145456,145620
I2D96E5C8,147815,148204
I2D96E5C8,148242,148522
I2D96E5C8,148548,148663
I2D96E5C8,446058,446408
I2D96E5C8,511052,511184
I2EAAF38A,18342,18413
I2EAAF38A,19188,19243
I2EAAF38A,19812,19896
I2EAAF38A,23673,23761
I2EAAF38A,26767,26884
I2EAAF38A,29317,29439
I2EAAF38A,29972,30098
I2EAAF38A,33462,33568
I2EAAF38A,35270,35393
I2EAAF38A,36082,36318
I2EAAF38A,36372,36515
I2EAAF38A,38572,38817
I2EAAF38A,41052,41110
I2EAAF38A,41574,41687
I2EAAF38A,42360,42528
I2EAAF38A,43287,43404
I2EAAF38A,45272,45346
I2EAAF38A,45663,45698
I2EAAF38A,45884,45923
I2EAAF38A,46405,46555
I2EAAF38A,48887,49000
I2EAAF38A,54468,54583
I2EAAF38A,55408,55520
I2EAAF38A,56552,56651
I2EAAF38A,57682,57807
I2EAAF38A,58609,58723
I2EAAF38A,61175,61294
I2EAAF38A,62590,62756
I2EAAF38A,66714,66871
I2EAAF38A,68199,68254
I2EAAF38A,68450,68575
I2EAAF38A,71688,71809
I2EAAF38A,77572,77691
I2EAAF38A,78368,78484
I2EAAF38A,79063,79127
I2EAAF38A,79730,79910
I2EAAF38A,83689,83801
I2EAAF38A,84476,84585
I2EAAF38A,85023,85142
I2EAAF38A,85522,85646
I2EAAF38A,86772,86881
I2EAAF38A,87743,87863
I2EAAF38A,94793,94842
I2EAAF38A,95243,95306
I2EAAF38A,95816,95931
I2EAAF38A,97326,97434
I2EAAF38A,97694,97809
I2EAAF38A,98903,99014
I2EAAF38A,101920,102015
I2EAAF38A,103108,103223
I2EAAF38A,104052,104203
I2EAAF38A,105368,105535
I2EAAF38A,106507,106624
I2EAAF38A,107823,107945
I2EAAF38A,109730,109983
I2EAAF38A,113422,113612
I2EAAF38A,121561,121626
I2EAAF38A,122690,122808
I2EAAF38A,125651,125778
I2EAAF38A,127251,127375
I2EAAF38A,129770,129852
I2EAAF38A,130916,131089
I319DAFF7,610,662
I319DAFF7,686,964
I319DAFF7,1115,1269
I319DAFF7,1577,1734
I319DAFF7,2062,2219
I319DAFF7,2543,2702
I319DAFF7,2813,2971
I319DAFF7,3299,3462
I319DAFF7,3566,3722
I319DAFF7,4053,4211
I319DAFF7,4532,4689
I319DAFF7,4803,4952
I319DAFF7,5273,5427
I319DAFF7,5542,5700
I319DAFF7,5954,6003
I319DAFF7,6164,6190
I319DAFF7,6240,6277
I36A7A668,4244,4289
I36A7A668,4311,4359
I36A7A668,7055,7206
I36A7A668,9102,9222
I36A7A668,12129,12247
I36A7A668,12972,13120
I36A7A668,15895,16010
I36A7A668,16691,16834
I36A7A668,17006,17157
I36A7A668,19122,19260
I36A7A668,19440,19552
I36A7A668,19598,19711
I36A7A668,20942,21061
I36A7A668,21370,21512
I36A7A668,24899,24984
I36A7A668,28389,28520
I36A7A668,29477,29548
I36A7A668,31147,31258
I36A7A668,46403,46708
I36A7A668,57001,57140
I36A7A668,115013,115157
I36A7A668,116853,116980
I36A7A668,116991,117109
I36A7A668,128807,128954
I36A7A668,129030,129220
I36A7A668,130787,130938
I36A7A668,131944,132246
I36A7A668,138546,138574
I36A7A668,138949,138972
I36A7A668,139484,139511
I36A7A668,140104,140135
I36A7A668,140309,140335
I36A7A668,140731,140757
I36A7A668,153922,153956
I36A7A668,170235,170295
I36A7A668,173384,173503
I36A7A668,178361,178421
I36A7A668,179631,179689
I36A7A668,185134,185292
I36A7A668,185319,185414
I36A7A668,198544,198670
I36A7A668,199911,199984
I36A7A668,208334,208449
I36A7A668,210171,210282
I36A7A668,210293,210405
I36A7A668,221735,221798
I36A7A668,233970,234128
I36A7A668,237175,237229
I36A7A668,240609,241072
I36A7A668,261007,261170
I36A7A668,302174,302299
I36A7A668,303026,303169
I36A7A668,303307,303416
I36A7A668,305243,305406
I36A7A668,305529,305648
I36A7A668,305830,305970
I36A7A668,306628,306733
I36A7A668,306910,307028
I36A7A668,308582,308701
I36A7A668,309038,309150
I36A7A668,309385,309499
I36A7A668,310930,311042
I36A7A668,311841,311955
I36A7A668,311971,312100
I36A7A668,312198,312322
I36A7A668,312479,312626
I36A7A668,319698,319805
I36A7A668,321722,321849
I36A7A668,321887,322092
I36A7A668,324000,324151
I36A7A668,327824,327990
I36A7A668,329005,329127
I36A7A668,329140,329256
I36A7A668,329542,329658
I36A7A668,329671,329773
I36A7A668,333919,334194
I36A7A668,335020,335144
I36A7A668,336301,336413
I36A7A668,336713,336829
I36A7A668,352909,353032
I36A7A668,354326,354457
I36A7A668,355297,355419
I36A7A668,356080,356204
I3F4A91F5,7891,7917
I3F4A91F5,7938,7991
I3F4A91F5,81802,81842
I3F4A91F5,82386,82468
I3F4A91F5,82999,83113
I3F4A91F5,83424,83640
I3F4A91F5,84088,84407
I3F4A91F5,85166,85530
I3F4A91F5,86348,86473
I3F4A91F5,90785,90860
I3F4A91F5,92871,92995
I3F4A91F5,94661,94789
I3F4A91F5,97961,98077
I3F4A91F5,101683,101797
I3F4A91F5,103065,103102
I3F4A91F5,104715,104753
I3F4A91F5,105936,105975
I3F4A91F5,109098,109177
I3F4A91F5,112784,112897
I3F4A91F5,114090,114130
I3F4A91F5,114919,115024
I3F4A91F5,116530,116680
I3F4A91F5,118743,118780
I3F4A91F5,120202,120236
I3F4A91F5,121541,121625
I3F4A91F5,124028,124069
I3F4A91F5,124800,124883
I3F4A91F5,125935,126117
I3F4A91F5,127459,127562
I3F4A91F5,127773,127857
I3F4A91F5,128399,128436
I3F4A91F5,129517,129589
I3F4A91F5,131082,131158
I3F4A91F5,131816,132139
I3F4A91F5,133014,133050
I3F4A91F5,135319,135538
I3F4A91F5,141045,141087
I3F4A91F5,142033,142067
I3F4A91F5,144425,144504
I3F4A91F5,151466,151500
I3F4A91F5,154298,154335
I3F4A91F5,156430,156465
I3F4A91F5,158156,158196
I3F4A91F5,158894,158973
I3F4A91F5,167563,167605
I3F4A91F5,167823,167893
I3F4A91F5,168360,168438
I3F4A91F5,169053,169099
I3F4A91F5,169578,169670
I3F4A91F5,170365,170482
I3F4A91F5,172271,172304
I3F4A91F5,172926,173013
I3F4A91F5,175880,175952
I3F4A91F5,177711,177749
I3F4A91F5,178724,178802
I3F4A91F5,180151,180236
I3F4A91F5,288915,289003
I3F4A91F5,324428,324487
I40E5024E,75526,75675
I40E5024E,82140,82282
I40E5024E,82952,83100
I40E5024E,83939,84095
I40E5024E,85744,85897
I40E5024E,86658,86807
I40E5024E,88872,89024
I40E5024E,92886,93151
I40E5024E,100637,100966
I40E5024E,103527,103680
I40E5024E,107769,108101
I40E5024E,108858,109149
I40E5024E,112094,112241
I40E5024E,112795,113091
I40E5024E,143865,144040
I40E5024E,144637,144798
I40E5024E,146158,146302
I40E5024E,146714,146870
I40E5024E,147719,147872
I40E5024E,148811,148972
I40E5024E,151840,152006
I40E5024E,156598,156753
I40E5024E,158939,159093
I40E5024E,160083,160238
I40E5024E,161275,161421
I40E5024E,162420,162559
I40E5024E,163649,163801
I40E5024E,164534,164688
I40E5024E,165437,165593
I40E5024E,167321,167469
I40E5024E,171361,171507
I40E5024E,172825,172982
I40E5024E,177189,177339
I40E5024E,180023,180184
I40E5024E,180845,180993
I40E5024E,181542,181645
I40E5024E,182103,182259
I40E5024E,182614,182768
I40E5024E,183661,183836
I40E5024E,184437,184591
I40E5024E,184982,185054
I454D2699,16406,16552
I454D2699,23735,23776
I454D2699,24527,24564
I454D2699,25056,25089
I454D2699,25830,25872
I454D2699,25950,25992
I454D2699,26367,26401
I454D2699,28272,28309
I454D2699,28609,28646
I454D2699,32388,32481
I454D2699,32795,32842
I454D2699,32879,33167
I454D2699,36290,36502
I454D2699,43752,44296
I454D2699,45662,46088
I454D2699,46417,46473
I454D2699,46494,46545
I454D2699,46568,46620
I454D2699,46640,46706
I454D2699,47104,47140
I454D2699,49274,49418
I454D2699,49570,50077
I454D2699,50127,50277
I454D2699,51455,51645
I454D2699,53428,53801
I454D2699,53826,53938
I454D2699,54535,54826
I454D2699,55722,56188
I454D2699,56294,57404
I454D2699,58969,59293
I454D2699,59430,59471
I454D2699,59562,59899
I454D2699,59928,60142
I454D2699,60349,60402
I454D2699,62127,64982
I454D2699,65120,66060
I454D2699,70864,71728
I454D2699,74836,75179
I454D2699,76773,77250
I454D2699,77923,78143
I4B1806B4,4728,4791
I4B1806B4,8989,9057
I4B1806B4,19713,19855
I4B1806B4,28346,28440
I4B1806B4,32335,32454
I4B1806B4,33018,33218
I4B1806B4,41276,41358
I4B1806B4,45523,45704
I4B1806B4,49681,49866
I4B1806B4,54458,54566
I4B1806B4,56783,56953
I4B1806B4,65052,65276
I4B1806B4,71002,71143
I4B1806B4,71301,71425
I4B1806B4,72441,72967
I4B1806B4,82466,82651
I4B1806B4,86358,86437
I4B1806B4,88246,88411
I4B1806B4,91751,91883
I4B1806B4,93157,93290
I4B1806B4,94113,94214
I4B1806B4,96819,96950
I4B1806B4,99980,100159
I4B1806B4,101241,101602
I4B1806B4,103702,104004
I4B1806B4,106047,106275
I4B1806B4,120761,121000
I4B1806B4,124057,124331
I4B1806B4,129648,129897
I4B1806B4,132948,133364
I4B1806B4,137730,137924
I4B1806B4,138723,139025
I4B1806B4,140365,140645
I4B1806B4,141213,141385
I4B1806B4,142664,142775
I4B1806B4,142990,143244
I4B1806B4,145606,145947
I4B1806B4,147550,147730
I4B1806B4,148354,148598
I4B1806B4,150261,150544
I4B1806B4,151601,151823
I4B1806B4,152865,153432
I4B1806B4,155790,155976
I4B1806B4,158522,159021
I4B1806B4,160088,160122
I4B1806B4,165141,165353
I4B1806B4,168804,169072
I4B1806B4,172315,172575
I4B1806B4,173455,173636
I4B1806B4,173893,174038
I4B1806B4,175031,175226
I4B1806B4,176182,176368
I4B1806B4,176995,177158
I4B1806B4,177923,178066
I4B1806B4,180276,180766
I4B1806B4,182666,183091
I4B1806B4,184317,184799
I4B1806B4,187010,187631
I4B1806B4,189301,189783
I4B1806B4,191165,191682
I4B1806B4,193412,193752
I4B1806B4,194806,194938
I4B1806B4,195455,195580
I4B1806B4,196004,196188
I4B1806B4,196846,197071
I4B1806B4,197647,197739
I4B1806B4,197996,198244
I4B1806B4,198688,199161
I4B1806B4,200966,201316
I4CAE7B8B,7162,7214
I4CAE7B8B,10050,10155
I4CAE7B8B,10823,10868
I4CAE7B8B,11296,11439
I4CAE7B8B,12229,12376
I4CAE7B8B,12868,13020
I4CAE7B8B,13569,13723
I4CAE7B8B,14125,14407
I4CAE7B8B,15551,15690
I4CAE7B8B,16844,16990
I4CAE7B8B,17431,17582
I4CAE7B8B,18050,18202
I4CAE7B8B,18770,18916
I4CAE7B8B,19387,19531
I4CAE7B8B,21264,21343
I4CAE7B8B,21749,21823
I4CAE7B8B,22426,22575
I4CAE7B8B,23058,23209
I4CAE7B8B,24198,24272
I4CAE7B8B,24624,24691
I4CAE7B8B,25291,25448
I4CAE7B8B,25950,26095
I4CAE7B8B,26446,26480
I4CAE7B8B,26902,26938
I4CAE7B8B,27321,27389
I4CAE7B8B,27795,27941
I4CAE7B8B,28633,28774
I4CAE7B8B,29279,29433
I4CAE7B8B,30294,30443
I4CAE7B8B,30859,30999
I4CAE7B8B,31517,31665
I4CAE7B8B,32255,32404
I4CAE7B8B,32894,33034
I4CAE7B8B,34044,34356
I4CAE7B8B,35278,35430
I4CAE7B8B,36053,36199
I4CAE7B8B,36827,36972
I4CAE7B8B,37582,37653
I4CAE7B8B,37924,37998
I4CAE7B8B,38418,38567
I4CAE7B8B,39044,39190
I4CAE7B8B,39758,40076
I4CAE7B8B,41155,41328
I4CAE7B8B,42241,42553
I4CAE7B8B,43692,43847
I4CAE7B8B,44252,44682
I4CAE7B8B,46388,46527
I4CAE7B8B,47067,47204
I4CAE7B8B,47894,48193
I4CAE7B8B,49109,49856
I4CAE7B8B,52614,52757
I4CAE7B8B,53537,53680
I4CAE7B8B,54200,54350
I4CAE7B8B,54918,55208
I4CAE7B8B,56323,56469
I4CAE7B8B,56990,57139
I4CAE7B8B,57771,58065
I4CAE7B8B,58911,59061
I4CAE7B8B,59648,59702
I4CAE7B8B,61052,61286
I4CAE7B8B,62430,62548
I4CAE7B8B,62826,62940
I4CAE7B8B,63424,63536
I4CAE7B8B,63970,63998
I4CAE7B8B,64058,64084
I4CAE7B8B,64214,64241
I4CAE7B8B,64293,64321
I4CAE7B8B,64498,64805
I4CAE7B8B,65585,65898
I4CAE7B8B,67278,67399
I4CAE7B8B,68069,68198
I4CAE7B8B,69448,69565
I4CAE7B8B,70167,70285
I4CAE7B8B,71617,71731
I4CAE7B8B,72447,72572
I4CAE7B8B,73112,73247
I4CAE7B8B,73713,73822
I4CAE7B8B,74280,74420
I4CAE7B8B,74883,75008
I4CAE7B8B,75911,76031
I4CAE7B8B,77065,77194
I4CAE7B8B,77950,78070
I4CAE7B8B,82088,82437
I4CAE7B8B,83947,86268
I4CAE7B8B,90248,91318
I4CAE7B8B,93398,95179
I4CAE7B8B,98868,99710
I4CAE7B8B,104172,104359
I4CAE7B8B,105128,105842
I4CAE7B8B,107490,107613
I4CAE7B8B,108243,108364
I4CAE7B8B,111103,111125
I4CAE7B8B,111532,113054
I4CAE7B8B,133249,133410
I4CAE7B8B,134280,134429
I4CAE7B8B,135059,135132
I4CAE7B8B,135779,135860
I4CAE7B8B,136164,136236
I4CAE7B8B,136481,136555
I4CAE7B8B,137139,137280
I4CAE7B8B,137999,138163
I4CAE7B8B,139308,139454
I4CAE7B8B,140490,140651
I4CAE7B8B,142514,142674
I4CAE7B8B,144175,144326
I4CAE7B8B,146381,146697
I4CAE7B8B,149523,149673
I4CAE7B8B,150933,151236
I4CAE7B8B,152146,152296
I4CAE7B8B,152772,153097
I4CAE7B8B,154324,154479
I4CAE7B8B,156299,156613
I4CAE7B8B,159420,159574
I4CAE7B8B,160083,160215
I4CAE7B8B,163327,163501
I4CAE7B8B,163895,164053
I4CAE7B8B,165128,165274
I4CAE7B8B,165628,165784
I4CAE7B8B,166856,167010
I4CAE7B8B,168935,169096
I4CAE7B8B,170283,170452
I4CAE7B8B,171766,171920
I4CAE7B8B,172559,172713
I4CAE7B8B,173049,173202
I4CAE7B8B,175183,175329
I4CAE7B8B,176369,176508
I4CAE7B8B,177500,177652
I4CAE7B8B,178554,178707
I4CAE7B8B,179913,180071
I4CAE7B8B,181804,181951
I4CAE7B8B,183223,183369
I4CAE7B8B,184283,184440
I4CAE7B8B,185544,185694
I4CAE7B8B,187036,187196
I4CAE7B8B,188180,188328
I4CAE7B8B,189335,189493
I4CAE7B8B,190893,191047
I4CAE7B8B,192084,192260
I4CAE7B8B,196814,196969
I4CAE7B8B,219415,221092
I4CAE7B8B,232499,232994
I4CAE7B8B,235974,236302
I4CAE7B8B,238582,238757
I4CAE7B8B,239793,239834
I4CAE7B8B,240933,240988
I4CAE7B8B,241191,241736
I4CAE7B8B,243969,244736
I4FABF1F8,23632,23778
I4FABF1F8,24171,24370
I4FABF1F8,24932,25043
I4FABF1F8,50572,50609
I4FABF1F8,52178,52338
I4FABF1F8,84064,84222
I4FABF1F8,146067,146222
I4FABF1F8,161776,161919
I4FABF1F8,183804,183948
I4FABF1F8,196956,197111
I4FABF1F8,207039,207081
I4FD99A33,6269,6308
I4FD99A33,6329,6382
I4FD99A33,33279,33511
I4FD99A33,34240,34593
I4FD99A33,38438,38490
I4FD99A33,122304,122530
I4FD99A33,123719,123798
I4FD99A33,127683,127910
I4FD99A33,129185,129255
I4FD99A33,131193,131259
I4FD99A33,133353,133436
I4FD99A33,139817,139932
I4FD99A33,142904,143035
I4FD99A33,145266,145425
I4FD99A33,152373,152453
I4FD99A33,161371,161398
I4FD99A33,163742,163770
I4FD99A33,163998,164027
I4FD99A33,164434,164462
I4FD99A33,164641,164666
I4FD99A33,165134,165166
I4FD99A33,166700,166762
I4FD99A33,168002,168033
I4FD99A33,168621,168653
I4FD99A33,168677,168734
I4FD99A33,169104,169131
I4FD99A33,169370,169432
I4FD99A33,169759,169784
I4FD99A33,170563,170591
I4FD99A33,172370,172426
I4FD99A33,172999,173028
I4FD99A33,174791,174820
I4FD99A33,175557,175614
I4FD99A33,177108,177170
I4FD99A33,178839,178868
I4FD99A33,179176,179206
I4FD99A33,179496,179528
I4FD99A33,179819,179847
I4FD99A33,180303,180332
I4FD99A33,180976,181003
I4FD99A33,181276,181301
I4FD99A33,181480,181507
I4FD99A33,181757,181786
I4FD99A33,181887,181914
I4FD99A33,182184,182202
I4FD99A33,182352,182372
I4FD99A33,182634,182648
I4FD99A33,182860,182873
I4FD99A33,183106,183119
I4FD99A33,183255,183276
I4FD99A33,183426,183449
I4FD99A33,183697,183711
I4FD99A33,185061,185079
I4FD99A33,185304,185336
I4FD99A33,185628,185658
I4FD99A33,185796,185825
I4FD99A33,186274,186300
I4FD99A33,186808,186836
I4FD99A33,187238,187271
I4FD99A33,187536,187561
I4FD99A33,187827,187857
I4FD99A33,188221,188249
I4FD99A33,188486,188514
I4FD99A33,188610,188672
I4FD99A33,188890,188918
I4FD99A33,189279,189306
I4FD99A33,189619,189645
I4FD99A33,190176,190189
I4FD99A33,190855,190870
I4FD99A33,190986,191002
I4FD99A33,191091,191122
I4FD99A33,191485,191497
I4FD99A33,191781,191796
I4FD99A33,192124,192139
I4FD99A33,192221,192235
I4FD99A33,192660,192778
I4FD99A33,193346,193494
I4FD99A33,194238,194415
I4FD99A33,194426,194577
I4FDF07E7,860,931
I4FDF07E7,1023,1101
I4FDF07E7,1193,1271
I4FDF07E7,1362,1439
I4FDF07E7,1531,1609
I4FDF07E7,1700,1777
I4FDF07E7,1868,1945
I4FDF07E7,2036,2113
I4FDF07E7,2205,2283
I4FDF07E7,2375,2452
I4FDF07E7,2545,2623
I4FDF07E7,2715,2792
I4FDF07E7,2882,2957
I4FDF07E7,3048,3124
I4FDF07E7,3214,3289
I4FDF07E7,3380,3456
I4FDF07E7,3547,3623
I4FDF07E7,3714,3790
I4FDF07E7,3880,3955
I4FDF07E7,4046,4122
I4FDF07E7,4213,4289
I4FDF07E7,4381,4458
I4FDF07E7,4550,4627
I4FDF07E7,4718,4794
I4FDF07E7,4886,4963
I4FDF07E7,5055,5133
I4FDF07E7,5221,5298
I4FDF07E7,5385,5422
I4FDF07E7,5509,5546
I4FDF07E7,5634,5673
I4FDF07E7,5786,5818
I4FDF07E7,5898,5930
I4FDF07E7,6007,6036
I4FDF07E7,6122,6160
I4FDF07E7,6240,6272
I4FDF07E7,6349,6378
I4FDF07E7,6458,6490
I4FDF07E7,6645,8590
I4FDF07E7,8693,8842
I4FDF07E7,8949,9072
I4FDF07E7,9209,9475
I4FDF07E7,9543,9647
I4FDF07E7,9671,9678
I5134B437,230,3167
I5134B437,5866,5922
I5134B437,10061,10128
I5134B437,11032,11117
I5134B437,14155,14226
I5134B437,15993,16071
I5134B437,18984,19040
I5134B437,22682,22749
I5134B437,23865,23932
I5134B437,27827,27895
I5134B437,29207,29274
I5134B437,30685,30748
I5134B437,33499,33562
I5134B437,34844,34908
I5134B437,36930,36973
I5134B437,39753,39796
I5134B437,42923,42970
I5134B437,45529,45588
I5134B437,46699,46763
I5134B437,49163,49225
I5134B437,52049,52125
I5134B437,53738,53786
I5134B437,54856,54911
I5134B437,57629,57677
I5134B437,58751,58828
I5134B437,60367,60435
I5134B437,61112,61164
I5134B437,61836,61907
I5134B437,65920,66019
I5134B437,67397,67487
I5134B437,68643,68700
I5134B437,70883,70960
I5134B437,72801,72860
I5134B437,74285,74357
I5134B437,74853,74906
I5134B437,75510,75542
I5134B437,76646,76702
I5134B437,77223,77284
I5134B437,77843,77902
I5134B437,81753,81823
I5134B437,82578,82621
I5134B437,84077,84128
I5134B437,85030,85094
I5134B437,85727,85795
I5134B437,87389,87454
I5134B437,88308,88370
I5134B437,89477,89543
I5134B437,91585,91625
I5134B437,93629,93685
I5134B437,97363,97427
I5134B437,98609,98675
I5134B437,100271,100332
I5134B437,102243,102287
I5134B437,103455,103500
I5134B437,105387,105448
I5134B437,109118,109175
I5134B437,110018,110092
I5134B437,111039,111099
I5134B437,112287,112348
I5134B437,112984,113057
I5134B437,119652,119710
I5134B437,120579,120643
I5134B437,121042,121094
I5134B437,122623,122676
I5134B437,123214,123248
I5134B437,124051,124114
I5134B437,127166,127228
I5134B437,130157,130225
I5134B437,134957,135009
I5134B437,135769,135825
I5134B437,137604,137658
I5134B437,139207,139262
I5134B437,141522,141584
I5134B437,142896,142954
I5134B437,147576,147637
I5134B437,148937,148986
I5134B437,151141,151210
I5134B437,152130,152184
I5134B437,153841,153902
I5134B437,155967,156035
I5134B437,157170,157233
I5134B437,159792,159856
I5134B437,160958,161019
I5134B437,161755,161815
I5134B437,163207,163258
I5134B437,165423,165492
I5134B437,166460,166522
I5134B437,168384,168445
I5134B437,169146,169213
I5134B437,175560,175612
I5134B437,177172,177223
I5134B437,178904,178958
I5134B437,184506,184568
I5134B437,186595,186608
I5134B437,187038,187102
I5134B437,191272,191322
I5134B437,195020,195076
I5134B437,195602,195657
I5134B437,197321,197394
I5134B437,199890,199949
I5134B437,200488,200548
I5134B437,201886,201954
I5134B437,203383,203445
I5134B437,204733,204789
I5134B437,206296,206354
I5134B437,207257,207320
I5134B437,209122,209184
I5134B437,210673,210738
I5134B437,211564,211600
I5134B437,211605,211644
I5134B437,211649,211686
I5134B437,211735,211788
I5134B437,212604,212681
I5134B437,217986,218039
I5134B437,219882,219938
I5134B437,220821,220883
I5134B437,222986,223050
I5134B437,223810,223888
I5134B437,225402,225466
I5134B437,226511,226580
I5134B437,228851,228906
I5134B437,229966,230039
I5134B437,231709,231778
I5134B437,234500,234566
I5134B437,235190,235221
I5134B437,235255,235316
I5134B437,238076,238124
I5134B437,239908,239974
I5134B437,241006,241061
I5134B437,241857,241899
I5134B437,242851,242903
I5134B437,247741,247799
I5134B437,251111,251160
I5134B437,252929,252998
I5134B437,254762,254815
I5134B437,255536,255586
I5134B437,257195,257259
I5134B437,258044,258093
I5134B437,258596,258655
I5134B437,259596,259664
I5134B437,260819,260887
I5134B437,261698,261782
I5134B437,262356,262487
I5134B437,262957,263014
I5134B437,264778,264828
I5134B437,266003,266064
I5134B437,267374,267426
I5134B437,268029,268076
I5134B437,268860,268909
I5134B437,269428,269463
I5134B437,269994,270038
I5134B437,271378,271427
I5134B437,272497,272561
I5134B437,273672,273735
I5134B437,278574,278648
I5134B437,280112,280175
I5134B437,281368,281420
I5134B437,282192,282260
I5134B437,283270,283376
I5134B437,283648,283694
I5134B437,284345,284409
I5134B437,287634,287702
I5134B437,288414,288479
I5134B437,288949,289027
I5134B437,289681,289771
I5134B437,290300,290359
I5134B437,290728,290835
I5134B437,294258,294340
I5134B437,294794,294866
I5134B437,295434,295493
I5134B437,295887,295951
I5134B437,296591,296664
I5134B437,297057,297121
I5134B437,297543,297601
I5134B437,298458,298531
I5134B437,299490,299575
I5134B437,300191,300238
I5134B437,300650,300705
I5134B437,301293,301363
I5134B437,302361,302430
I5134B437,303312,303370
I5134B437,305081,305137
I5134B437,306571,306653
I5134B437,307580,307661
I5134B437,308922,308990
I5134B437,309498,309567
I5134B437,310213,310278
I5134B437,311307,311363
I5134B437,312084,312155
I5134B437,313107,313154
I5134B437,313825,313890
I5134B437,314592,314659
I5134B437,316116,316184
I5134B437,316707,316773
I5134B437,317681,317762
I5134B437,319111,319170
I5134B437,320068,320133
I5134B437,321362,321430
I5134B437,322414,322479
I5134B437,322759,322820
I5134B437,323731,323795
I5134B437,324403,324468
I5134B437,325660,325709
I5134B437,326409,326500
I5134B437,326850,326909
I5134B437,327380,327434
I5134B437,328005,328066
I575514A8,5166,5243
I575514A8,5663,5739
I575514A8,6723,6792
I575514A8,7645,7716
I575514A8,8130,8205
I575514A8,8900,8937
I575514A8,9803,9925
I575514A8,11458,11501
I575514A8,11934,11975
I575514A8,12452,12532
I575514A8,13659,13691
I575514A8,14001,14071
I575514A8,14862,14943
I575514A8,15371,15407
I575514A8,15797,16038
I575514A8,18601,18767
I575514A8,20367,20444
I575514A8,21033,21108
I575514A8,24163,24242
I575514A8,25014,25090
I575514A8,25811,25999
I575514A8,26724,27003
I575514A8,30132,30205
I575514A8,30831,30988
I575514A8,32647,32808
I575514A8,34837,34876
I575514A8,35439,35553
I575514A8,36581,36729
I575514A8,37399,37475
I575514A8,38448,38570
I575514A8,39049,39215
I575514A8,39842,39882
I575514A8,40108,40300
I587B7DED,1755,1900
I587B7DED,4096,4153
I587B7DED,4532,4670
I587B7DED,4906,4980
I587B7DED,5169,5276
I587B7DED,5309,5459
I587B7DED,6176,6398
I587B7DED,6590,6726
I587B7DED,6898,6961
I587B7DED,6988,7041
I587B7DED,7074,7129
I587B7DED,7160,7217
I587B7DED,7241,7362
I587B7DED,7382,7449
I587B7DED,8268,8323
I587B7DED,8350,8439
I587B7DED,8607,8705
I587B7DED,9035,9166
I587B7DED,9647,9774
I587B7DED,9819,9928
I587B7DED,10853,10973
I587B7DED,11194,11381
I587B7DED,11733,11854
I587B7DED,12104,12224
I587B7DED,12244,12329
I587B7DED,12603,12712
I587B7DED,12849,13033
I587B7DED,13069,13124
I587B7DED,13185,13300
I587B7DED,13939,14080
I587B7DED,14251,14366
I587B7DED,14496,14550
I587B7DED,14786,14893
I587B7DED,15125,15248
I587B7DED,15801,16024
I587B7DED,16216,16357
I587B7DED,16699,16810
I587B7DED,16848,16964
I587B7DED,16997,17068
I587B7DED,17946,18078
I587B7DED,18339,18403
I587B7DED,18415,18486
I587B7DED,18622,18802
I587B7DED,19332,19513
I587B7DED,19545,19656
I587B7DED,19667,19745
I617FDD1E,1145,1178
I617FDD1E,1465,1528
I617FDD1E,1588,1649
I617FDD1E,1709,1770
I617FDD1E,1825,1947
I617FDD1E,2268,2399
I617FDD1E,2453,2517
I617FDD1E,2580,2702
I617FDD1E,2728,2783
I617FDD1E,2924,2952
I6D11E414,18715,18898
I6D11E414,18900,19033
I6D11E414,19035,19152
I6D11E414,19154,19273
I6D11E414,19275,19394
I6D11E414,19396,19513
I6D11E414,19515,19630
I6D11E414,19632,19762
I6D11E414,19764,19880
I6D11E414,19882,24752
I6D11E414,25658,25841
I6D11E414,31471,31604
I6D11E414,34467,34584
I6D11E414,36910,37029
I6D11E414,41380,41499
I6D11E414,44496,44613
I6D11E414,49450,49565
I6D11E414,50574,50704
I6D11E414,52358,52474
I6D11E414,55195,55318
I6D11E414,56883,57008
I6D11E414,59387,59518
I6D11E414,61151,61274
I6D11E414,61974,62093
I6D11E414,63833,63946
I6D11E414,66006,66129
I6D11E414,67925,68048
I6D11E414,69932,70053
I6D11E414,73415,73533
I6D11E414,76856,76967
I6D11E414,78267,78395
I6D11E414,79059,79182
I6D11E414,80834,80961
I6D11E414,81745,81863
I6D11E414,82740,82852
I6D11E414,85313,85432
I6D11E414,86402,86520
I6D11E414,87156,87258
I6D11E414,87667,87778
I6D11E414,88234,88348
I6D11E414,88756,88871
I6D11E414,89233,89354
I6D11E414,89793,89909
I6D11E414,90992,91111
I6D11E414,92085,92196
I6D11E414,92646,92750
I6D11E414,93631,93758
I6D11E414,94874,94991
I6D11E414,96187,96300
I6D11E414,96959,97075
I6D11E414,97743,97857
I6D11E414,98366,98489
I6D11E414,99195,99308
I6D11E414,99902,100023
I6D11E414,100771,100887
I6D11E414,101782,101898
I6D11E414,102522,102648
I6D11E414,103710,103825
I6D11E414,104724,104840
I6D11E414,106296,106450
I6D11E414,149094,149138
I6D11E414,151552,151734
I6D11E414,153098,153230
I6D11E414,154373,154491
I6D11E414,155016,155254
I6D11E414,156753,156869
I6D11E414,157449,157563
I6D11E414,158172,158418
I6D11E414,160163,160281
I6D11E414,160857,161105
I6D11E414,162155,162390
I6D11E414,163680,164031
I6D11E414,165575,165778
I6D11E414,166325,166652
I6D11E414,168011,168190
I6D11E414,168933,169157
I6D11E414,169784,169899
I6D11E414,170282,171742
I6D11E414,174877,175561
I6D11E414,177192,177427
I6D11E414,178100,178326
I6D11E414,178889,179039
I6D11E414,200410,200501
I6D11E414,201336,201425
I6D11E414,203084,203216
I6D11E414,205071,205188
I6D11E414,206100,206218
I6D11E414,207963,208087
I6D11E414,209799,209915
I6D11E414,211567,211677
I6D11E414,212147,212261
I6D11E414,213555,213801
I6D11E414,219175,219294
I6D11E414,221769,222019
I6D11E414,222810,222935
I6D11E414,224296,224409
I6D11E414,224729,224838
I6D11E414,225666,225785
I6D11E414,226158,226277
I6D11E414,226896,227013
I6D11E414,227826,228175
I6D11E414,228632,228751
I6D11E414,231285,231407
I6D11E414,232470,232694
I6D11E414,237456,237571
I6D11E414,239025,239402
I6D11E414,241613,241669
I6D11E414,241804,241915
I6D11E414,242587,242705
I6D11E414,243086,243198
I6D11E414,243485,243600
I6D11E414,245004,245218
I6D11E414,246391,246522
I6D11E414,247285,247509
I6D11E414,248836,248948
I6D11E414,249313,249423
I6D11E414,249738,249857
I6D11E414,250722,250831
I6D11E414,251414,251531
I6D11E414,252153,252265
I6D11E414,253409,253645
I6D11E414,254420,254531
I6D11E414,255676,255733
I6D11E414,260199,260311
I6D11E414,263374,263523
I7D476A8B,4545,4696
I7D476A8B,6591,6711
I7D476A8B,9688,9806
I7D476A8B,10532,10680
I7D476A8B,14251,14394
I7D476A8B,17158,17271
I7D476A8B,18930,19072
I7D476A8B,22459,22544
I7D476A8B,27039,27111
I7D476A8B,44030,44335
I7D476A8B,125211,126597
I7D476A8B,126636,126783
I7D476A8B,126859,127049
I7D476A8B,127235,128026
I7D476A8B,128576,128727
I7D476A8B,129087,129609
I7D476A8B,129737,130039
I7D476A8B,136341,136369
I7D476A8B,136743,136766
I7D476A8B,137279,137306
I7D476A8B,137900,137931
I7D476A8B,138105,138131
I7D476A8B,138527,138553
I7D476A8B,151715,151749
I7D476A8B,168033,168093
I7D476A8B,171183,171303
I7D476A8B,176160,176220
I7D476A8B,196335,196461
I7D476A8B,197702,197775
I7D476A8B,206126,206241
I7D476A8B,219528,219591
I7D476A8B,238386,238850
I7D476A8B,239764,239827
I7D476A8B,252790,252912
I7D476A8B,253740,253833
I7D476A8B,253844,253924
I7D476A8B,254310,254421
I7D476A8B,254632,254692
I8698A1DF,316,355
I8698A1DF,8044,8108
I8698A1DF,8194,8262
I8698A1DF,8408,8427
I8698A1DF,8448,8566
I8698A1DF,8775,8911
I8698A1DF,9102,9178
I8698A1DF,9462,9490
I8698A1DF,9717,9879
I8698A1DF,10352,10385
I8698A1DF,11129,11158
I8698A1DF,11784,11807
I8698A1DF,11974,12001
I8698A1DF,13671,13694
I8698A1DF,14503,14530
I8698A1DF,14821,14851
I8698A1DF,15187,15213
I8698A1DF,16741,16818
I8698A1DF,17815,17963
I8698A1DF,19089,19119
I8698A1DF,19130,19191
I8698A1DF,20368,20396
I8698A1DF,20407,20543
I8698A1DF,21200,21231
I8698A1DF,21598,21620
I8698A1DF,21914,21935
I8698A1DF,21946,22025
I8698A1DF,22371,22391
I8698A1DF,22402,22512
I8698A1DF,22958,22985
I8698A1DF,22996,23062
I8698A1DF,23304,23387
I8698A1DF,23922,23951
I8698A1DF,23962,24010
I8698A1DF,24117,24169
I8698A1DF,24334,24565
I8698A1DF,25717,25755
I8698A1DF,25766,25907
I8698A1DF,26314,26437
I8698A1DF,27072,27099
I8698A1DF,27110,27266
I8698A1DF,28000,28027
I8698A1DF,28038,28249
I8698A1DF,28811,28838
I8698A1DF,28849,28973
I8698A1DF,29416,29535
I8698A1DF,30220,30247
I8698A1DF,30258,30479
I8698A1DF,31456,31485
I8698A1DF,33139,33166
I8698A1DF,34728,34805
I8698A1DF,34973,35061
I8698A1DF,35321,35349
I8698A1DF,35648,35677
I8698A1DF,36128,36155
I8698A1DF,36682,36710
I8698A1DF,36721,36804
I8698A1DF,37522,37552
I8698A1DF,37614,37647
I8698A1DF,38761,38786
I8698A1DF,38797,38868
I8698A1DF,39444,39566
I8698A1DF,40262,40291
I8698A1DF,40302,40451
I8698A1DF,40876,40901
I8698A1DF,40912,40964
I8698A1DF,41495,41522
I8698A1DF,41955,41988
I8698A1DF,44003,44028
I8698A1DF,44039,44075
I8698A1DF,44201,44281
I8698A1DF,44906,44935
I8698A1DF,45404,45443
I8698A1DF,46402,46430
I8698A1DF,46441,46643
I8698A1DF,47187,47456
I8698A1DF,48161,48187
I8698A1DF,48744,48771
I8698A1DF,48782,48951
I8698A1DF,49580,49610
I8698A1DF,49621,49849
I8698A1DF,50599,50623
I8698A1DF,50832,50860
I8698A1DF,50871,50984
I8698A1DF,51406,51434
I8698A1DF,51445,51611
I8698A1DF,53169,53200
I8698A1DF,53211,53364
I8698A1DF,53874,53896
I8698A1DF,53907,54070
I8698A1DF,54522,54548
I8698A1DF,54559,54675
I8698A1DF,57455,57483
I8698A1DF,57494,57678
I8698A1DF,58581,58636
I8698A1DF,58981,59086
I8698A1DF,59894,59923
I8698A1DF,59934,60132
I8698A1DF,60388,60513
I8698A1DF,60992,61022
I8698A1DF,61033,61332
I8698A1DF,61962,62003
I8698A1DF,62014,62133
I8698A1DF,62917,63078
I8698A1DF,63710,63837
I8698A1DF,64233,64266
I8698A1DF,65136,65276
I8698A1DF,68637,68656
I8698A1DF,68893,68921
I8698A1DF,69391,69424
I8698A1DF,69848,69877
I8698A1DF,70282,70305
I8698A1DF,70458,70485
I8698A1DF,70704,70727
I8698A1DF,71217,71276
I8698A1DF,71454,71481
I8698A1DF,72132,72162
I8698A1DF,73666,73694
I8698A1DF,74800,74831
I8698A1DF,75025,75047
I8698A1DF,75150,75171
I8698A1DF,76320,76340
I8698A1DF,77161,77188
I8698A1DF,77887,77916
I8698A1DF,78173,78211
I8698A1DF,78413,78440
I8698A1DF,78625,78652
I8698A1DF,79147,79174
I8698A1DF,79711,79740
I8698A1DF,80032,80061
I8698A1DF,81447,81475
I8698A1DF,81637,81666
I8698A1DF,81979,82006
I8698A1DF,82400,82428
I8698A1DF,82560,82590
I8698A1DF,82742,82767
I8698A1DF,82979,83009
I8698A1DF,83191,83216
I8698A1DF,83363,83390
I8698A1DF,83508,83541
I8698A1DF,83696,83721
I8698A1DF,84070,84109
I8698A1DF,84703,84731
I8698A1DF,84929,84955
I8698A1DF,85141,85168
I8698A1DF,85452,85482
I8698A1DF,85728,85752
I8698A1DF,85954,85982
I8698A1DF,86136,86164
I8698A1DF,86809,86840
I8698A1DF,87080,87102
I8698A1DF,87295,87321
I8698A1DF,87473,87501
I8698A1DF,87790,87819
I8698A1DF,87961,87991
I8698A1DF,88292,88333
I881A57E8,11080,11323
I881A57E8,11573,11726
I881A57E8,11831,11960
I881A57E8,12543,12692
I881A57E8,13632,13760
I881A57E8,14576,14698
I881A57E8,15961,16088
I881A57E8,17049,17178
I881A57E8,17612,17872
I881A57E8,18553,18687
I881A57E8,19721,19863
I881A57E8,20287,20453
I881A57E8,20861,20993
I881A57E8,21227,21356
I881A57E8,21514,21643
I881A57E8,21846,21974
I881A57E8,22200,22334
I881A57E8,22558,22682
I881A57E8,22922,23055
I881A57E8,23323,23453
I881A57E8,23764,23938
I881A57E8,24272,24393
I881A57E8,24578,24836
I881A57E8,25532,25743
I881A57E8,26239,26404
I881A57E8,26933,27089
I881A57E8,27687,28007
I881A57E8,28518,28682
I881A57E8,29210,29370
I881A57E8,29923,30092
I881A57E8,30646,30808
I881A57E8,31332,31484
I881A57E8,31781,31946
I881A57E8,32362,32602
I881A57E8,33435,33561
I881A57E8,33903,34273
I881A57E8,35148,35395
I881A57E8,35922,36049
I881A57E8,38413,38575
I881A57E8,38930,39250
I881A57E8,40348,40476
I881A57E8,40976,41143
I881A57E8,42206,42365
I881A57E8,42809,43067
I881A57E8,43865,44039
I881A57E8,44054,44058
I881A57E8,44066,44070
I881A57E8,44080,44110
I881A57E8,44124,44131
I881A57E8,44138,44144
I881A57E8,44147,44155
I881A57E8,44171,44175
I881A57E8,44178,44203
I881A57E8,44218,44232
I881A57E8,44252,44262
I881A57E8,44285,44330
I881A57E8,44333,44340
I881A57E8,44349,44364
I881A57E8,44367,44375
I881A57E8,44388,44393
I881A57E8,44400,44419
I881A57E8,44427,44432
I881A57E8,44488,44499
I881A57E8,44509,44518
I881A57E8,44524,44533
I881A57E8,44556,44570
I881A57E8,44581,44606
I881A57E8,44609,44613
I881A57E8,44615,44640
I881A57E8,44772,44785
I881A57E8,44808,44819
I881A57E8,44830,44835
I881A57E8,44839,44849
I881A57E8,44895,44911
I881A57E8,44937,44953
I881A57E8,44960,44975
I881A57E8,44979,44983
I881A57E8,44998,45002
I881A57E8,45006,45011
I881A57E8,45015,45022
I881A57E8,45037,45053
I881A57E8,45102,45108
I881A57E8,45114,45121
I881A57E8,45135,45139
I881A57E8,45149,45157
I881A57E8,45165,45170
I881A57E8,45178,45188
I881A57E8,45199,45208
I881A57E8,45219,45252
I881A57E8,45269,45289
I881A57E8,45303,45306
I881A57E8,45320,45332
I881A57E8,45334,45350
I881A57E8,45366,45370
I881A57E8,45380,45384
I881A57E8,45408,45428
I881A57E8,45448,45454
I881A57E8,45462,45481
I881A57E8,45503,45523
I881A57E8,45540,45552
I881A57E8,45653,45675
I881A57E8,45696,45700
I881A57E8,45732,45736
I881A57E8,45766,45772
I881A57E8,45793,45798
I881A57E8,45808,45826
I881A57E8,45834,45838
I881A57E8,45852,45856
I881A57E8,45858,45861
I881A57E8,45885,45899
I881A57E8,45917,45929
I881A57E8,45931,45942
I881A57E8,45944,45957
I881A57E8,45962,45978
I881A57E8,45980,45998
I881A57E8,46019,46030
I881A57E8,46041,46055
I881A57E8,46061,46066
I881A57E8,46068,46097
I881A57E8,46144,46156
I881A57E8,46218,46227
I881A57E8,46230,46241
I881A57E8,46272,46275
I881A57E8,46334,46338
I881A57E8,46342,46351
I881A57E8,46366,46381
I881A57E8,46400,46417
I881A57E8,46442,46453
I881A57E8,46457,46461
I881A57E8,46479,46487
I881A57E8,46515,46521
I881A57E8,46534,46539
I881A57E8,46554,46559
I881A57E8,46582,46601
I881A57E8,46619,46623
I881A57E8,46634,46649
I881A57E8,46673,46685
I881A57E8,46713,46718
I881A57E8,46720,46748
I881A57E8,46756,46769
I881A57E8,46799,46802
I881A57E8,46829,46833
I881A57E8,46842,46855
I881A57E8,46858,46891
I881A57E8,46906,46923
I881A57E8,46941,46952
I881A57E8,46970,46977
I881A57E8,46982,46988
I881A57E8,47012,47017
I881A57E8,47025,47027
I881A57E8,47060,47073
I881A57E8,47088,47092
I881A57E8,47100,47106
I881A57E8,47115,47123
I881A57E8,47127,47134
I881A57E8,47139,47152
I881A57E8,47195,47212
I881A57E8,47237,47249
I881A57E8,47266,47277
I881A57E8,47298,47306
I881A57E8,47308,47312
I881A57E8,47316,47325
I881A57E8,47329,47333
I881A57E8,47354,47357
I881A57E8,47365,47373
I881A57E8,47383,47393
I881A57E8,47401,47415
I881A57E8,47431,47436
I881A57E8,47493,47499
I881A57E8,47519,47527
I881A57E8,47537,47546
I881A57E8,47556,47579
I881A57E8,47581,47589
I881A57E8,47595,47610
I881A57E8,47617,47620
I881A57E8,47635,47642
I881A57E8,47654,47660
I881A57E8,47673,47696
I881A57E8,47712,47747
I881A57E8,47766,47785
I881A57E8,47803,47819
I881A57E8,47829,47832
I881A57E8,47842,47851
I881A57E8,47870,47884
I881A57E8,47886,47889
I881A57E8,47899,47912
I881A57E8,47920,47931
I881A57E8,47943,47950
I881A57E8,47972,47986
I881A57E8,47990,47999
I881A57E8,48016,48038
I881A57E8,48050,48058
I881A57E8,48062,48069
I881A57E8,48076,48093
I881A57E8,48149,48166
I881A57E8,48248,48262
I881A57E8,48270,48310
I881A57E8,48319,48327
I881A57E8,48362,48372
I881A57E8,48376,48385
I881A57E8,48416,48450
I881A57E8,48457,48468
I881A57E8,48476,48484
I881A57E8,48493,48497
I881A57E8,48503,48512
I881A57E8,48525,48534
I881A57E8,48546,48549
I881A57E8,48596,48609
I881A57E8,48614,48618
I881A57E8,48621,48629
I881A57E8,48637,48661
I881A57E8,48689,48696
I881A57E8,48701,48722
I881A57E8,48732,48745
I881A57E8,48747,48771
I881A57E8,48796,48800
I881A57E8,48804,48861
I881A57E8,48911,48928
I881A57E8,48944,48963
I881A57E8,48972,48986
I881A57E8,49006,49010
I881A57E8,49013,49039
I881A57E8,49042,49050
I881A57E8,49085,49098
I881A57E8,49123,49157
I881A57E8,49169,49185
I881A57E8,49259,49263
I881A57E8,49265,49273
I881A57E8,49288,49299
I881A57E8,49324,49335
I881A57E8,49407,49456
I881A57E8,49507,49511
I881A57E8,49525,49573
I881A57E8,49586,49594
I881A57E8,49619,49632
I881A57E8,49641,49644
I881A57E8,49649,49662
I881A57E8,49664,49667
I881A57E8,49694,49703
I881A57E8,49712,49727
I881A57E8,49735,49748
I881A57E8,49752,49762
I881A57E8,49792,49801
I881A57E8,49809,49817
I881A57E8,49838,49846
I881A57E8,49861,49865
I881A57E8,49884,49893
I881A57E8,49895,49900
I881A57E8,49915,49922
I881A57E8,49944,49963
I881A57E8,49975,49983
I881A57E8,50013,50028
I881A57E8,50040,50044
I881A57E8,50050,50070
I881A57E8,50079,50106
I881A57E8,50119,50145
I881A57E8,50147,50182
I881A57E8,50188,50200
I881A57E8,50230,50236
I881A57E8,50240,50243
I881A57E8,50245,50249
I881A57E8,50253,50276
I881A57E8,50305,50327
I881A57E8,50331,50343
I881A57E8,50375,50383
I881A57E8,50409,50451
I881A57E8,50469,50479
I881A57E8,50500,50515
I881A57E8,50522,50535
I881A57E8,50569,50596
I881A57E8,50620,50624
I881A57E8,50634,50640
I881A57E8,50650,50656
I881A57E8,50661,50674
I881A57E8,50712,50762
I881A57E8,50777,50799
I881A57E8,50829,50860
I881A57E8,50867,50873
I881A57E8,50881,50892
I881A57E8,50912,50926
I881A57E8,50963,50983
I881A57E8,50986,50991
I881A57E8,50993,50995
I881A57E8,51022,51055
I881A57E8,51142,51148
I881A57E8,51159,51230
I881A57E8,51244,51254
I881A57E8,51265,51272
I881A57E8,51274,51293
I881A57E8,51304,51358
I881A57E8,51369,51398
I881A57E8,51406,51418
I881A57E8,51433,51457
I881A57E8,51473,51487
I881A57E8,51491,51503
I881A57E8,51537,51545
I881A57E8,51557,51566
I881A57E8,51580,51584
I881A57E8,51587,51591
I881A57E8,51609,51624
I881A57E8,51755,51781
I881A57E8,51805,51825
I881A57E8,51843,51859
I881A57E8,51865,51885
I881A57E8,51914,51927
I881A57E8,51941,51956
I881A57E8,51966,52023
I881A57E8,52039,52051
I881A57E8,52055,52074
I881A57E8,52160,52167
I881A57E8,52188,52233
I881A57E8,52359,52413
I881A57E8,52450,52485
I881A57E8,52489,52493
I881A57E8,52496,52537
I881A57E8,52568,52576
I881A57E8,52583,52586
I881A57E8,52626,52632
I881A57E8,52641,52647
I881A57E8,52691,52701
I881A57E8,52703,52725
I881A57E8,52752,52760
I881A57E8,52793,52798
I881A57E8,52838,52844
I881A57E8,52860,52872
I881A57E8,52914,52962
I881A57E8,53012,53022
I881A57E8,53060,53067
I881A57E8,53098,53106
I881A57E8,53120,53143
I881A57E8,53179,53183
I881A57E8,53207,53219
I881A57E8,53239,53267
I881A57E8,53271,53280
I881A57E8,53343,53368
I881A57E8,53388,53394
I881A57E8,53405,53408
I881A57E8,53434,53450
I881A57E8,53481,53503
I881A57E8,53539,53553
I881A57E8,53575,53585
I881A57E8,53620,53632
I881A57E8,53634,53678
I881A57E8,53683,53698
I881A57E8,53701,53704
I881A57E8,53709,53722
I881A57E8,53739,53746
I881A57E8,53770,53784
I881A57E8,53799,53808
I881A57E8,53847,53885
I881A57E8,53899,53919
I881A57E8,53929,53939
I881A57E8,53941,53949
I881A57E8,53964,53972
I881A57E8,53982,53985
I881A57E8,53999,54007
I881A57E8,54038,54041
I881A57E8,54051,54063
I881A57E8,54079,54082
I881A57E8,54091,54102
I881A57E8,54116,54136
I881A57E8,54158,54161
I881A57E8,54176,54184
I881A57E8,54191,54208
I881A57E8,54212,54237
I881A57E8,54243,54250
I881A57E8,54265,54284
I881A57E8,54312,54331
I881A57E8,54345,54381
I881A57E8,54384,54394
I881A57E8,54396,54404
I881A57E8,54431,54453
I881A57E8,54462,54465
I881A57E8,54487,54509
I881A57E8,54523,54538
I881A57E8,54545,54562
I881A57E8,54571,54574
I881A57E8,54586,54595
I881A57E8,54609,54627
I881A57E8,54651,54704
I881A57E8,54707,54710
I881A57E8,54712,54725
I881A57E8,54739,54745
I881A57E8,54945,54958
I881A57E8,54978,54983
I881A57E8,54987,54993
I881A57E8,55009,55016
I881A57E8,55028,55056
I881A57E8,55076,55080
I881A57E8,55100,55107
I881A57E8,55117,55140
I881A57E8,55157,55161
I881A57E8,55165,55170
I881A57E8,55180,55186
I881A57E8,55202,55210
I881A57E8,55225,55230
I881A57E8,55233,55239
I881A57E8,55246,55260
I881A57E8,55276,55286
I881A57E8,55294,55308
I881A57E8,55317,55329
I881A57E8,55341,55364
I881A57E8,55374,55389
I881A57E8,55393,55412
I881A57E8,55440,55444
I881A57E8,55455,55485
I881A57E8,55505,55516
I881A57E8,55569,55583
I881A57E8,55587,55591
I881A57E8,55598,55610
I881A57E8,55639,55648
I881A57E8,55656,55663
I881A57E8,55679,55691
I881A57E8,55708,55734
I881A57E8,55757,55764
I881A57E8,55766,55777
I881A57E8,55808,55834
I881A57E8,55863,55881
I881A57E8,55895,55902
I881A57E8,55922,55930
I881A57E8,55953,55968
I881A57E8,55993,55998
I881A57E8,56002,56021
I881A57E8,56039,56051
I881A57E8,56053,56062
I881A57E8,56067,56087
I881A57E8,56090,56097
I881A57E8,56116,56124
I881A57E8,56133,56150
I881A57E8,56174,56199
I881A57E8,56211,56218
I881A57E8,56237,56254
I881A57E8,56273,56320
I881A57E8,56329,56351
I881A57E8,56408,56411
I881A57E8,56423,56436
I881A57E8,56446,56456
I881A57E8,56490,56495
I881A57E8,56498,56508
I881A57E8,56525,56533
I881A57E8,56563,56589
I881A57E8,56597,56608
I881A57E8,56626,56645
I881A57E8,56652,56663
I881A57E8,56667,56676
I881A57E8,56697,56722
I881A57E8,56769,56783
I881A57E8,56846,56856
I881A57E8,56924,56933
I881A57E8,56961,56964
I881A57E8,56976,56988
I881A57E8,57064,57079
I881A57E8,57130,57139
I881A57E8,57146,57151
I881A57E8,57162,57206
I881A57E8,57227,57251
I881A57E8,57261,57278
I881A57E8,57294,57297
I881A57E8,57320,57333
I881A57E8,57341,57351
I881A57E8,57359,57373
I881A57E8,57389,57399
I881A57E8,57419,57426
I881A57E8,57435,57452
I881A57E8,57469,57473
I881A57E8,57483,57491
I881A57E8,57494,57508
I881A57E8,57514,57519
I881A57E8,57526,57540
I881A57E8,57553,57571
I881A57E8,57590,57602
I881A57E8,57612,57658
I881A57E8,57670,57673
I881A57E8,57682,57713
I881A57E8,57717,57748
I881A57E8,57768,57775
I881A57E8,57797,57818
I881A57E8,57826,57860
I881A57E8,57863,57868
I881A57E8,57870,57900
I881A57E8,57919,57928
I881A57E8,57955,57974
I881A57E8,58031,58035
I881A57E8,58037,58040
I881A57E8,58059,58077
I881A57E8,58093,58104
I881A57E8,58106,58118
I881A57E8,58124,58139
I881A57E8,58143,58150
I881A57E8,58153,58155
I881A57E8,58168,58221
I881A57E8,58226,58251
I881A57E8,58269,58309
I881A57E8,58332,58337
I881A57E8,58340,58350
I881A57E8,58385,58400
I881A57E8,58418,58424
I881A57E8,58431,58435
I881A57E8,58440,58442
I881A57E8,58452,58473
I881A57E8,58537,58552
I881A57E8,58570,58578
I881A57E8,58618,58629
I881A57E8,58637,58653
I881A57E8,58675,58690
I881A57E8,58697,58706
I881A57E8,58718,58725
I881A57E8,58728,58747
I881A57E8,58759,58784
I881A57E8,58813,58820
I881A57E8,58828,58841
I881A57E8,58843,58868
I881A57E8,58874,58908
I881A57E8,58923,58936
I881A57E8,58938,58941
I881A57E8,58949,58953
I881A57E8,58956,58960
I881A57E8,58962,58965
I881A57E8,58968,58974
I881A57E8,58988,58991
I881A57E8,58995,59004
I881A57E8,59012,59021
I881A57E8,59032,59035
I881A57E8,59044,59070
I881A57E8,59087,59098
I881A57E8,59100,59103
I881A57E8,59108,59117
I881A57E8,59127,59130
I881A57E8,59139,59151
I881A57E8,59153,59156
I881A57E8,59166,59185
I881A57E8,59189,59197
I881A57E8,59229,59235
I881A57E8,59237,59244
I881A57E8,59266,59286
I881A57E8,59309,59353
I881A57E8,59381,59385
I881A57E8,59392,59396
I881A57E8,59408,59414
I881A57E8,59416,59422
I881A57E8,59447,59460
I881A57E8,59471,59487
I881A57E8,59490,59503
I881A57E8,59507,59516
I881A57E8,59540,59551
I881A57E8,59570,59600
I881A57E8,59603,59619
I881A57E8,59632,59672
I881A57E8,59679,59701
I881A57E8,59726,59739
I881A57E8,59770,59814
I881A57E8,59823,59831
I881A57E8,59836,59840
I881A57E8,59850,59871
I881A57E8,59896,59924
I881A57E8,59948,59965
I881A57E8,60011,60014
I881A57E8,60035,60055
I881A57E8,60064,60068
I881A57E8,60084,60090
I881A57E8,60108,60113
I881A57E8,60116,60120
I881A57E8,60124,60148
I881A57E8,60154,60168
I881A57E8,60185,60222
I881A57E8,60259,60271
I881A57E8,60283,60291
I881A57E8,60300,60306
I881A57E8,60331,60355
I881A57E8,60363,60381
I881A57E8,60431,60462
I881A57E8,60471,60526
I881A57E8,60554,60562
I881A57E8,60566,60575
I881A57E8,60579,60588
I881A57E8,60598,60601
I881A57E8,60616,60621
I881A57E8,60625,60634
I881A57E8,60638,60695
I881A57E8,60699,60708
I881A57E8,60737,60781
I881A57E8,60785,60789
I881A57E8,60819,60824
I881A57E8,60866,60875
I881A57E8,60886,60893
I881A57E8,60907,60931
I881A57E8,60947,60960
I881A57E8,61009,61021
I881A57E8,61035,61040
I881A57E8,61049,61061
I881A57E8,61074,61088
I881A57E8,61096,61103
I881A57E8,61126,61131
I881A57E8,61152,61161
I881A57E8,61164,61181
I881A57E8,61200,61207
I881A57E8,61212,61230
I881A57E8,61248,61253
I881A57E8,61451,61534
I881A57E8,61550,61654
I881A57E8,61948,62130
I881A57E8,63474,63483
I881A57E8,63497,63510
I881A57E8,63519,63533
I881A57E8,63557,63561
I881A57E8,63572,63577
I881A57E8,63588,63591
I881A57E8,63623,63631
I881A57E8,63644,63653
I881A57E8,63665,63686
I881A57E8,63714,63718
I881A57E8,63720,63727
I881A57E8,63729,63734
I881A57E8,63737,63746
I881A57E8,63754,63785
I881A57E8,63802,63810
I881A57E8,63830,63847
I881A57E8,63870,63878
I881A57E8,63891,63911
I881A57E8,63972,63981
I881A57E8,63991,64014
I881A57E8,64035,64039
I881A57E8,64042,64086
I881A57E8,64092,64104
I881A57E8,64193,64214
I881A57E8,64216,64228
I881A57E8,64240,64253
I881A57E8,64269,64272
I881A57E8,64280,64318
I881A57E8,64325,64341
I881A57E8,64378,64385
I881A57E8,64397,64405
I881A57E8,64414,64442
I881A57E8,64448,64456
I881A57E8,64464,64516
I881A57E8,64553,64562
I881A57E8,64568,64583
I881A57E8,64586,64592
I881A57E8,64614,64618
I881A57E8,64625,64644
I881A57E8,64652,64657
I881A57E8,64674,64679
I881A57E8,64708,64711
I881A57E8,64810,64819
I881A57E8,64822,64830
I881A57E8,64858,64863
I881A57E8,64912,64922
I881A57E8,64929,64933
I881A57E8,64936,64945
I881A57E8,64979,64999
I881A57E8,65001,65005
I881A57E8,65026,65035
I881A57E8,65043,65064
I881A57E8,65103,65110
I881A57E8,65123,65129
I881A57E8,65148,65151
I881A57E8,65166,65178
I881A57E8,65200,65216
I881A57E8,65218,65226
I881A57E8,65273,65289
I881A57E8,65292,65298
I881A57E8,65309,65312
I881A57E8,65425,65437
I881A57E8,65461,65469
I881A57E8,65511,65526
I881A57E8,65528,65534
I881A57E8,65550,65562
I881A57E8,65593,65601
I881A57E8,65611,65623
I881A57E8,65626,65632
I881A57E8,65635,65641
I881A57E8,65760,65785
I881A57E8,65845,65847
I881A57E8,65871,65895
I881A57E8,65913,65920
I881A57E8,65932,65946
I881A57E8,65967,65978
I881A57E8,65988,66007
I881A57E8,66010,66016
I881A57E8,66025,66027
I881A57E8,66033,66037
I881A57E8,66040,66044
I881A57E8,66048,66052
I881A57E8,66121,66128
I881A57E8,66136,66140
I881A57E8,66152,66170
I881A57E8,66181,66192
I881A57E8,66231,66234
I881A57E8,66249,66252
I881A57E8,66256,66268
I881A57E8,66283,66289
I881A57E8,66296,66307
I881A57E8,66327,66329
I881A57E8,66348,66357
I881A57E8,66368,66372
I881A57E8,66426,66431
I881A57E8,66475,66479
I881A57E8,66492,66508
I881A57E8,66515,66543
I881A57E8,66592,66600
I881A57E8,66609,66626
I881A57E8,66645,66648
I881A57E8,66655,66660
I881A57E8,66674,66681
I881A57E8,66692,66719
I881A57E8,66730,66740
I881A57E8,66744,66749
I881A57E8,66789,66797
I881A57E8,66805,66822
I881A57E8,66831,66835
I881A57E8,66837,66852
I881A57E8,66867,66878
I881A57E8,66901,66906
I881A57E8,66910,66917
I881A57E8,66924,66928
I881A57E8,66931,66940
I881A57E8,67034,67039
I881A57E8,67079,67093
I881A57E8,67105,67113
I881A57E8,67132,67138
I881A57E8,67150,67158
I881A57E8,67177,67187
I881A57E8,67192,67200
I881A57E8,67210,67217
I881A57E8,67226,67231
I881A57E8,67233,67237
I881A57E8,67244,67254
I881A57E8,67258,67263
I881A57E8,67272,67280
I881A57E8,67284,67297
I881A57E8,67348,67355
I881A57E8,67364,67411
I881A57E8,67451,67458
I881A57E8,67467,67472
I881A57E8,67502,67512
I881A57E8,67541,67555
I881A57E8,67570,67575
I881A57E8,67578,67583
I881A57E8,67586,67590
I881A57E8,67628,67635
I881A57E8,67689,67709
I881A57E8,67728,67740
I881A57E8,67767,67782
I881A57E8,67785,67790
I881A57E8,67807,67817
I881A57E8,67820,67824
I881A57E8,67842,67845
I881A57E8,67854,67905
I881A57E8,67921,67943
I881A57E8,67947,67953
I881A57E8,67968,67973
I881A57E8,67986,68000
I881A57E8,68002,68011
I881A57E8,68023,68027
I881A57E8,68032,68048
I881A57E8,68059,68077
I881A57E8,68108,68112
I881A57E8,68124,68143
I881A57E8,68227,68245
I881A57E8,68253,68258
I881A57E8,68262,68268
I881A57E8,68285,68288
I881A57E8,68297,68307
I881A57E8,68316,68320
I881A57E8,68398,68409
I881A57E8,68417,68421
I881A57E8,68429,68435
I881A57E8,68437,68441
I881A57E8,68448,68458
I881A57E8,68504,68513
I881A57E8,68636,68655
I881A57E8,68691,68714
I881A57E8,68722,68737
I881A57E8,68745,68749
I881A57E8,68778,68788
I881A57E8,68893,68919
I881A57E8,68938,68956
I881A57E8,68959,68965
I881A57E8,68973,68981
I881A57E8,69002,69006
I881A57E8,69031,69041
I881A57E8,69047,69051
I881A57E8,69056,69060
I881A57E8,69065,69070
I881A57E8,69084,69104
I881A57E8,69124,69141
I881A57E8,69152,69161
I881A57E8,69163,69194
I881A57E8,69219,69230
I881A57E8,69256,69269
I881A57E8,69277,69293
I881A57E8,69312,69321
I881A57E8,69353,69359
I881A57E8,69368,69373
I881A57E8,69375,69389
I881A57E8,69398,69438
I881A57E8,69456,69468
I881A57E8,69477,69483
I881A57E8,69528,69540
I881A57E8,69553,69584
I881A57E8,69587,69593
I881A57E8,69614,69617
I881A57E8,69624,69627
I881A57E8,69637,69642
I881A57E8,69663,69672
I881A57E8,69680,69682
I881A57E8,69692,69700
I881A57E8,69703,69710
I881A57E8,69722,69738
I881A57E8,69745,69753
I881A57E8,69782,69788
I881A57E8,69791,69795
I881A57E8,70349,70410
I881A57E8,70429,70446
I881A57E8,70450,70466
I881A57E8,70482,70495
I881A57E8,70511,70527
I881A57E8,70569,70578
I881A57E8,70593,70606
I881A57E8,70628,70638
I881A57E8,70645,70675
I881A57E8,70693,70700
I881A57E8,70702,70713
I881A57E8,70767,70774
I881A57E8,70785,70794
I881A57E8,70798,70809
I881A57E8,70824,70845
I881A57E8,70851,70860
I881A57E8,70879,70886
I881A57E8,70914,70919
I881A57E8,70931,70934
I881A57E8,70962,70972
I881A57E8,71008,71037
I881A57E8,71046,71068
I881A57E8,71082,71094
I881A57E8,71116,71124
I881A57E8,71128,71145
I881A57E8,71168,71188
I881A57E8,71202,71209
I881A57E8,71217,71242
I881A57E8,71251,71258
I881A57E8,71350,71397
I881A57E8,71418,71448
I881A57E8,71469,71479
I881A57E8,71485,71491
I881A57E8,71564,71604
I881A57E8,71661,71665
I881A57E8,71669,71678
I881A57E8,71684,71710
I881A57E8,71713,71717
I881A57E8,71719,71730
I881A57E8,71794,71818
I881A57E8,71833,71867
I881A57E8,71908,71941
I881A57E8,72002,72008
I881A57E8,72017,72021
I881A57E8,72029,72047
I881A57E8,72063,72080
I881A57E8,72086,72093
I881A57E8,72097,72101
I881A57E8,72104,72108
I881A57E8,72118,72124
I881A57E8,72131,72135
I881A57E8,72144,72157
I881A57E8,72164,72183
I881A57E8,72190,72204
I881A57E8,72211,72217
I881A57E8,72230,72234
I881A57E8,72244,72251
I881A57E8,72269,72286
I881A57E8,72295,72300
I881A57E8,72320,72375
I881A57E8,72459,72475
I881A57E8,72489,72492
I881A57E8,72495,72503
I881A57E8,72535,72540
I881A57E8,72578,72583
I881A57E8,72588,72600
I881A57E8,72603,72611
I881A57E8,72632,72641
I881A57E8,72649,72662
I881A57E8,72675,72678
I881A57E8,72687,72691
I881A57E8,72694,72722
I881A57E8,72728,72740
I881A57E8,72771,72775
I881A57E8,72798,72801
I881A57E8,72805,72808
I881A57E8,72814,72822
I881A57E8,72837,72856
I881A57E8,72861,72873
I881A57E8,72885,72890
I881A57E8,72893,72906
I881A57E8,72911,72917
I881A57E8,72939,72945
I881A57E8,72949,72980
I881A57E8,72983,72988
I881A57E8,72995,73009
I881A57E8,73057,73068
I881A57E8,73071,73075
I881A57E8,73079,73082
I881A57E8,73099,73103
I881A57E8,73106,73110
I881A57E8,73114,73133
I881A57E8,73140,73144
I881A57E8,73148,73151
I881A57E8,73158,73163
I881A57E8,73193,73203
I881A57E8,73214,73218
I881A57E8,73223,73242
I881A57E8,73264,73267
I881A57E8,73299,73304
I881A57E8,73312,73323
I881A57E8,73325,73329
I881A57E8,73337,73341
I881A57E8,73362,73371
I881A57E8,73376,73385
I881A57E8,73388,73395
I881A57E8,73405,73408
I881A57E8,73425,73466
I881A57E8,73486,73498
I881A57E8,73515,73528
I881A57E8,73543,73551
I881A57E8,73556,73566
I881A57E8,73601,73607
I881A57E8,73628,73649
I881A57E8,73652,73660
I881A57E8,73691,73703
I881A57E8,73716,73731
I881A57E8,73748,73753
I881A57E8,73756,73761
I881A57E8,73764,73773
I881A57E8,73779,73783
I881A57E8,73793,73814
I881A57E8,73829,73835
I881A57E8,73849,73853
I881A57E8,73856,73861
I881A57E8,73864,73870
I881A57E8,73878,73883
I881A57E8,73942,73955
I881A57E8,74043,74064
I881A57E8,74077,74090
I881A57E8,74100,74107
I881A57E8,74125,74143
I881A57E8,74157,74163
I881A57E8,74167,74171
I881A57E8,74174,74179
I881A57E8,74181,74190
I881A57E8,74658,74718
I881A57E8,74769,74787
I881A57E8,74846,74861
I881A57E8,74876,74888
I881A57E8,74893,74897
I881A57E8,74914,74926
I881A57E8,74938,74949
I881A57E8,74965,75003
I881A57E8,75005,75012
I881A57E8,75036,75048
I881A57E8,75065,75089
I881A57E8,75101,75117
I881A57E8,75131,75154
I881A57E8,75167,75170
I881A57E8,75173,75213
I881A57E8,75239,75246
I881A57E8,75258,75279
I881A57E8,75289,75294
I881A57E8,75303,75307
I881A57E8,75325,75333
I881A57E8,75343,75347
I881A57E8,75355,75364
I881A57E8,75374,75383
I881A57E8,75467,75474
I881A57E8,75485,75496
I881A57E8,75500,75504
I881A57E8,75515,75522
I881A57E8,75536,75542
I881A57E8,75547,75551
I881A57E8,75555,75569
I881A57E8,75587,75600
I881A57E8,75609,75613
I881A57E8,75630,75634
I881A57E8,75638,75642
I881A57E8,75653,75663
I881A57E8,75665,75673
I881A57E8,75710,75728
I881A57E8,75749,75769
I881A57E8,75775,75784
I881A57E8,75815,75833
I881A57E8,75847,75876
I881A57E8,75884,75890
I881A57E8,75898,75912
I881A57E8,75962,75966
I881A57E8,75974,75987
I881A57E8,76013,76028
I881A57E8,76098,76136
I881A57E8,76146,76155
I881A57E8,76168,76171
I881A57E8,76193,76198
I881A57E8,76202,76206
I881A57E8,76209,76225
I881A57E8,76239,76250
I881A57E8,76252,76255
I881A57E8,76264,76272
I881A57E8,76280,76284
I881A57E8,76300,76304
I881A57E8,76341,76345
I881A57E8,76367,76391
I881A57E8,76450,76455
I881A57E8,76459,76468
I881A57E8,76473,76479
I881A57E8,76482,76491
I881A57E8,76502,76513
I881A57E8,76516,76521
I881A57E8,76523,76536
I881A57E8,76553,76579
I881A57E8,76586,76589
I881A57E8,76597,76604
I881A57E8,76615,76636
I881A57E8,76685,76692
I881A57E8,76696,76704
I881A57E8,76712,76723
I881A57E8,76732,76738
I881A57E8,76740,76769
I881A57E8,76802,76814
I881A57E8,76823,76838
I881A57E8,76850,76857
I881A57E8,76884,76890
I881A57E8,76904,76912
I881A57E8,76923,76929
I881A57E8,76941,76950
I881A57E8,76959,76963
I881A57E8,76966,76976
I881A57E8,76989,76996
I881A57E8,77012,77020
I881A57E8,77035,77042
I881A57E8,77060,77080
I881A57E8,77113,77132
I881A57E8,77142,77170
I881A57E8,77197,77236
I881A57E8,77532,77546
I881A57E8,77606,77632
I881A57E8,77676,77686
I881A57E8,77705,77709
I881A57E8,77730,77735
I881A57E8,77737,77740
I881A57E8,77774,77782
I881A57E8,77837,77846
I881A57E8,77855,77864
I881A57E8,77868,77880
I881A57E8,77931,77935
I881A57E8,77937,77941
I881A57E8,77944,77953
I881A57E8,77985,78000
I881A57E8,78025,78041
I881A57E8,78074,78089
I881A57E8,78092,78095
I881A57E8,78144,78148
I881A57E8,78150,78154
I881A57E8,78173,78190
I881A57E8,78194,78199
I881A57E8,78245,78274
I881A57E8,78303,78312
I881A57E8,78332,78343
I881A57E8,78353,78363
I881A57E8,78381,78390
I881A57E8,78530,78556
I881A57E8,78625,78646
I881A57E8,78654,78661
I881A57E8,78703,78713
I881A57E8,78740,78747
I881A57E8,78749,78756
I881A57E8,78800,78824
I881A57E8,78833,78849
I881A57E8,78859,78872
I881A57E8,78876,78892
I881A57E8,78906,78919
I881A57E8,78932,78939
I881A57E8,78948,78954
I881A57E8,78972,78981
I881A57E8,78990,79014
I881A57E8,79036,79056
I881A57E8,79091,79104
I881A57E8,79168,79178
I881A57E8,79205,79212
I881A57E8,79248,79268
I881A57E8,79273,79277
I881A57E8,79281,79305
I881A57E8,79343,79347
I881A57E8,79380,79388
I881A57E8,79418,79426
I881A57E8,79429,79436
I881A57E8,79454,79458
I881A57E8,79474,79495
I881A57E8,79518,79525
I881A57E8,79532,79537
I881A57E8,79539,79542
I881A57E8,79547,79553
I881A57E8,79556,79560
I881A57E8,79563,79575
I881A57E8,79581,79589
I881A57E8,79593,79596
I881A57E8,79634,79647
I881A57E8,79651,79667
I881A57E8,79679,79685
I881A57E8,79687,79700
I881A57E8,79726,79739
I881A57E8,79771,79778
I881A57E8,79787,79796
I881A57E8,79800,79826
I881A57E8,79853,79857
I881A57E8,79890,79897
I881A57E8,79906,79923
I881A57E8,79934,79940
I881A57E8,79942,79948
I881A57E8,79952,79956
I881A57E8,79959,79964
I881A57E8,80001,80010
I881A57E8,80014,80018
I881A57E8,80026,80036
I881A57E8,80039,80043
I881A57E8,80191,80203
I881A57E8,80245,80251
I881A57E8,80272,80276
I881A57E8,80287,80301
I881A57E8,80305,80318
I881A57E8,80335,80343
I881A57E8,80359,80366
I881A57E8,80383,80394
I881A57E8,80424,80443
I881A57E8,80446,80450
I881A57E8,80481,80486
I881A57E8,80495,80503
I881A57E8,80511,80521
I881A57E8,80555,80564
I881A57E8,80620,80629
I881A57E8,80641,80653
I881A57E8,80723,80732
I881A57E8,80743,80777
I881A57E8,80790,80804
I881A57E8,80812,80819
I881A57E8,80830,80840
I881A57E8,80843,80847
I881A57E8,80857,80867
I881A57E8,80887,80892
I881A57E8,80895,80899
I881A57E8,80903,80911
I881A57E8,80951,80962
I881A57E8,81012,81021
I881A57E8,81026,81030
I881A57E8,81033,81042
I881A57E8,81055,81061
I881A57E8,81075,81078
I881A57E8,81090,81094
I881A57E8,81115,81132
I881A57E8,81141,81144
I881A57E8,81153,81157
I881A57E8,81174,81195
I881A57E8,81210,81215
I881A57E8,81218,81223
I881A57E8,81246,81262
I881A57E8,81276,81279
I881A57E8,81307,81311
I881A57E8,81329,81352
I881A57E8,81364,81373
I881A57E8,81392,81398
I881A57E8,81400,81403
I881A57E8,81406,81417
I881A57E8,81451,81460
I881A57E8,81488,81496
I881A57E8,81500,81519
I881A57E8,81530,81541
I881A57E8,81579,81586
I881A57E8,81628,81633
I881A57E8,81642,81648
I881A57E8,81670,81681
I881A57E8,81690,81707
I881A57E8,81800,81808
I881A57E8,81824,81829
I881A57E8,81832,81836
I881A57E8,81838,81842
I881A57E8,81846,81851
I881A57E8,81911,81917
I881A57E8,81933,81940
I881A57E8,81963,81968
I881A57E8,81998,82002
I881A57E8,82050,82062
I881A57E8,82070,82073
I881A57E8,82088,82091
I881A57E8,82099,82107
I881A57E8,82472,82476
I881A57E8,82489,82494
I881A57E8,82499,82504
I881A57E8,82533,82538
I881A57E8,82547,82574
I881A57E8,82588,82605
I881A57E8,82610,82614
I881A57E8,82698,82713
I881A57E8,82717,82727
I881A57E8,82773,82792
I881A57E8,82796,82802
I881A57E8,82830,82841
I881A57E8,82860,82874
I881A57E8,82933,82942
I881A57E8,82950,82960
I881A57E8,82973,82980
I881A57E8,82986,82993
I881A57E8,83022,83033
I881A57E8,83039,83041
I881A57E8,83065,83090
I881A57E8,83103,83116
I881A57E8,83125,83152
I881A57E8,83161,83173
I881A57E8,83243,83250
I881A57E8,83272,83280
I881A57E8,83306,83309
I881A57E8,83314,83318
I881A57E8,83337,83346
I881A57E8,83383,83387
I881A57E8,83403,83415
I881A57E8,83432,83443
I881A57E8,83451,83457
I881A57E8,83459,83462
I881A57E8,83513,83533
I881A57E8,83549,83552
I881A57E8,83575,83583
I881A57E8,83623,83633
I881A57E8,83690,83716
I881A57E8,83738,83751
I881A57E8,83763,83766
I881A57E8,83768,83774
I881A57E8,83778,83787
I881A57E8,83789,83795
I881A57E8,83806,83814
I881A57E8,83836,83844
I881A57E8,83904,83913
I881A57E8,83954,83957
I881A57E8,84004,84007
I881A57E8,84025,84028
I881A57E8,84044,84049
I881A57E8,84062,84067
I881A57E8,84101,84106
I881A57E8,84108,84112
I881A57E8,84114,84118
I881A57E8,84162,84171
I881A57E8,84253,84261
I881A57E8,84268,84277
I881A57E8,84305,84317
I881A57E8,84342,84346
I881A57E8,84349,84353
I881A57E8,84358,84362
I881A57E8,84396,84419
I881A57E8,84421,84424
I881A57E8,84433,84441
I881A57E8,84445,84464
I881A57E8,84500,84507
I881A57E8,84525,84537
I881A57E8,84568,84577
I881A57E8,84599,84608
I881A57E8,84633,84640
I881A57E8,84665,84692
I881A57E8,84715,84724
I881A57E8,84918,84921
I881A57E8,84932,84949
I881A57E8,84952,84957
I881A57E8,84959,84962
I881A57E8,85051,85055
I881A57E8,85060,85062
I881A57E8,85083,85089
I881A57E8,85091,85095
I881A57E8,85101,85114
I881A57E8,85129,85137
I881A57E8,85140,85146
I881A57E8,85164,85176
I881A57E8,85230,85252
I881A57E8,85283,85287
I881A57E8,85289,85295
I881A57E8,85298,85312
I881A57E8,85317,85321
I881A57E8,85323,85325
I881A57E8,85338,85342
I881A57E8,85345,85350
I881A57E8,85354,85368
I881A57E8,85378,85389
I881A57E8,85403,85408
I881A57E8,85410,85425
I881A57E8,85462,85477
I881A57E8,85520,85529
I881A57E8,85542,85546
I881A57E8,85555,85562
I881A57E8,85578,85597
I881A57E8,85620,85637
I881A57E8,85670,85674
I881A57E8,85705,85714
I881A57E8,85726,85732
I881A57E8,85746,85751
I881A57E8,85753,85757
I881A57E8,85783,85787
I881A57E8,85793,85798
I881A57E8,85827,85842
I881A57E8,85862,85867
I881A57E8,85870,85874
I881A57E8,85887,85902
I881A57E8,85931,85936
I881A57E8,85942,85952
I881A57E8,85955,85960
I881A57E8,86004,86015
I881A57E8,86027,86032
I881A57E8,86058,86081
I881A57E8,86084,86089
I881A57E8,86111,86116
I881A57E8,86132,86142
I881A57E8,86148,86154
I881A57E8,86188,86192
I881A57E8,86195,86198
I881A57E8,86203,86213
I881A57E8,86246,86265
I881A57E8,86269,86273
I881A57E8,86277,86283
I881A57E8,86292,86296
I881A57E8,86299,86301
I881A57E8,86324,86335
I881A57E8,86446,86452
I881A57E8,86455,86462
I881A57E8,86484,86496
I881A57E8,86540,86544
I881A57E8,86547,86552
I881A57E8,86557,86576
I881A57E8,86580,86588
I881A57E8,86594,86600
I881A57E8,86603,86607
I881A57E8,86635,86640
I881A57E8,86663,86667
I881A57E8,86698,86716
I881A57E8,86732,86743
I881A57E8,86748,86751
I881A57E8,86753,86757
I881A57E8,86775,86783
I881A57E8,86790,86795
I881A57E8,86800,86806
I881A57E8,86820,86825
I881A57E8,86851,86866
I881A57E8,86870,86878
I881A57E8,86888,86907
I881A57E8,86914,86922
I881A57E8,86948,86963
I881A57E8,86969,86976
I881A57E8,86995,87006
I881A57E8,87036,87043
I881A57E8,87053,87057
I881A57E8,87070,87086
I881A57E8,87097,87119
I881A57E8,87136,87158
I881A57E8,87265,87277
I881A57E8,87291,87306
I881A57E8,87309,87315
I881A57E8,87317,87322
I881A57E8,87324,87327
I881A57E8,87335,87341
I881A57E8,87348,87351
I881A57E8,87372,87375
I881A57E8,87378,87381
I881A57E8,87391,87408
I881A57E8,87453,87456
I881A57E8,87459,87462
I881A57E8,87474,87494
I881A57E8,87521,87524
I881A57E8,87527,87544
I881A57E8,87557,87561
I881A57E8,87630,87638
I881A57E8,87649,87654
I881A57E8,87670,87683
I881A57E8,87707,87718
I881A57E8,87723,87727
I881A57E8,87741,87755
I881A57E8,87771,87785
I881A57E8,87812,87817
I881A57E8,87824,87835
I881A57E8,87843,87849
I881A57E8,87851,87854
I881A57E8,87865,87874
I881A57E8,87885,87891
I881A57E8,87902,87913
I881A57E8,87919,87926
I881A57E8,87936,87944
I881A57E8,87950,87959
I881A57E8,87977,87980
I881A57E8,87982,87985
I881A57E8,87991,88008
I881A57E8,88012,88018
I881A57E8,88028,88036
I881A57E8,88039,88048
I881A57E8,88056,88064
I881A57E8,88070,88086
I881A57E8,88101,88115
I881A57E8,88128,88134
I881A57E8,88142,88164
I881A57E8,88172,88177
I881A57E8,88183,88189
I881A57E8,88244,88256
I881A57E8,88281,88300
I881A57E8,88358,88361
I881A57E8,88364,88370
I881A57E8,88382,88386
I881A57E8,88408,88429
I881A57E8,88449,88452
I881A57E8,88476,88495
I881A57E8,88500,88508
I881A57E8,88571,88575
I881A57E8,88581,88590
I881A57E8,88607,88612
I881A57E8,88671,88684
I881A57E8,88696,88700
I881A57E8,88716,88721
I881A57E8,88729,88775
I881A57E8,88778,88782
I881A57E8,88804,88807
I881A57E8,88810,88813
I881A57E8,88823,88830
I881A57E8,88833,88845
I881A57E8,88848,88850
I881A57E8,88870,88874
I881A57E8,88885,88910
I881A57E8,88963,88968
I881A57E8,88993,89001
I881A57E8,89014,89030
I881A57E8,89033,89036
I881A57E8,89049,89061
I881A57E8,89071,89079
I881A57E8,89092,89112
I881A57E8,89123,89162
I881A57E8,89172,89185
I881A57E8,89201,89215
I881A57E8,89219,89230
I881A57E8,89238,89248
I881A57E8,89252,89270
I881A57E8,89273,89282
I881A57E8,89286,89294
I881A57E8,89307,89311
I881A57E8,89325,89331
I881A57E8,89352,89356
I881A57E8,89358,89362
I881A57E8,89368,89371
I881A57E8,89373,89379
I881A57E8,89407,89419
I881A57E8,89426,89438
I881A57E8,89442,89451
I881A57E8,89455,89462
I881A57E8,89467,89476
I881A57E8,89494,89504
I881A57E8,89510,89513
I881A57E8,89547,89560
I881A57E8,89568,89573
I881A57E8,89604,89615
I881A57E8,89625,89630
I881A57E8,89644,89651
I881A57E8,89663,89673
I881A57E8,89770,89779
I881A57E8,89788,89792
I881A57E8,89821,89824
I881A57E8,89855,89866
I881A57E8,89893,89902
I881A57E8,89904,89912
I881A57E8,89916,89925
I881A57E8,89929,89933
I881A57E8,89955,89960
I881A57E8,89964,89973
I881A57E8,89987,89993
I881A57E8,90041,90047
I881A57E8,90051,90058
I881A57E8,90109,90124
I881A57E8,90233,90262
I881A57E8,90265,90271
I881A57E8,90291,90300
I881A57E8,90312,90321
I881A57E8,90325,90338
I881A57E8,90342,90369
I881A57E8,90385,90396
I881A57E8,90416,90421
I881A57E8,90459,90470
I881A57E8,90529,90538
I881A57E8,90569,90583
I881A57E8,90586,90591
I881A57E8,90601,90607
I881A57E8,90619,90630
I881A57E8,90641,90661
I881A57E8,90666,90683
I881A57E8,90858,90872
I881A57E8,90877,90881
I881A57E8,90885,90892
I881A57E8,90899,90910
I881A57E8,90934,90946
I881A57E8,90990,91002
I881A57E8,91021,91029
I881A57E8,91038,91050
I881A57E8,91228,91241
I881A57E8,91256,91274
I881A57E8,91294,91301
I881A57E8,91311,91323
I881A57E8,91325,91330
I881A57E8,91364,91367
I881A57E8,91375,91380
I881A57E8,91391,91396
I881A57E8,91403,91422
I881A57E8,91455,91461
I881A57E8,91484,91494
I881A57E8,91498,91505
I881A57E8,91512,91518
I881A57E8,91527,91534
I881A57E8,91547,91554
I881A57E8,91561,91576
I881A57E8,91633,91639
I881A57E8,91673,91676
I881A57E8,91679,91683
I881A57E8,91685,91690
I881A57E8,91692,91696
I881A57E8,91719,91730
I881A57E8,91739,91748
I881A57E8,91762,91768
I881A57E8,91770,91773
I881A57E8,91800,91830
I881A57E8,91872,91880
I881A57E8,91884,91890
I881A57E8,91900,91910
I881A57E8,92196,92205
I881A57E8,92215,92222
I881A57E8,92244,92252
I881A57E8,92460,92466
I881A57E8,92468,92473
I881A57E8,92485,92491
I881A57E8,92510,92522
I881A57E8,92576,92586
I881A57E8,92649,92654
I881A57E8,92675,92683
I881A57E8,92715,92720
I881A57E8,92722,92738
I881A57E8,92744,92751
I881A57E8,92777,92794
I881A57E8,92798,92803
I881A57E8,92818,92827
I881A57E8,92842,92844
I881A57E8,92857,92877
I881A57E8,92926,92934
I881A57E8,92954,92972
I881A57E8,92976,92981
I881A57E8,92996,93002
I881A57E8,93027,93034
I881A57E8,93052,93070
I881A57E8,93076,93084
I881A57E8,93088,93094
I881A57E8,93153,93199
I881A57E8,93241,93271
I881A57E8,93361,93368
I881A57E8,93370,93382
I881A57E8,93434,93438
I881A57E8,93449,93453
I881A57E8,93457,93464
I881A57E8,93500,93510
I881A57E8,93543,93560
I881A57E8,93584,93594
I881A57E8,93603,93613
I881A57E8,93633,93642
I881A57E8,93653,93677
I881A57E8,93680,93689
I881A57E8,93826,93830
I881A57E8,93839,93854
I881A57E8,93874,93880
I881A57E8,93888,93902
I881A57E8,93928,93935
I881A57E8,94001,94005
I881A57E8,94051,94060
I881A57E8,94180,94184
I881A57E8,94204,94222
I881A57E8,94391,94405
I881A57E8,94425,94428
I881A57E8,94460,94467
I881A57E8,94496,94505
I881A57E8,94535,94551
I881A57E8,94571,94590
I881A57E8,94611,94615
I881A57E8,94617,94622
I881A57E8,94626,94631
I881A57E8,94650,94658
I881A57E8,94662,94669
I881A57E8,94749,94755
I881A57E8,94757,94764
I881A57E8,94780,94787
I881A57E8,94802,94822
I881A57E8,94826,94831
I881A57E8,94869,94881
I881A57E8,94893,94913
I881A57E8,94915,94926
I881A57E8,94933,94938
I881A57E8,94941,94946
I881A57E8,94950,94955
I881A57E8,94977,94983
I881A57E8,94987,94997
I881A57E8,95000,95007
I881A57E8,95027,95032
I881A57E8,95044,95053
I881A57E8,95099,95112
I881A57E8,95118,95135
I881A57E8,95168,95188
I881A57E8,95213,95221
I881A57E8,95239,95257
I881A57E8,95359,95389
I881A57E8,95398,95404
I881A57E8,95431,95449
I881A57E8,95458,95461
I881A57E8,95477,95491
I881A57E8,95613,95628
I881A57E8,95638,95640
I881A57E8,95655,95662
I881A57E8,95674,95710
I881A57E8,95721,95726
I881A57E8,95728,95732
I881A57E8,95736,95741
I881A57E8,95749,95767
I881A57E8,95773,95781
I881A57E8,95788,95792
I881A57E8,95807,95812
I881A57E8,95815,95824
I881A57E8,95860,95871
I881A57E8,95901,95915
I881A57E8,95924,95937
I881A57E8,95947,95956
I881A57E8,95963,95969
I881A57E8,95984,95989
I881A57E8,95991,96013
I881A57E8,96016,96028
I881A57E8,96042,96061
I881A57E8,96076,96089
I881A57E8,96141,96151
I881A57E8,96164,96171
I881A57E8,96182,96196
I881A57E8,96246,96249
I881A57E8,96281,96294
I881A57E8,96305,96323
I881A57E8,96338,96345
I881A57E8,96360,96368
I881A57E8,96386,96429
I881A57E8,96454,96461
I881A57E8,96514,96524
I881A57E8,96576,96590
I881A57E8,96594,96600
I881A57E8,96604,96620
I881A57E8,96732,96745
I881A57E8,96808,96814
I881A57E8,96826,96833
I881A57E8,96896,96915
I881A57E8,96934,96941
I881A57E8,96958,96982
I881A57E8,97032,97047
I881A57E8,97082,97096
I881A57E8,97125,97132
I881A57E8,97161,97179
I881A57E8,97190,97193
I881A57E8,97320,97324
I881A57E8,97330,97334
I881A57E8,97344,97361
I881A57E8,97372,97377
I881A57E8,97413,97422
I881A57E8,97452,97473
I881A57E8,97489,97498
I881A57E8,97535,97541
I881A57E8,97544,97555
I881A57E8,97568,97601
I881A57E8,97610,97626
I881A57E8,97633,97641
I881A57E8,97668,97680
I881A57E8,98080,98124
I881A57E8,98680,98822
I881A57E8,99202,99236
I881A57E8,99591,99633
I881A57E8,100066,100204
I881A57E8,100658,100691
I881A57E8,101003,101148
I881A57E8,102970,103017
I881A57E8,103480,103511
I881A57E8,103754,103818
I881A57E8,104194,104334
I881A57E8,105074,105225
I881A57E8,105962,106110
I881A57E8,106637,106778
I881A57E8,107460,107618
I881A57E8,108229,108367
I881A57E8,108934,109078
I881A57E8,109849,109987
I881A57E8,110449,110598
I881A57E8,111015,111164
I881A57E8,111774,111904
I881A57E8,113076,113214
I881A57E8,113750,113889
I881A57E8,114325,114462
I881A57E8,115072,115209
I881A57E8,115588,115720
I881A57E8,116133,116279
I881A57E8,116922,116996
I881A57E8,117596,117667
I881A57E8,117806,117881
I881A57E8,118299,118325
I881A57E8,118397,118428
I881A57E8,118594,118741
I881A57E8,119239,119267
I881A57E8,119558,119573
I881A57E8,119732,119747
I881A57E8,119909,119939
I881A57E8,120094,120123
I881A57E8,120249,120319
I881A57E8,120533,120562
I881A57E8,120765,120946
I88977D82,8323,8479
I88977D82,10128,10242
I88977D82,39594,39763
I88977D82,40036,40121
I88977D82,47868,48311
I88977D82,48630,48928
I88977D82,48940,49377
I88977D82,49704,50826
I88977D82,56802,57107
I88977D82,63161,63431
I88977D82,78875,79128
I88977D82,80702,80929
I88977D82,86793,86879
I88977D82,87175,87437
I88977D82,103730,104058
I88977D82,109728,109949
I88977D82,109961,110145
I88977D82,114163,114350
I88977D82,121380,121491
I88977D82,121958,122071
I88977D82,125452,125797
I88977D82,125880,126073
I88977D82,137511,137596
I88977D82,138304,138484
I88977D82,149648,149873
I88977D82,157510,157619
I88977D82,162023,162104
I88977D82,162206,162275
I88977D82,162439,162495
I88977D82,167037,167275
I88977D82,167462,167536
I88977D82,167559,167809
I895C519A,1252,1390
I895C519A,1452,1590
I895C519A,1654,1796
I895C519A,1858,1996
I895C519A,2059,2199
I895C519A,2263,2405
I895C519A,2466,2602
I895C519A,2671,2811
I895C519A,2876,3020
I895C519A,3085,3227
I895C519A,3293,3320
I895C519A,3469,3477
I895C519A,3552,3574
I895C519A,3727,3735
I895C519A,3798,3808
I895C519A,3951,3959
I895C519A,4022,4032
I895C519A,4175,4183
I895C519A,4255,4271
I895C519A,4415,4423
I895C519A,4515,4584
I895C519A,4674,4757
I895C519A,4821,4958
I895C519A,5024,5165
I895C519A,5231,5267
I895C519A,5413,5421
I895C519A,5490,5508
I895C519A,5660,5668
I895C519A,5742,5761
I895C519A,5907,5915
I895C519A,5989,6012
I895C519A,6166,6174
I895C519A,6244,6259
I895C519A,6409,6417
I895C519A,6495,6518
I895C519A,6693,6701
I895C519A,6784,6811
I895C519A,6990,6998
I895C519A,7071,7088
I895C519A,7234,7242
I895C519A,7328,7358
I895C519A,7540,7548
I895C519A,7631,7704
I895C519A,7891,7899
I895C519A,7976,7997
I895C519A,8176,8184
I895C519A,8259,8278
I895C519A,8454,8461
I895C519A,8538,8559
I895C519A,8738,8746
I895C519A,8835,8868
I895C519A,9076,9084
I895C519A,9164,9188
I895C519A,9386,9394
I895C519A,9471,9492
I895C519A,9671,9679
I895C519A,9754,9773
I895C519A,9948,9956
I895C519A,10030,10048
I895C519A,10221,10229
I895C519A,10303,10321
I895C519A,10494,10502
I895C519A,10574,10590
I895C519A,10759,10767
I895C519A,10841,10859
I895C519A,11032,11040
I895C519A,11119,11142
I895C519A,11325,11333
I895C519A,11411,11433
I895C519A,11614,11622
I895C519A,11698,11718
I895C519A,11895,11903
I895C519A,11979,11999
I895C519A,12176,12184
I895C519A,12260,12280
I895C519A,12457,12465
I895C519A,12538,12555
I895C519A,12726,12734
I895C519A,12808,12826
I895C519A,12999,13007
I895C519A,13081,13099
I895C519A,13272,13280
I895C519A,13353,13370
I895C519A,13541,13549
I895C519A,13620,13635
I895C519A,13785,13793
I895C519A,13861,13870
I895C519A,14017,14025
I895C519A,14093,14097
I895C519A,14244,14252
I895C519A,14322,14328
I895C519A,14555,14564
I895C519A,14710,14718
I895C519A,14813,14822
I895C519A,14894,14911
I895C519A,15057,15065
I895C519A,15140,15148
I895C519A,15382,15391
I895C519A,15543,15551
I895C519A,15632,15646
I895C519A,15825,15833
I895C519A,15911,15922
I895C519A,16095,16103
I895C519A,16177,16184
I895C519A,16332,16340
I895C519A,16417,16427
I895C519A,16598,16606
I895C519A,16685,16694
I895C519A,16868,16876
I895C519A,16955,16967
I895C519A,17142,17150
I895C519A,17226,17235
I895C519A,17387,17395
I895C519A,17476,17487
I895C519A,17661,17669
I895C519A,17816,17857
I895C519A,17935,17957
I895C519A,18130,18138
I895C519A,18217,18226
I895C519A,18400,18408
I895C519A,19311,19337
I895C519A,19387,19427
I8994AAB2,8219,8531
I8994AAB2,9746,9889
I8994AAB2,10446,10661
I8994AAB2,12030,12144
I8994AAB2,12474,12532
I8994AAB2,12891,13168
I8994AAB2,14742,15193
I8994AAB2,16526,16630
I8994AAB2,17370,17472
I8994AAB2,18363,18733
I8994AAB2,19659,19861
I8994AAB2,21312,21403
I8994AAB2,22680,22820
I8994AAB2,23642,23793
I8994AAB2,24284,24523
I8994AAB2,25443,25837
I8994AAB2,27209,27268
I8994AAB2,27719,28015
I8994AAB2,29637,29878
I8994AAB2,31890,32177
I8994AAB2,34007,34099
I8994AAB2,34614,34843
I8994AAB2,35756,36016
I8994AAB2,37007,37145
I8994AAB2,37666,37818
I8994AAB2,39282,39435
I8994AAB2,39961,40358
I8994AAB2,41818,42048
I8994AAB2,43391,43645
I8994AAB2,45713,46063
I8994AAB2,47892,48038
I8994AAB2,48502,48828
I8994AAB2,50010,50124
I8994AAB2,50679,50789
I8994AAB2,53046,53278
I8994AAB2,54694,54897
I8994AAB2,56370,56518
I8994AAB2,58136,58374
I8994AAB2,59458,59988
I8994AAB2,61691,61874
I8994AAB2,62439,62502
I8994AAB2,62812,62924
I8994AAB2,63451,64116
I8994AAB2,65674,66153
I8994AAB2,68014,68105
I8994AAB2,69145,69238
I8994AAB2,69683,69795
I8994AAB2,70584,70719
I8994AAB2,71475,71588
I8994AAB2,72613,72755
I8994AAB2,73686,73899
I8994AAB2,74030,74261
I8994AAB2,75038,75381
I8994AAB2,76821,77044
I8994AAB2,79154,79274
I8994AAB2,79954,80069
I8994AAB2,81532,81649
I8994AAB2,82778,83007
I8994AAB2,84061,84592
I8994AAB2,86561,86656
I8994AAB2,87236,87410
I8994AAB2,88251,88491
I8994AAB2,89644,89709
I8994AAB2,90145,90367
I8994AAB2,90979,91199
I8994AAB2,92780,92830
I8994AAB2,93258,93313
I8994AAB2,93564,93715
I8994AAB2,94414,94598
I8994AAB2,96976,97477
I8994AAB2,98158,99126
I8994AAB2,101629,101747
I8994AAB2,102528,102862
I8994AAB2,104185,104778
I8994AAB2,106683,107304
I8994AAB2,109788,110134
I8994AAB2,112163,112285
I8994AAB2,113289,113431
I8994AAB2,113779,114027
I8994AAB2,115082,115348
I8994AAB2,116301,116946
I8994AAB2,119988,120354
I8994AAB2,121655,122116
I8994AAB2,122759,122866
I8994AAB2,124170,124289
I8994AAB2,125223,125858
I8994AAB2,127742,128446
I8994AAB2,130511,130922
I8994AAB2,135023,135174
I8994AAB2,135895,136023
I8994AAB2,136194,136303
I8994AAB2,136594,136917
I8994AAB2,138406,138533
I8994AAB2,138974,139454
I8994AAB2,140988,141427
I8994AAB2,142914,143157
I8994AAB2,143177,143321
I8994AAB2,145316,145424
I8994AAB2,145641,145847
I8994AAB2,146530,146656
I8994AAB2,146913,147197
I8994AAB2,148536,149115
I8994AAB2,151522,151696
I8994AAB2,152395,152816
I8994AAB2,154777,155078
I8994AAB2,156480,156717
I8994AAB2,157502,157858
I8994AAB2,159221,159365
I8994AAB2,159892,160039
I8994AAB2,160566,160688
I8994AAB2,161480,162104
I8994AAB2,163792,164227
I8994AAB2,166530,166818
I8994AAB2,168029,168469
I8994AAB2,170405,171035
I8994AAB2,173481,173687
I8994AAB2,174722,175078
I8994AAB2,176199,176491
I8994AAB2,177478,177839
I8994AAB2,179265,179556
I8994AAB2,180471,180772
I8994AAB2,181336,181634
I8994AAB2,182239,182541
I8994AAB2,183231,183459
I8994AAB2,184750,184991
I8994AAB2,185892,186142
I8994AAB2,187684,188035
I8994AAB2,188902,189043
I8994AAB2,189539,189933
I8994AAB2,191667,191784
I8994AAB2,192303,192705
I8994AAB2,193849,193934
I8994AAB2,195478,195792
I8994AAB2,196952,197063
I8994AAB2,197760,197874
I8994AAB2,199118,199826
I8994AAB2,202047,202749
I8994AAB2,204407,204520
I8994AAB2,204565,205058
I8994AAB2,208016,208461
I8994AAB2,209472,209588
I8994AAB2,209944,210099
I8994AAB2,211400,211631
I8994AAB2,213205,214144
I8994AAB2,218873,218981
I8994AAB2,219546,219896
I8994AAB2,220893,221260
I8994AAB2,222409,222859
I8994AAB2,228603,228718
I8994AAB2,229128,229245
I8994AAB2,230005,230743
I8994AAB2,231248,231394
I8994AAB2,233547,233739
I8994AAB2,234635,234927
I8994AAB2,236595,236984
I8994AAB2,238741,239029
I8994AAB2,240544,240652
I8994AAB2,241147,241407
I8994AAB2,242424,242714
I8994AAB2,243691,243764
I8994AAB2,244742,244970
I8994AAB2,245779,246068
I8994AAB2,247186,247439
I8994AAB2,248072,248359
I8994AAB2,249131,249379
I8994AAB2,250511,250628
I8994AAB2,250992,251117
I8994AAB2,251395,251449
I8994AAB2,252441,252658
I8994AAB2,253516,253868
I8994AAB2,255336,255500
I8994AAB2,256277,256338
I8994AAB2,256594,256915
I8994AAB2,258432,258938
I8994AAB2,261267,261311
I8994AAB2,262395,262512
I8994AAB2,263046,263580
I8994AAB2,265151,265260
I8994AAB2,265299,265415
I8994AAB2,266037,266114
I8994AAB2,266395,266664
I8994AAB2,268616,268727
I8994AAB2,269050,269377
I8994AAB2,271176,271231
I8994AAB2,272347,272465
I8994AAB2,273060,273239
I8994AAB2,274164,274512
I8994AAB2,276120,276250
I8994AAB2,277120,277236
I8994AAB2,277922,278151
I8994AAB2,278957,279477
I8994AAB2,281450,281587
I8994AAB2,282001,282133
I8994AAB2,282750,282927
I8994AAB2,283482,283598
I8994AAB2,283891,284009
I8994AAB2,284351,284491
I8994AAB2,284851,284961
I8994AAB2,285271,285383
I8994AAB2,285715,285828
I8994AAB2,286190,286547
I8994AAB2,287297,287569
I8994AAB2,288151,288429
I8994AAB2,288962,289244
I8994AAB2,289851,290261
I8994AAB2,290988,291255
I8994AAB2,291693,291860
I8994AAB2,292246,292339
I8994AAB2,292670,292925
I8994AAB2,293418,293476
I8994AAB2,294318,294436
I8994AAB2,294986,295204
I8994AAB2,296133,296357
I8994AAB2,296902,297156
I8994AAB2,298021,298074
I8994AAB2,299188,299423
I8994AAB2,300169,300410
I8994AAB2,301070,301414
I8994AAB2,302283,302529
I8994AAB2,303467,303569
I8994AAB2,304022,304485
I8994AAB2,307205,307379
I8994AAB2,307672,307772
I8994AAB2,308483,308566
I8994AAB2,309611,309667
I8994AAB2,310261,310748
I8994AAB2,313575,313875
I8994AAB2,313945,314260
I8994AAB2,316690,316874
I8994AAB2,317758,317848
I8994AAB2,318438,319712
I8994AAB2,320745,321771
I8B49E87B,119043,119270
I8B49E87B,120460,120539
I8B49E87B,124443,124670
I8B49E87B,125945,126015
I8B49E87B,127943,128009
I8B49E87B,130102,130185
I8B49E87B,136434,136549
I8B49E87B,139519,139650
I8B49E87B,141881,142040
I8B49E87B,148989,149069
I8B49E87B,157986,158013
I8B49E87B,160319,160347
I8B49E87B,160575,160604
I8B49E87B,161011,161039
I8B49E87B,161218,161243
I8B49E87B,161711,161743
I8B49E87B,163277,163339
I8B49E87B,164579,164610
I8B49E87B,165198,165230
I8B49E87B,165680,165707
I8B49E87B,165945,166007
I8B49E87B,166334,166359
I8B49E87B,167138,167166
I8B49E87B,168946,169002
I8B49E87B,169575,169604
I8B49E87B,171366,171395
I8B49E87B,172132,172189
I8B49E87B,173682,173744
I8B49E87B,175414,175443
I8B49E87B,175768,175798
I8B49E87B,176086,176118
I8B49E87B,176409,176437
I8B49E87B,176893,176922
I8B49E87B,177566,177593
I8B49E87B,177866,177891
I8B49E87B,178070,178097
I8B49E87B,178347,178376
I8B49E87B,178477,178504
I8B49E87B,178774,178792
I8B49E87B,178942,178962
I8B49E87B,179224,179238
I8B49E87B,179450,179463
I8B49E87B,179696,179709
I8B49E87B,179845,179866
I8B49E87B,180016,180039
I8B49E87B,180287,180301
I8B49E87B,181651,181669
I8B49E87B,181894,181926
I8B49E87B,182218,182248
I8B49E87B,182386,182415
I8B49E87B,182863,182889
I8B49E87B,183397,183425
I8B49E87B,183827,183860
I8B49E87B,184125,184150
I8B49E87B,184416,184446
I8B49E87B,184810,184838
I8B49E87B,185075,185103
I8B49E87B,185199,185261
I8B49E87B,185479,185507
I8B49E87B,185868,185895
I8B49E87B,186208,186234
I8B49E87B,186765,186778
I8B49E87B,187444,187459
I8B49E87B,187575,187591
I8B49E87B,187680,187711
I8B49E87B,188074,188086
I8B49E87B,188370,188385
I8B49E87B,188713,188728
I8B49E87B,188810,188824
I8B49E87B,189249,189367
I8B49E87B,189935,190083
I920AA7AC,8930,10155
I920AA7AC,28109,28170
I920AA7AC,30306,30399
I920AA7AC,36224,36446
I920AA7AC,38240,38315
I920AA7AC,47797,47888
I920AA7AC,49135,49288
I920AA7AC,50476,50624
I920AA7AC,51744,51898
I920AA7AC,53998,54155
I920AA7AC,55159,55418
I920AA7AC,56297,56426
I920AA7AC,57090,57464
I920AA7AC,59320,59548
I920AA7AC,60976,61098
I920AA7AC,61775,61893
I920AA7AC,62342,62470
I920AA7AC,63762,64002
I920AA7AC,64964,65079
I920AA7AC,66413,66533
I920AA7AC,66919,67039
I920AA7AC,67528,67642
I920AA7AC,68195,68309
I920AA7AC,68803,68921
I920AA7AC,70050,70299
I920AA7AC,71383,71517
I920AA7AC,72604,72754
I920AA7AC,73679,73800
I920AA7AC,74236,74358
I920AA7AC,75917,76038
I920AA7AC,76883,77009
I920AA7AC,78946,79102
I920AA7AC,79859,79979
I920AA7AC,80586,80705
I920AA7AC,81473,81689
I920AA7AC,82669,82817
I920AA7AC,83584,83703
I920AA7AC,84251,84360
I920AA7AC,84812,85036
I920AA7AC,86187,86341
I920AA7AC,87194,87312
I920AA7AC,87696,87816
I920AA7AC,88748,88865
I920AA7AC,89479,89604
I920AA7AC,89942,90061
I920AA7AC,90701,90825
I920AA7AC,91206,91321
I920AA7AC,92032,92145
I920AA7AC,92681,92798
I920AA7AC,93352,93474
I920AA7AC,93800,93913
I920AA7AC,94458,94577
I920AA7AC,95374,95481
I920AA7AC,95943,96060
I920AA7AC,96459,96568
I920AA7AC,97180,97280
I920AA7AC,97587,97814
I920AA7AC,98292,98520
I920AA7AC,99311,99548
I920AA7AC,100215,100334
I920AA7AC,100713,100864
I920AA7AC,101569,101685
I920AA7AC,102039,102146
I920AA7AC,102772,102925
I920AA7AC,103928,104042
I920AA7AC,104410,104533
I920AA7AC,105243,105486
I920AA7AC,106322,106560
I920AA7AC,107233,107346
I920AA7AC,107794,108147
I920AA7AC,109286,109527
I920AA7AC,110863,111021
I920AA7AC,112039,112155
I920AA7AC,112446,112690
I920AA7AC,113301,113419
I920AA7AC,113988,114235
I920AA7AC,114965,115139
I920AA7AC,115941,116054
I920AA7AC,116325,116446
I920AA7AC,117198,117314
I920AA7AC,117811,117924
I920AA7AC,118495,118944
I920AA7AC,119807,119931
I920AA7AC,120524,120646
I920AA7AC,121036,121143
I920AA7AC,121477,121536
I920AA7AC,121996,122051
I920AA7AC,122559,122849
I920AA7AC,123496,123744
I920AA7AC,124850,125000
I920AA7AC,125332,125493
I920AA7AC,125913,126129
I920AA7AC,126798,126950
I920AA7AC,127308,127456
I920AA7AC,127805,128078
I920AA7AC,128656,128802
I920AA7AC,129041,129193
I920AA7AC,129488,129764
I920AA7AC,130272,130561
I920AA7AC,131183,131334
I920AA7AC,131646,131918
I920AA7AC,132450,132583
I920AA7AC,132831,132987
I920AA7AC,133361,133640
I920AA7AC,134275,134422
I920AA7AC,134779,134934
I920AA7AC,135279,135521
I920AA7AC,136134,136284
I920AA7AC,136634,136788
I920AA7AC,137181,137424
I920AA7AC,137960,138111
I920AA7AC,138577,138722
I920AA7AC,139339,139581
I920AA7AC,140138,140282
I920AA7AC,140608,140761
I920AA7AC,141091,141332
I920AA7AC,141891,142253
I920AA7AC,143495,143722
I920AA7AC,144649,144764
I920AA7AC,144880,145002
I920AA7AC,146264,146634
I920AA7AC,147765,147882
I920AA7AC,148350,148465
I920AA7AC,148878,149124
I920AA7AC,149891,150009
I920AA7AC,150474,150596
I920AA7AC,150934,150987
I920AA7AC,151523,151590
I920AA7AC,151824,151941
I920AA7AC,152606,152724
I920AA7AC,153579,153818
I920AA7AC,154627,154747
I920AA7AC,155427,155545
I920AA7AC,155944,156062
I920AA7AC,157740,157995
I920AA7AC,158807,158924
I920AA7AC,159427,159529
I920AA7AC,160493,160613
I920AA7AC,161354,161508
I920AA7AC,162419,162559
I920AA7AC,163307,163425
I920AA7AC,163829,163951
I920AA7AC,164484,164599
I920AA7AC,165603,166174
I920AA7AC,169083,169317
I920AA7AC,170834,170942
I920AA7AC,171378,171488
I920AA7AC,172455,172714
I920AA7AC,173575,173690
I920AA7AC,174157,174279
I920AA7AC,174664,174785
I920AA7AC,175226,175337
I920AA7AC,176174,176374
I920AA7AC,177001,177155
I920AA7AC,177831,178065
I920AA7AC,178552,178902
I920AA7AC,180100,180482
I920AA7AC,182098,182243
I920AA7AC,183086,183393
I920AA7AC,184462,184670
I920AA7AC,185597,186013
I920AA7AC,187430,187722
I920AA7AC,188907,189061
I920AA7AC,189903,190018
I920AA7AC,190729,190851
I920AA7AC,191288,191408
I920AA7AC,191846,191974
I920AA7AC,192635,192754
I920AA7AC,193207,193451
I920AA7AC,194345,194465
I920AA7AC,195158,195318
I920AA7AC,195920,196070
I920AA7AC,196475,196631
I920AA7AC,197210,197359
I920AA7AC,197916,198157
I920AA7AC,199155,199263
I920AA7AC,199678,199929
I920AA7AC,200848,201090
I920AA7AC,201835,202098
I920AA7AC,202865,202986
I920AA7AC,203399,203521
I920AA7AC,204124,204616
I920AA7AC,206261,206385
I920AA7AC,206912,207106
I920AA7AC,207936,207965
I920AA7AC,208161,208273
I920AA7AC,208456,208575
I920AA7AC,209006,209114
I920AA7AC,209710,209868
I920AA7AC,210615,211048
I920AA7AC,212568,212748
I920AA7AC,213170,213286
I920AA7AC,213560,213617
I920AA7AC,213885,214047
I920AA7AC,214583,214826
I920AA7AC,215610,215725
I920AA7AC,216162,216341
I920AA7AC,217488,217631
I920AA7AC,218160,218403
I920AA7AC,219371,219525
I920AA7AC,220337,220565
I920AA7AC,221504,221748
I920AA7AC,222702,222817
I920AA7AC,223608,223834
I920AA7AC,224580,224761
I920AA7AC,225270,225629
I920AA7AC,226898,227384
I920AA7AC,228344,228579
I920AA7AC,229359,230535
I920AA7AC,235911,236076
I920AA7AC,236558,236674
I920AA7AC,237188,237303
I920AA7AC,238119,238299
I920AA7AC,238688,238881
I920AA7AC,239612,239737
I920AA7AC,240161,240395
I920AA7AC,241123,241368
I920AA7AC,242289,242411
I920AA7AC,242843,242964
I920AA7AC,243288,243406
I920AA7AC,244513,244663
I920AA7AC,245186,245495
I920AA7AC,247102,247213
I920AA7AC,247596,247705
I920AA7AC,248415,248534
I920AA7AC,249024,249266
I920AA7AC,250405,250521
I920AA7AC,250900,251270
I920AA7AC,252408,252532
I920AA7AC,253143,253260
I920AA7AC,254986,255212
I920AA7AC,255776,256011
I920AA7AC,256494,256714
I920AA7AC,257525,257878
I920AA7AC,258700,258819
I920AA7AC,259281,259617
I920AA7AC,260699,261069
I920AA7AC,262022,262148
I920AA7AC,262507,262808
I920AA7AC,264059,264298
I920AA7AC,264895,265013
I920AA7AC,265318,265555
I920AA7AC,266115,266367
I920AA7AC,267063,267184
I920AA7AC,267794,268380
I920AA7AC,270656,270885
I920AA7AC,271608,271848
I920AA7AC,272270,272433
I920AA7AC,272781,272938
I920AA7AC,273285,273576
I920AA7AC,274976,275077
I920AA7AC,275522,275752
I920AA7AC,276436,276675
I920AA7AC,277398,277636
I920AA7AC,278685,278935
I920AA7AC,279793,279963
I920AA7AC,280886,281107
I920AA7AC,281453,281697
I920AA7AC,282149,282270
I920AA7AC,282791,282976
I920AA7AC,283781,283952
I920AA7AC,284623,284843
I920AA7AC,285412,285530
I920AA7AC,286027,286139
I920AA7AC,286587,286700
I920AA7AC,287013,287188
I920AA7AC,287915,288100
I920AA7AC,288592,288843
I920AA7AC,289630,289866
I920AA7AC,290642,290814
I920AA7AC,291346,291525
I920AA7AC,292068,292303
I920AA7AC,293077,293298
I920AA7AC,294095,294300
I920AA7AC,295210,295559
I920AA7AC,296847,297087
I920AA7AC,297775,298020
I920AA7AC,298944,299057
I920AA7AC,299587,299744
I920AA7AC,300431,300941
I920AA7AC,303051,303280
I920AA7AC,304186,304298
I920AA7AC,304951,305067
I920AA7AC,305556,306279
I920AA7AC,310229,310385
I920AA7AC,311300,311454
I920AA7AC,312186,312422
I920AA7AC,312896,313131
I920AA7AC,313574,313813
I920AA7AC,314208,314403
I920AA7AC,315215,315450
I920AA7AC,316014,316250
I920AA7AC,316884,317119
I920AA7AC,317837,317972
I920AA7AC,318549,318672
I920AA7AC,319175,319288
I920AA7AC,320206,320354
I920AA7AC,320922,321066
I920AA7AC,321866,322022
I920AA7AC,322487,322637
I920AA7AC,323008,323252
I920AA7AC,324199,324386
I920AA7AC,324867,325136
I920AA7AC,326734,326974
I920AA7AC,327619,327848
I920AA7AC,328549,328797
I920AA7AC,329501,329854
I920AA7AC,329995,330100
I920AA7AC,332150,333745
I9779A606,425,481
I9779A606,1356,1476
I9779A606,8864,9436
I9779A606,10405,10491
I9779A606,15839,15916
I9779A606,21881,21937
I9779A606,23132,23277
I9779A606,26323,26385
I9779A606,232344,232502
I9779A606,257760,257921
I9779A606,318655,319681
I9779A606,319869,320177
I9811592F,7803,7830
I9811592F,20018,20047
I9811592F,21960,21988
I9811592F,22660,22692
I9811592F,24882,24914
I9811592F,25854,25886
I9811592F,36430,36459
I9811592F,39037,39068
I9811592F,39675,39706
I9811592F,40474,40502
I9811592F,41395,41456
I9811592F,46503,46529
I9811592F,52482,52510
I9811592F,57762,57822
I9811592F,62527,62556
I9811592F,66030,66059
I9811592F,68030,68088
I9811592F,73609,73671
I9811592F,76859,76889
I9811592F,77730,77760
I9811592F,79268,79300
I9811592F,80131,80160
I9811592F,81390,81419
I9811592F,83270,83297
I9811592F,83814,83839
I9811592F,84104,84131
I9811592F,84635,84665
I9811592F,85154,85181
I9811592F,85747,85767
I9811592F,86433,86454
I9811592F,86705,86719
I9811592F,87024,87036
I9811592F,87299,87313
I9811592F,87477,87498
I9811592F,87778,87801
I9811592F,88146,88161
I9811592F,89132,89151
I9811592F,90365,90397
I9811592F,90939,90969
I9811592F,91269,91298
I9811592F,92125,92151
I9811592F,93527,93555
I9811592F,95153,95185
I9811592F,95875,95900
I9811592F,96769,96799
I9811592F,98380,98408
I9811592F,100939,100967
I9811592F,101543,101605
I9811592F,101869,101897
I9811592F,102359,102386
I9811592F,102775,102801
I9811592F,105772,105786
I9811592F,109181,109197
I9811592F,109787,109805
I9811592F,110097,110126
I9811592F,110432,110445
I9811592F,111563,111578
I9811592F,111940,111956
I9811592F,112292,112307
I9811592F,112909,113027
I9811592F,114250,114397
I98D03292,20783,21023
I98D03292,23397,23427
I98D03292,24880,24999
I98D03292,27231,27354
I98D03292,29273,29391
I98D03292,31244,31298
I98D03292,31857,32032
I98D03292,36791,36963
I98D03292,42317,42683
I98D03292,45008,45069
I98D03292,48333,48413
I98D03292,49964,50044
I98D03292,53233,53351
I98D03292,55900,56024
I98D03292,57046,57102
I98D03292,57663,57718
I98D03292,57947,57998
I98D03292,58674,58736
I98D03292,59114,59191
I98D03292,61105,61171
I98D03292,61810,61842
I98D03292,61964,62089
I98D03292,63335,63428
I98D03292,64016,64168
I98D03292,65209,65237
I98D03292,65678,65762
I98D03292,66234,66294
I98D03292,73266,73354
I98D03292,74214,74332
I98D03292,75197,75290
I98D03292,77130,77323
I98D03292,79389,79490
I98D03292,80081,80197
I98D03292,81000,81094
I98D03292,82196,82440
I98D03292,84389,84747
I98D03292,86789,87068
I98D03292,88215,88578
I98D03292,92922,92980
I98D03292,93687,93784
I98D03292,94522,94815
I98D03292,95891,95920
I98D03292,96189,96281
I98D03292,96531,96589
I98D03292,96952,97175
I98D03292,97987,98014
I98D03292,98435,98780
I98D03292,100302,100578
I98D03292,101527,101618
I98D03292,103951,104075
I98D03292,105852,105996
I98D03292,106910,107288
I98D03292,108375,108604
I98D03292,109128,109155
I98D03292,111999,112432
I98D03292,113658,113973
I98D03292,114792,114964
I98D03292,116335,116810
I98D03292,118266,118598
I98D03292,119507,119535
I98D03292,119724,119992
I98D03292,122580,122635
I98D03292,123587,123760
I98D03292,124772,125723
I98D03292,128145,128179
I98D03292,128549,128691
I98D03292,129341,129370
I98D03292,129730,129944
I98D03292,130443,130471
I98D03292,131026,131423
I98D03292,132292,132344
I98D03292,132706,132767
I98D03292,133318,133458
I98D03292,133906,134026
I98D03292,135058,135140
I98D03292,135883,135968
I98D03292,136239,136324
I98D03292,136666,136801
I98D03292,137235,137263
I98D03292,137812,138127
I98D03292,139117,139179
I98D03292,139752,139812
I98D03292,140058,140229
I98D03292,140553,140780
I98D03292,141690,141772
I98D03292,141980,142154
I98D03292,142512,142784
I98D03292,143726,143787
I98D03292,144563,144714
I98D03292,145560,145617
I98D03292,146009,146178
I98D03292,146690,146894
I98D03292,147765,147938
I98D03292,148434,148515
I98D03292,149583,149769
I98D03292,151155,151180
I98D03292,151572,151839
I98D03292,153119,153246
I98D03292,153605,153733
I98D03292,154153,154276
I98D03292,154676,154796
I98D03292,155164,155457
I98D03292,156568,156628
I98D03292,157136,157165
I98D03292,157744,157863
I98D03292,158621,158715
I98D03292,159184,159356
I98D03292,160900,160994
I98D03292,161527,161586
I98D03292,161882,161979
I98D03292,162276,162303
I98D03292,162752,162837
I98D03292,163333,163393
I98D03292,163600,163691
I98D03292,164344,164464
I98D03292,165044,165230
I98D03292,165839,165899
I98D03292,166250,166308
I98D03292,167122,167240
I98D03292,167582,167758
I98D03292,168354,168530
I98D03292,169133,169216
I98D03292,169853,170033
I98D03292,170896,171047
I98D03292,171513,171600
I98D03292,172505,172563
I98D03292,173112,173167
I98D03292,173382,173498
I98D03292,174015,174163
I98D03292,175094,175219
I98D03292,176160,176189
I98D03292,176530,176671
I98D03292,177149,177203
I98D03292,177450,177594
I98D03292,178446,178677
I98D03292,179986,180075
I98D03292,180579,180644
I98D03292,181118,181144
I98D03292,181507,181616
I98D03292,181932,182370
I98D03292,183942,184062
I98D03292,184362,184419
I98D03292,185050,185253
I98D03292,186004,186087
I98D03292,186538,186784
I98D03292,187021,187111
I98D03292,189805,190048
I98D03292,191045,191129
I98D03292,191576,191634
I98D03292,192335,192640
I98D03292,193796,193993
I98D03292,194633,194725
I98D03292,195672,195814
I98D03292,196529,196924
I98D03292,198264,198533
I98D03292,200119,200287
I98D03292,200984,201077
I98D03292,201640,201746
I98D03292,202164,202245
I98D03292,202894,203028
I98D03292,203654,203752
I98D03292,204363,204612
I98D03292,205255,205433
I98D03292,206227,206599
I98D03292,207353,207410
I98D03292,207645,207670
I98D03292,208000,208501
I98D03292,210700,210909
I98D03292,211876,212074
I98D03292,212909,213144
I98D03292,213969,214235
I98D03292,215093,215357
I98D03292,216309,216597
I98D03292,217708,217963
I98D03292,218786,219042
I98D03292,220472,220587
I98D03292,221035,221129
I98D03292,221663,221831
I98D03292,223024,223124
I98D03292,223746,223837
I98D03292,225378,225436
I98D03292,225808,225928
I98D03292,226720,226791
I98D03292,227750,227846
I98D03292,228808,228836
I98D03292,228952,229275
I98D03292,230336,230363
I98D03292,230560,230682
I98D03292,231557,231680
I98D03292,232462,232585
I98D03292,233012,233125
I98D03292,233281,233345
I98D03292,233601,233968
I98D03292,234993,235088
I98D03292,235437,235553
I98D03292,236590,236648
I98D03292,237055,237205
I98D03292,237863,238070
I98D03292,238255,238313
I98D03292,238968,239058
I98D03292,239395,239574
I98D03292,241493,241611
I98D03292,242724,242935
I98D03292,243747,243773
I98D03292,244074,244430
I98D03292,245835,245899
I98D03292,246058,246204
I98D03292,246250,246556
I98D03292,247476,247565
I98D03292,248052,248194
I98D03292,248877,248998
I98D03292,249718,249836
I98D03292,250998,251059
I98D03292,251412,251832
I98D03292,253531,253869
I98D03292,255646,255919
I98D03292,257007,257128
I98D03292,257538,257593
I98D03292,257837,257891
I98D03292,258936,259156
I98D03292,260066,260386
I98D03292,261187,261299
I98D03292,261954,262212
I98D03292,263158,263189
I98D03292,263677,263798
I98D03292,264672,264753
I98D03292,266785,266902
I98D03292,267286,267374
I98D03292,267936,268032
I98D03292,268481,268705
I98D03292,269154,269353
I98D03292,269934,269988
I98D03292,270161,270291
I98D03292,270611,270760
I98D03292,271638,271694
I98D03292,272174,272441
I98D03292,273591,273680
I98D03292,275241,275368
I98D03292,276394,276582
I98D03292,277467,278002
I98D03292,281435,281613
I98D03292,284442,284535
I98D03292,284932,285047
I98D03292,285848,285965
I98D03292,287113,287210
I98D03292,287597,287725
I98D03292,287793,288150
I98D03292,289629,289963
I98D03292,291863,292034
I98D03292,293186,293275
I98D03292,293809,294124
I98D03292,296706,296868
I98D03292,297897,298042
I98D03292,299296,299416
I98D03292,300052,300114
I98D03292,301194,301286
I98D03292,301669,301886
I98D03292,303151,303239
I98D03292,303753,304171
I98D03292,306081,306360
I98D03292,308679,308909
I98D03292,310352,310413
I98D03292,310953,311140
I98D03292,311881,312061
I98D03292,313087,313510
I98D03292,314775,315035
I98D03292,315858,315884
I98D03292,316068,316094
I98D03292,316540,317183
I98D03292,319294,319639
I98D03292,320836,321512
I98D03292,323368,323553
I98D03292,324174,324475
I98D03292,325715,325829
I98D03292,326587,326700
I98D03292,327908,327965
I98D03292,328883,328943
I98D03292,330225,330281
I98D03292,331039,331189
I98D03292,332694,332760
I98D03292,334668,335002
I98D03292,337282,337434
I98D03292,338757,338919
I98D03292,339923,340235
I98D03292,342170,342391
I98D03292,342408,342466
I98D03292,344314,344410
I98D03292,346473,346590
I98D03292,347853,348203
I98D03292,349152,349211
I98D03292,349888,350133
I98D03292,350932,350993
I98D03292,351331,351503
I98D03292,351985,352071
I98D03292,352853,353136
I98D03292,354656,354684
I98D03292,354837,354932
I98D03292,355320,355881
I98D03292,358916,358974
I98D03292,359284,359457
I98D03292,360358,360571
I98D03292,365094,365304
I98D03292,366553,366613
I98D03292,368409,368460
I98D03292,368840,369192
I98D03292,370595,370926
I98D03292,371898,371926
I98D03292,372074,372593
I98D03292,374694,374877
I98D03292,375524,375639
I98D03292,376158,376448
I98D03292,377698,377810
I98D03292,378177,378378
I98D03292,379002,379087
I98D03292,379339,379720
I98D03292,381164,381480
I98D03292,382752,382956
I98D03292,384720,384956
I98D03292,386216,386398
I98D03292,387204,387352
I98D03292,387953,388233
I98D03292,389449,389631
I98D03292,390272,390451
I98D03292,391740,391998
I98D03292,393106,393320
I98D03292,394211,394397
I98D03292,395092,395184
I98D03292,395781,395876
I98D03292,396278,396403
I98D03292,397001,397231
I98D03292,398404,398517
I98D03292,398780,398936
I98D03292,399639,399741
I98D03292,400246,400355
I98D03292,400909,401019
I98D03292,401836,401943
I98D03292,402429,402494
I98D03292,406093,407544
I9AEEF96A,1004,1153
I9AEEF96A,1671,1827
I9AEEF96A,2367,2524
I9AEEF96A,3066,3223
I9AEEF96A,3578,3734
I9AEEF96A,4272,4428
I9AEEF96A,4758,4907
I9AEEF96A,5435,5593
I9AEEF96A,6111,6260
I9AEEF96A,6560,6710
I9AEEF96A,6832,6984
I9AEEF96A,7081,7231
I9AEEF96A,8271,8424
I9AEEF96A,8943,9097
I9AEEF96A,9209,9363
I9AEEF96A,9892,10048
I9AEEF96A,10251,10390
I9AEEF96A,11011,11037
I9AEEF96A,11087,11110
I9B6A4525,6125,6162
I9B6A4525,6811,6849
I9B6A4525,7212,7254
I9B6A4525,7533,7565
I9B6A4525,8102,8140
I9B6A4525,8858,8891
I9B6A4525,9151,9189
I9B6A4525,10380,10415
I9B6A4525,11076,11115
I9B6A4525,11519,11552
I9B6A4525,11865,11900
I9B6A4525,12585,12619
I9B6A4525,13184,13224
I9B6A4525,13748,13784
I9B6A4525,14919,14954
I9B6A4525,16010,16047
I9B6A4525,17086,17124
I9B6A4525,17448,17485
I9B6A4525,19106,19141
I9B6A4525,19796,19827
I9B6A4525,20713,20747
I9B6A4525,20973,21007
I9B6A4525,24368,24402
I9B6A4525,25571,25609
I9B6A4525,26140,26172
I9B6A4525,27559,27594
I9B6A4525,27774,27811
I9B6A4525,28224,28261
I9B6A4525,28485,28520
I9B6A4525,29048,29099
I9B6A4525,29589,29620
I9B6A4525,29881,29920
I9B6A4525,30206,30240
I9B6A4525,30577,30610
I9B6A4525,30879,30912
I9B6A4525,31124,31164
I9B6A4525,31431,31465
I9B6A4525,31826,31860
I9B6A4525,32261,32296
I9B6A4525,32541,32575
I9B6A4525,32787,32821
I9B6A4525,34386,34423
I9B6A4525,35191,35226
I9B6A4525,35741,35781
I9B6A4525,36182,36215
I9B6A4525,36481,36515
I9B6A4525,36656,36695
I9B6A4525,37248,37283
I9B6A4525,38462,38497
I9B6A4525,39007,39045
I9B6A4525,39604,39640
I9B6A4525,40016,40051
I9B6A4525,40402,40439
I9B6A4525,41850,41885
I9B6A4525,42447,42484
I9B6A4525,43019,43057
I9B6A4525,43506,43540
I9B6A4525,43959,43994
I9B6A4525,44679,44715
I9B6A4525,44961,44999
I9B6A4525,45521,45555
I9B6A4525,46072,46107
I9B6A4525,47310,47349
I9B6A4525,48420,48460
I9B6A4525,48814,48848
I9B6A4525,49536,49575
I9B6A4525,50654,50687
I9B6A4525,52182,52218
I9B6A4525,53420,53453
I9B6A4525,54622,54658
I9B6A4525,55383,55416
I9B6A4525,57696,57731
I9B6A4525,60085,60114
I9B6A4525,61551,61588
I9B6A4525,63016,63051
I9B6A4525,67603,67641
I9B6A4525,68453,68488
I9B6A4525,71424,71459
I9B6A4525,73438,73472
I9B6A4525,74405,74433
I9B6A4525,76247,76285
I9B6A4525,77284,77319
I9B6A4525,77711,77738
I9B6A4525,78759,78828
I9B6A4525,80080,80110
I9B6A4525,82103,82137
I9B6A4525,83514,83552
I9B6A4525,84703,84737
I9B6A4525,86556,86596
I9B6A4525,87300,87336
I9B6A4525,88108,88141
I9B6A4525,89374,89407
I9B6A4525,90183,90219
I9B6A4525,91860,91899
I9B6A4525,92690,92728
I9B6A4525,94781,94819
I9B6A4525,95718,95758
I9B6A4525,97210,97250
I9B6A4525,98108,98150
I9B6A4525,99935,99966
I9B6A4525,104429,104464
I9B6A4525,107284,107320
I9B6A4525,109195,109229
I9B6A4525,110455,110490
I9B6A4525,112427,112544
I9B6A4525,112558,113271
I9B6A4525,113310,113350
I9B6A4525,114605,114636
I9B6A4525,115887,115926
I9B6A4525,117007,117044
I9B6A4525,123435,123466
I9B6A4525,124200,124236
I9B6A4525,125273,125310
I9B6A4525,126863,126902
I9B6A4525,129356,129391
I9B6A4525,130220,130258
I9B6A4525,131447,131483
I9B6A4525,132218,132254
I9B6A4525,133504,133542
I9B6A4525,134143,134172
I9B6A4525,135256,135294
I9B6A4525,135899,135938
I9B6A4525,136328,136365
I9B6A4525,136739,136774
I9B6A4525,137306,137339
I9B6A4525,137936,137970
I9B6A4525,139287,139324
I9B6A4525,140067,140101
I9B6A4525,141413,141449
I9B6A4525,142102,142143
I9B6A4525,143447,143480
I9B6A4525,144676,144710
I9B6A4525,146416,146451
I9B6A4525,147503,147541
I9B6A4525,148682,148719
I9B6A4525,150562,150598
I9B6A4525,151205,151241
I9B6A4525,152596,152630
I9B6A4525,153796,153836
I9B6A4525,155062,155100
I9B6A4525,156637,156678
I9B6A4525,157527,157563
I9B6A4525,158803,158844
I9B6A4525,159817,159847
I9B6A4525,163429,163458
I9B6A4525,165211,165247
I9B6A4525,166777,166818
I9B6A4525,168338,168372
I9B6A4525,171548,171586
I9B6A4525,172499,172534
I9B6A4525,173752,173791
I9B6A4525,175662,175697
I9B6A4525,176767,176799
I9B6A4525,177798,177835
I9B6A4525,179550,179584
I9B6A4525,181636,181671
I9B6A4525,184180,184214
I9B6A4525,185589,185626
I9B6A4525,186509,186547
I9B6A4525,187300,187336
I9B6A4525,188904,188938
I9B6A4525,190648,190685
I9B6A4525,192509,192546
I9B6A4525,193284,193319
I9B6A4525,194119,194154
I9B6A4525,195988,196028
I9B6A4525,197642,197676
I9B6A4525,198745,198780
I9B6A4525,200181,200218
I9B6A4525,201634,201670
I9B6A4525,205158,205193
I9B6A4525,205767,205806
I9B6A4525,206621,206660
I9B6A4525,208439,208477
I9B6A4525,209281,209315
I9B6A4525,210300,210329
I9B6A4525,211745,211783
I9B6A4525,212601,212638
I9B6A4525,214176,214212
I9B6A4525,215147,215183
I9B6A4525,215955,215990
I9B6A4525,218119,218152
I9B6A4525,218955,218992
I9B6A4525,220103,220141
I9B6A4525,221767,221804
I9B6A4525,223383,223420
I9B6A4525,227116,227148
I9B6A4525,228425,228462
I9B6A4525,229750,229787
I9B6A4525,232793,232823
I9B6A4525,234034,234073
I9B6A4525,235398,235433
I9B6A4525,236649,236684
I9B6A4525,237742,237781
I9B6A4525,239225,239261
I9B6A4525,240134,240175
I9B6A4525,240681,240722
I9B6A4525,241882,241916
I9B6A4525,242989,243027
I9B6A4525,245245,245739
I9CB71958,784,860
I9CB71958,10381,10410
I9CB71958,11605,11627
I9CB71958,11638,11678
I9CB71958,11880,11915
I9CB71958,12559,12578
I9CB71958,12946,13140
I9CB71958,13278,13309
I9CB71958,13333,13354
I9CB71958,13417,13450
I9CB71958,13498,13518
I9CB71958,13556,13578
I9CB71958,14378,14403
I9CB71958,14463,14482
I9CB71958,14572,14580
I9CB71958,14612,14630
I9CB71958,14780,14792
I9CB71958,15218,15245
I9CB71958,15314,15333
I9CB71958,15460,15496
I9CB71958,15612,15635
I9CB71958,15692,15715
I9CB71958,15770,15794
I9CB71958,15884,15900
I9CB71958,16018,16040
I9CB71958,16184,16206
I9CB71958,16437,16459
I9CB71958,16541,16565
I9CB71958,16713,16777
I9CB71958,16836,16894
I9CB71958,17068,17089
I9CB71958,17215,17277
I9CB71958,17458,17479
I9CB71958,17811,17837
I9CB71958,17882,17907
I9CB71958,17959,17983
I9CB71958,18162,18191
I9CB71958,18741,18760
I9CB71958,18966,18984
I9CB71958,19017,19033
I9CB71958,19062,19081
I9CB71958,19124,19141
I9CB71958,19259,19272
I9CB71958,19617,19630
I9CB71958,19661,19673
I9CB71958,19702,19719
I9CB71958,19750,19764
I9CB71958,19844,19854
I9CB71958,19891,19908
I9CB71958,19938,19959
I9CB71958,20009,20025
I9CB71958,20110,20124
I9CB71958,20302,20357
I9CB71958,20446,20469
I9CB71958,20513,20537
I9CB71958,20587,20609
I9CB71958,20673,20697
I9CB71958,20755,20784
I9CB71958,20856,20877
I9CB71958,21258,21288
I9CB71958,22104,22127
I9CB71958,22323,22337
I9CB71958,22403,22418
I9CB71958,22459,22474
I9CB71958,22554,22571
I9CB71958,22635,22651
I9CB71958,22825,22841
I9CB71958,22891,22908
I9CB71958,23144,23161
I9CB71958,23216,23236
I9CB71958,23286,23311
I9CB71958,23361,23388
I9CB71958,23533,23550
I9CB71958,23598,23622
I9CB71958,23993,24015
I9CB71958,24038,24052
I9CB71958,24097,24112
I9CB71958,24187,24208
I9CB71958,24285,24309
I9CB71958,24345,24365
I9CB71958,24496,24516
I9CB71958,24547,24572
I9CB71958,24610,24630
I9CB71958,24681,24709
I9CB71958,24817,24843
I9CB71958,25013,25043
I9CB71958,25688,25709
I9CB71958,25744,25767
I9CB71958,25802,25824
I9CB71958,25862,25876
I9CB71958,26002,26030
I9CB71958,26057,26084
I9CB71958,26188,26207
I9CB71958,26238,26264
I9CB71958,26316,26335
I9CB71958,26568,26595
I9CB71958,26685,26703
I9CB71958,26757,26776
I9CB71958,26822,26840
I9CB71958,26932,26946
I9CB71958,27008,27025
I9CB71958,27074,27090
I9CB71958,27169,27194
I9CB71958,27244,27267
I9CB71958,27394,27416
I9CB71958,27655,27675
I9CB71958,27703,27727
I9CB71958,27768,27786
I9CB71958,27993,28015
I9CB71958,28092,28107
I9CB71958,28167,28185
I9CB71958,28255,28267
I9CB71958,28385,28402
I9CB71958,28452,28467
I9CB71958,28586,28612
I9CB71958,28704,28728
I9CB71958,28795,28815
I9CB71958,29035,29054
I9CB71958,29131,29150
I9CB71958,29188,29205
I9CB71958,29243,29256
I9CB71958,29292,29308
I9CB71958,29494,29510
I9CB71958,29555,29570
I9CB71958,29710,29736
I9CB71958,29787,29809
I9CB71958,29849,29869
I9CB71958,29988,30009
I9CB71958,30100,30127
I9CB71958,30225,30243
I9CB71958,30338,30361
I9CB71958,30445,30466
I9CB71958,30586,30611
I9CB71958,30782,30804
I9CB71958,30836,30852
I9CB71958,30896,30925
I9CB71958,30972,31007
I9CB71958,31672,31804
I9D9C7AC9,1129,1306
I9D9C7AC9,1333,1482
I9D9C7AC9,1525,1973
I9D9C7AC9,2052,2800
I9D9C7AC9,2887,3039
I9D9C7AC9,3535,3606
I9D9C7AC9,3650,3724
I9D9C7AC9,4006,4083
I9D9C7AC9,4127,4200
I9D9C7AC9,4499,4574
I9D9C7AC9,4618,4693
I9D9C7AC9,4992,5064
I9D9C7AC9,5108,5189
I9D9C7AC9,5478,5552
I9D9C7AC9,5596,5670
I9D9C7AC9,5982,6060
I9D9C7AC9,6104,6179
I9D9C7AC9,6473,6545
I9D9C7AC9,6589,6663
I9D9C7AC9,6963,7039
I9D9C7AC9,7083,7163
I9D9C7AC9,7446,7512
I9D9C7AC9,7556,7632
I9D9C7AC9,7914,7984
I9D9C7AC9,8028,8100
I9D9C7AC9,8410,8486
I9D9C7AC9,8530,8602
I9D9C7AC9,8889,8963
I9D9C7AC9,9007,9081
I9D9C7AC9,9383,9458
I9D9C7AC9,9502,9571
I9D9C7AC9,9863,9935
I9D9C7AC9,9979,10056
I9D9C7AC9,10342,10420
I9D9C7AC9,10464,10534
I9D9C7AC9,10825,10899
I9D9C7AC9,10943,11015
I9D9C7AC9,11070,11774
I9D9C7AC9,11824,12122
I9D9C7AC9,12231,12707
I9D9C7AC9,12732,12893
I9D9C7AC9,13661,13687
I9D9C7AC9,13958,14022
I9FF2B59B,14411,14892
I9FF2B59B,31182,31191
I9FF2B59B,31270,31367
I9FF2B59B,31381,31389
I9FF2B59B,32551,32583
I9FF2B59B,32595,32613
I9FF2B59B,32618,32636
I9FF2B59B,32658,32691
I9FF2B59B,32730,32764
I9FF2B59B,32773,32839
I9FF2B59B,32876,32892
I9FF2B59B,32932,32982
I9FF2B59B,32991,33001
I9FF2B59B,33016,33021
I9FF2B59B,33076,33103
I9FF2B59B,33115,33130
I9FF2B59B,33267,33300
I9FF2B59B,33332,33401
I9FF2B59B,33427,33442
I9FF2B59B,33449,33565
I9FF2B59B,33576,33611
I9FF2B59B,33638,33678
I9FF2B59B,33687,33723
I9FF2B59B,33779,33786
I9FF2B59B,33811,33834
I9FF2B59B,33838,33876
I9FF2B59B,33902,33942
I9FF2B59B,33960,33998
I9FF2B59B,34723,34766
I9FF2B59B,34802,34829
I9FF2B59B,34866,34888
I9FF2B59B,34908,34921
I9FF2B59B,34927,34966
I9FF2B59B,34977,34986
I9FF2B59B,35024,35133
I9FF2B59B,35146,35186
I9FF2B59B,35195,35205
I9FF2B59B,35232,35261
I9FF2B59B,35279,35565
I9FF2B59B,35596,35608
I9FF2B59B,35707,35711
I9FF2B59B,35733,35738
I9FF2B59B,35760,35769
I9FF2B59B,35779,35785
I9FF2B59B,35790,35800
I9FF2B59B,35806,35876
I9FF2B59B,35892,35899
I9FF2B59B,35953,35961
I9FF2B59B,35971,36004
I9FF2B59B,36014,36026
I9FF2B59B,36041,36162
I9FF2B59B,36169,36202
I9FF2B59B,36219,36285
I9FF2B59B,36331,36364
I9FF2B59B,36395,36434
I9FF2B59B,36462,36470
I9FF2B59B,36478,36487
I9FF2B59B,36491,36558
I9FF2B59B,36565,36571
I9FF2B59B,36574,36579
I9FF2B59B,36582,36596
I9FF2B59B,36601,36664
I9FF2B59B,36674,36819
I9FF2B59B,36854,36959
I9FF2B59B,36972,36980
I9FF2B59B,36983,37088
I9FF2B59B,37149,37187
I9FF2B59B,37260,37295
I9FF2B59B,37300,37305
I9FF2B59B,37310,37316
I9FF2B59B,37415,37423
I9FF2B59B,37516,37521
I9FF2B59B,37601,37632
I9FF2B59B,37693,37806
I9FF2B59B,37817,37879
I9FF2B59B,37929,38144
I9FF2B59B,38153,38163
I9FF2B59B,38174,38184
I9FF2B59B,38229,38270
I9FF2B59B,38297,38314
I9FF2B59B,38317,38319
I9FF2B59B,38367,38377
I9FF2B59B,38380,38389
I9FF2B59B,38393,38399
I9FF2B59B,38403,38424
I9FF2B59B,38485,38506
I9FF2B59B,38586,38604
I9FF2B59B,38623,38628
I9FF2B59B,38638,38684
I9FF2B59B,38736,38746
I9FF2B59B,38749,38759
I9FF2B59B,38762,38768
I9FF2B59B,38794,38834
I9FF2B59B,38837,38850
I9FF2B59B,38873,38883
I9FF2B59B,38891,38897
I9FF2B59B,38900,38908
I9FF2B59B,38929,38979
I9FF2B59B,38988,39013
I9FF2B59B,39030,39043
I9FF2B59B,39140,39175
I9FF2B59B,39229,39264
I9FF2B59B,39282,39290
I9FF2B59B,39293,39339
I9FF2B59B,39342,39362
I9FF2B59B,39368,39408
I9FF2B59B,39417,39525
I9FF2B59B,39813,39822
I9FF2B59B,39918,39921
I9FF2B59B,39928,39953
I9FF2B59B,39965,39970
I9FF2B59B,39990,39999
I9FF2B59B,40006,40014
I9FF2B59B,40039,40049
I9FF2B59B,40053,40089
I9FF2B59B,40132,40148
I9FF2B59B,40172,40179
I9FF2B59B,40238,40241
I9FF2B59B,40312,40315
I9FF2B59B,40369,40375
I9FF2B59B,41512,41535
I9FF2B59B,41545,41558
I9FF2B59B,42337,42353
I9FF2B59B,42356,42446
I9FF2B59B,42461,42563
I9FF2B59B,42579,42799
I9FF2B59B,42840,42946
I9FF2B59B,43021,43101
I9FF2B59B,43163,43173
I9FF2B59B,43229,43369
I9FF2B59B,43587,43766
I9FF2B59B,43793,43849
I9FF2B59B,43868,43948
I9FF2B59B,43975,43988
I9FF2B59B,43993,44020
I9FF2B59B,44055,44100
I9FF2B59B,44145,44223
I9FF2B59B,44234,44307
I9FF2B59B,44326,44368
I9FF2B59B,44427,44539
I9FF2B59B,44567,44642
I9FF2B59B,44763,44774
I9FF2B59B,44791,44894
I9FF2B59B,44947,45020
I9FF2B59B,45035,45226
I9FF2B59B,45318,45441
I9FF2B59B,45467,45611
I9FF2B59B,45634,45704
I9FF2B59B,45772,45915
I9FF2B59B,45923,45947
I9FF2B59B,45953,45970
I9FF2B59B,45976,45980
I9FF2B59B,45989,46138
I9FF2B59B,46146,46231
I9FF2B59B,46239,46321
I9FF2B59B,46340,46619
I9FF2B59B,46664,46744
I9FF2B59B,46802,46942
I9FF2B59B,46959,46967
I9FF2B59B,46974,47171
I9FF2B59B,47280,47370
I9FF2B59B,47378,47532
I9FF2B59B,47562,47570
I9FF2B59B,47578,47602
I9FF2B59B,47610,47620
I9FF2B59B,47630,47720
I9FF2B59B,47749,47828
I9FF2B59B,47836,47995
I9FF2B59B,48024,48051
I9FF2B59B,48062,48079
I9FF2B59B,48089,48101
I9FF2B59B,48114,48129
I9FF2B59B,48140,48162
I9FF2B59B,48216,48230
I9FF2B59B,48237,48242
I9FF2B59B,48247,48298
I9FF2B59B,48311,48386
I9FF2B59B,48439,48519
I9FF2B59B,48525,48543
I9FF2B59B,48553,48599
I9FF2B59B,48624,48741
I9FF2B59B,48754,48810
I9FF2B59B,48874,48936
I9FF2B59B,48951,49017
I9FF2B59B,49023,49046
I9FF2B59B,49055,49059
I9FF2B59B,49067,49096
I9FF2B59B,49101,49117
I9FF2B59B,49119,49125
I9FF2B59B,49128,49132
I9FF2B59B,49137,49164
I9FF2B59B,49233,49321
I9FF2B59B,49338,49458
I9FF2B59B,49527,49647
I9FF2B59B,49666,49735
I9FF2B59B,49829,49838
I9FF2B59B,49850,49923
I9FF2B59B,49940,49944
I9FF2B59B,49954,50121
I9FF2B59B,50169,50261
I9FF2B59B,50279,50327
I9FF2B59B,50339,50410
I9FF2B59B,50423,50566
I9FF2B59B,50590,50597
I9FF2B59B,50617,50637
I9FF2B59B,50640,50648
I9FF2B59B,50724,50752
I9FF2B59B,50773,50894
I9FF2B59B,50905,50978
I9FF2B59B,51004,51078
I9FF2B59B,51207,51223
I9FF2B59B,51304,51358
I9FF2B59B,51385,51663
I9FF2B59B,51680,51749
I9FF2B59B,51762,51907
I9FF2B59B,51921,51933
I9FF2B59B,51942,52051
I9FF2B59B,52054,52058
I9FF2B59B,52061,52138
I9FF2B59B,52179,52192
I9FF2B59B,52195,52205
I9FF2B59B,52212,52339
I9FF2B59B,52375,52476
I9FF2B59B,52485,52497
I9FF2B59B,52502,52524
I9FF2B59B,52544,52556
I9FF2B59B,52560,52618
I9FF2B59B,52628,52634
I9FF2B59B,52639,52642
I9FF2B59B,52661,52713
I9FF2B59B,52720,52739
I9FF2B59B,52798,52818
I9FF2B59B,52873,52880
I9FF2B59B,52886,52924
I9FF2B59B,52936,52939
I9FF2B59B,52953,53016
I9FF2B59B,53033,53045
I9FF2B59B,53052,53057
I9FF2B59B,53079,53105
I9FF2B59B,53137,53218
I9FF2B59B,53256,53329
I9FF2B59B,53360,53444
I9FF2B59B,53446,53454
I9FF2B59B,53470,53483
I9FF2B59B,53511,53533
I9FF2B59B,53540,53559
I9FF2B59B,53568,53595
I9FF2B59B,53618,53685
I9FF2B59B,53695,53700
I9FF2B59B,53704,53739
I9FF2B59B,53757,53837
I9FF2B59B,53848,54110
I9FF2B59B,54178,54199
I9FF2B59B,54207,54219
I9FF2B59B,54227,54240
I9FF2B59B,54243,54250
I9FF2B59B,54261,54278
I9FF2B59B,54283,54377
I9FF2B59B,54383,54635
I9FF2B59B,54675,54914
I9FF2B59B,54944,54991
I9FF2B59B,54993,55000
I9FF2B59B,55096,55112
I9FF2B59B,55160,55188
I9FF2B59B,59933,59941
I9FF2B59B,60721,60753
I9FF2B59B,60797,60806
I9FF2B59B,60810,60826
I9FF2B59B,60834,60842
I9FF2B59B,60902,60934
I9FF2B59B,60937,60939
I9FF2B59B,60941,60943
I9FF2B59B,61106,61128
I9FF2B59B,61160,61169
I9FF2B59B,61436,61465
I9FF2B59B,61473,61479
I9FF2B59B,61482,61501
I9FF2B59B,61505,61512
I9FF2B59B,61533,61537
I9FF2B59B,61822,61847
I9FF2B59B,61901,61909
I9FF2B59B,61912,61916
I9FF2B59B,61998,62017
I9FF2B59B,62067,62077
I9FF2B59B,62089,62093
I9FF2B59B,62125,62140
I9FF2B59B,62156,62160
I9FF2B59B,62169,62180
I9FF2B59B,62186,62191
I9FF2B59B,62216,62224
I9FF2B59B,62227,62235
I9FF2B59B,62269,62273
I9FF2B59B,62280,62295
I9FF2B59B,62298,62315
I9FF2B59B,62322,62330
I9FF2B59B,62345,62355
I9FF2B59B,62390,62395
I9FF2B59B,62398,62415
I9FF2B59B,62493,62502
I9FF2B59B,62521,62536
I9FF2B59B,62677,62681
I9FF2B59B,62687,62692
I9FF2B59B,62695,62699
I9FF2B59B,62724,62731
I9FF2B59B,62751,62755
I9FF2B59B,62759,62776
I9FF2B59B,62780,62784
I9FF2B59B,63438,63457
I9FF2B59B,63481,63490
I9FF2B59B,63510,63525
I9FF2B59B,63541,63548
I9FF2B59B,63557,63563
I9FF2B59B,63630,63637
I9FF2B59B,63675,63692
I9FF2B59B,63699,63713
I9FF2B59B,63722,63738
I9FF2B59B,63798,63807
I9FF2B59B,63840,63848
I9FF2B59B,63866,63871
I9FF2B59B,63953,63990
I9FF2B59B,64017,64025
I9FF2B59B,64087,64108
I9FF2B59B,64161,64166
I9FF2B59B,64198,64207
I9FF2B59B,64260,64295
I9FF2B59B,64403,64437
I9FF2B59B,64494,64499
I9FF2B59B,64528,64535
I9FF2B59B,64579,64586
I9FF2B59B,64615,64638
I9FF2B59B,64642,64680
I9FF2B59B,64755,64768
I9FF2B59B,64799,64804
I9FF2B59B,64859,64863
I9FF2B59B,64885,64896
I9FF2B59B,64914,64920
I9FF2B59B,64923,64949
I9FF2B59B,65001,65010
I9FF2B59B,65031,65035
I9FF2B59B,65145,65153
I9FF2B59B,65160,65165
I9FF2B59B,65173,65175
I9FF2B59B,65195,65198
I9FF2B59B,65225,65229
I9FF2B59B,65238,65242
I9FF2B59B,65245,65249
I9FF2B59B,65253,65258
I9FF2B59B,65340,65356
I9FF2B59B,65376,65380
I9FF2B59B,65390,65401
I9FF2B59B,66567,66575
I9FF2B59B,66617,66630
I9FF2B59B,66645,66653
I9FF2B59B,66677,66685
I9FF2B59B,66690,66698
I9FF2B59B,66705,66708
I9FF2B59B,66749,66755
I9FF2B59B,66764,66778
I9FF2B59B,66792,66819
I9FF2B59B,66824,66830
I9FF2B59B,66834,66839
I9FF2B59B,66894,66903
I9FF2B59B,66908,66916
I9FF2B59B,66923,66926
I9FF2B59B,66954,66960
I9FF2B59B,66971,67022
I9FF2B59B,67062,67079
I9FF2B59B,67129,67132
I9FF2B59B,67297,67303
I9FF2B59B,67335,67345
I9FF2B59B,67360,67369
I9FF2B59B,67394,67424
I9FF2B59B,67452,67476
I9FF2B59B,67492,67504
I9FF2B59B,67551,67560
I9FF2B59B,67619,67652
I9FF2B59B,67664,67677
I9FF2B59B,67793,67844
I9FF2B59B,67862,67879
I9FF2B59B,67885,67891
I9FF2B59B,67897,67927
I9FF2B59B,67931,67935
I9FF2B59B,67946,67961
I9FF2B59B,67969,67980
I9FF2B59B,67991,67997
I9FF2B59B,68003,68025
I9FF2B59B,68030,68043
I9FF2B59B,68265,68273
I9FF2B59B,68276,68285
I9FF2B59B,69221,69237
I9FF2B59B,69245,69259
I9FF2B59B,69299,69328
I9FF2B59B,69336,69362
I9FF2B59B,69613,69620
I9FF2B59B,69641,69653
I9FF2B59B,69658,69671
I9FF2B59B,69708,69714
I9FF2B59B,70314,70348
I9FF2B59B,70399,70434
I9FF2B59B,70460,70476
I9FF2B59B,70481,70495
I9FF2B59B,70509,70515
I9FF2B59B,70518,70534
I9FF2B59B,70537,70557
I9FF2B59B,70612,70633
I9FF2B59B,70656,70674
I9FF2B59B,70682,70699
I9FF2B59B,70713,70731
I9FF2B59B,70835,70841
I9FF2B59B,70843,70852
I9FF2B59B,70859,70881
I9FF2B59B,70884,70901
I9FF2B59B,71119,71129
I9FF2B59B,71133,71165
I9FF2B59B,71174,71178
I9FF2B59B,71181,71184
I9FF2B59B,71192,71197
I9FF2B59B,71206,71210
I9FF2B59B,71252,71267
I9FF2B59B,71270,71273
I9FF2B59B,71295,71303
I9FF2B59B,71306,71330
I9FF2B59B,71348,71355
I9FF2B59B,71361,71391
I9FF2B59B,71396,71416
I9FF2B59B,71784,71790
I9FF2B59B,71794,71816
I9FF2B59B,71825,71829
I9FF2B59B,71832,71840
I9FF2B59B,72666,72716
I9FF2B59B,72758,72781
I9FF2B59B,72804,72833
I9FF2B59B,72838,72840
I9FF2B59B,72846,72852
I9FF2B59B,72861,72869
I9FF2B59B,72892,72911
I9FF2B59B,72932,73003
I9FF2B59B,73036,73044
I9FF2B59B,73135,73143
I9FF2B59B,73385,73400
I9FF2B59B,73476,73481
I9FF2B59B,73677,73701
I9FF2B59B,73787,73791
I9FF2B59B,73794,73797
I9FF2B59B,73800,73806
I9FF2B59B,73809,73844
I9FF2B59B,77403,77407
I9FF2B59B,77410,77431
I9FF2B59B,77436,77443
I9FF2B59B,77454,77458
I9FF2B59B,77482,77507
I9FF2B59B,77579,77587
I9FF2B59B,78234,78238
I9FF2B59B,78243,78249
I9FF2B59B,78265,78273
I9FF2B59B,78277,78281
I9FF2B59B,78299,78304
I9FF2B59B,78334,78338
I9FF2B59B,78341,78344
I9FF2B59B,78347,78352
I9FF2B59B,82968,82976
I9FF2B59B,83027,83058
I9FF2B59B,83066,83071
I9FF2B59B,83103,83109
I9FF2B59B,83112,83124
I9FF2B59B,83128,83133
I9FF2B59B,83143,83148
I9FF2B59B,83164,83170
I9FF2B59B,83185,83213
I9FF2B59B,83220,83236
I9FF2B59B,83244,83256
I9FF2B59B,83270,83286
I9FF2B59B,83305,83310
I9FF2B59B,83314,83328
I9FF2B59B,83337,83353
I9FF2B59B,86297,86312
I9FF2B59B,86316,86325
I9FF2B59B,86389,86394
I9FF2B59B,86396,86405
I9FF2B59B,86432,86453
I9FF2B59B,86457,86467
I9FF2B59B,93478,93488
I9FF2B59B,99741,99755
I9FF2B59B,100325,100333
I9FF2B59B,100349,100361
I9FF2B59B,100417,100430
I9FF2B59B,100446,100454
I9FF2B59B,100783,100788
I9FF2B59B,102714,102720
I9FF2B59B,102723,102730
I9FF2B59B,102732,102739
I9FF2B59B,102746,102759
I9FF2B59B,102775,102785
I9FF2B59B,103981,104006
I9FF2B59B,104074,104087
I9FF2B59B,104091,104094
I9FF2B59B,104097,104099
I9FF2B59B,104102,104121
I9FF2B59B,104128,104168
I9FF2B59B,104181,104186
I9FF2B59B,104252,104288
I9FF2B59B,104292,104302
I9FF2B59B,104305,104317
I9FF2B59B,104319,104334
I9FF2B59B,104392,104402
I9FF2B59B,104466,104476
I9FF2B59B,104479,104482
I9FF2B59B,104491,104494
I9FF2B59B,104496,104509
I9FF2B59B,104523,104539
I9FF2B59B,104543,104548
I9FF2B59B,104550,104554
I9FF2B59B,104556,104569
I9FF2B59B,104667,104677
I9FF2B59B,104680,104686
I9FF2B59B,104689,104698
I9FF2B59B,104731,104763
I9FF2B59B,104769,104773
I9FF2B59B,104791,104795
I9FF2B59B,104797,104816
I9FF2B59B,104819,104845
I9FF2B59B,104849,104859
I9FF2B59B,104863,104871
I9FF2B59B,104880,104884
I9FF2B59B,104886,104889
I9FF2B59B,104901,104906
I9FF2B59B,104908,104913
I9FF2B59B,104917,104953
I9FF2B59B,105148,105156
I9FF2B59B,105159,105164
I9FF2B59B,105166,105170
I9FF2B59B,105173,105193
I9FF2B59B,105766,105781
I9FF2B59B,105891,105910
I9FF2B59B,105975,105978
I9FF2B59B,105984,106003
I9FF2B59B,106006,106021
I9FF2B59B,106027,106035
I9FF2B59B,106068,106076
I9FF2B59B,106080,106098
I9FF2B59B,106506,106520
I9FF2B59B,106530,106536
I9FF2B59B,106984,106992
I9FF2B59B,107010,107013
I9FF2B59B,107021,107025
I9FF2B59B,107029,107055
I9FF2B59B,107485,107523
I9FF2B59B,107546,107551
I9FF2B59B,107579,107588
I9FF2B59B,107593,107601
I9FF2B59B,107629,107639
I9FF2B59B,107666,107669
I9FF2B59B,107673,107676
I9FF2B59B,107680,107709
I9FF2B59B,107899,107915
I9FF2B59B,108510,108520
I9FF2B59B,108542,108545
I9FF2B59B,108564,108570
I9FF2B59B,108597,108601
I9FF2B59B,108605,108610
I9FF2B59B,108615,108641
I9FF2B59B,108698,108714
I9FF2B59B,108757,108777
I9FF2B59B,108791,108800
I9FF2B59B,108804,108830
I9FF2B59B,108856,108869
I9FF2B59B,108879,108886
I9FF2B59B,108890,108907
I9FF2B59B,108909,108915
I9FF2B59B,108917,108930
I9FF2B59B,108956,108965
I9FF2B59B,108968,108976
I9FF2B59B,108980,108989
I9FF2B59B,109030,109042
I9FF2B59B,109044,109058
I9FF2B59B,109067,109080
I9FF2B59B,109319,109325
I9FF2B59B,109339,109344
I9FF2B59B,109364,109381
I9FF2B59B,109383,109407
I9FF2B59B,109410,109429
I9FF2B59B,109432,109453
I9FF2B59B,109460,109473
I9FF2B59B,109516,109524
I9FF2B59B,109535,109548
I9FF2B59B,109563,109572
I9FF2B59B,109575,109583
I9FF2B59B,109587,109594
I9FF2B59B,109603,109610
I9FF2B59B,109614,109622
I9FF2B59B,109624,109628
I9FF2B59B,109669,109674
I9FF2B59B,109777,109783
I9FF2B59B,109787,109792
I9FF2B59B,109795,109810
I9FF2B59B,109820,109825
I9FF2B59B,110360,110378
I9FF2B59B,110388,110440
I9FF2B59B,110445,110462
I9FF2B59B,110476,110495
I9FF2B59B,110527,110569
I9FF2B59B,110572,110578
I9FF2B59B,110618,110648
I9FF2B59B,111224,111233
I9FF2B59B,111333,111346
I9FF2B59B,111355,111380
I9FF2B59B,111430,111437
I9FF2B59B,111441,111460
I9FF2B59B,111465,111468
I9FF2B59B,111519,111526
I9FF2B59B,111534,111540
I9FF2B59B,111548,111550
I9FF2B59B,111557,111586
I9FF2B59B,111604,111610
I9FF2B59B,111709,111719
I9FF2B59B,111721,111728
I9FF2B59B,111734,111739
I9FF2B59B,111745,111755
I9FF2B59B,111758,111762
I9FF2B59B,111781,111797
I9FF2B59B,111799,111805
I9FF2B59B,111820,111829
I9FF2B59B,111837,111840
I9FF2B59B,111842,111846
I9FF2B59B,111850,111881
I9FF2B59B,111900,111905
I9FF2B59B,111909,111921
I9FF2B59B,111924,111928
I9FF2B59B,111930,111942
I9FF2B59B,112246,112276
I9FF2B59B,112345,112349
I9FF2B59B,112358,112373
I9FF2B59B,112560,112578
I9FF2B59B,112632,112639
I9FF2B59B,112651,112661
I9FF2B59B,112702,112716
I9FF2B59B,112725,112728
I9FF2B59B,112751,112764
I9FF2B59B,112766,112769
I9FF2B59B,112791,112810
I9FF2B59B,113016,113027
I9FF2B59B,113089,113103
I9FF2B59B,113176,113187
I9FF2B59B,113248,113275
I9FF2B59B,113314,113326
I9FF2B59B,113331,113346
I9FF2B59B,113362,113384
I9FF2B59B,113541,113563
I9FF2B59B,113571,113589
I9FF2B59B,113599,113605
I9FF2B59B,113619,113646
I9FF2B59B,113871,113884
I9FF2B59B,113891,113919
I9FF2B59B,113936,113967
I9FF2B59B,113969,113974
I9FF2B59B,113977,113981
I9FF2B59B,113985,114016
I9FF2B59B,114437,114450
I9FF2B59B,114454,114459
I9FF2B59B,114472,114477
I9FF2B59B,114479,114484
I9FF2B59B,114618,114624
I9FF2B59B,114627,114639
I9FF2B59B,114641,114660
I9FF2B59B,114663,114670
I9FF2B59B,114739,114761
I9FF2B59B,114973,114977
I9FF2B59B,114981,114994
I9FF2B59B,115014,115023
I9FF2B59B,115035,115046
I9FF2B59B,115086,115123
I9FF2B59B,115149,115160
I9FF2B59B,115170,115178
I9FF2B59B,115228,115233
I9FF2B59B,115236,115243
I9FF2B59B,115261,115277
I9FF2B59B,115311,115325
I9FF2B59B,115328,115337
I9FF2B59B,115518,115532
I9FF2B59B,115540,115546
I9FF2B59B,115568,115573
I9FF2B59B,115576,115593
I9FF2B59B,115608,115616
I9FF2B59B,115620,115639
I9FF2B59B,115645,115652
I9FF2B59B,115659,115665
I9FF2B59B,115671,115680
I9FF2B59B,115684,115690
I9FF2B59B,115693,115697
I9FF2B59B,115700,115704
I9FF2B59B,115707,115713
I9FF2B59B,115715,115719
I9FF2B59B,115721,115725
I9FF2B59B,115727,115741
I9FF2B59B,115877,115882
I9FF2B59B,115967,115971
I9FF2B59B,115974,115988
I9FF2B59B,116004,116011
I9FF2B59B,116142,116159
I9FF2B59B,116170,116178
I9FF2B59B,116196,116205
I9FF2B59B,116208,116214
I9FF2B59B,116223,116228
I9FF2B59B,116256,116259
I9FF2B59B,116273,116278
I9FF2B59B,116284,116286
I9FF2B59B,116309,116324
I9FF2B59B,116327,116333
I9FF2B59B,116337,116348
I9FF2B59B,116361,116391
I9FF2B59B,119347,119351
I9FF2B59B,119354,119363
I9FF2B59B,119595,119617
I9FF2B59B,119627,119645
I9FF2B59B,121071,121098
I9FF2B59B,121101,121105
I9FF2B59B,121107,121125
I9FF2B59B,121129,121145
I9FF2B59B,121148,121153
I9FF2B59B,121188,121200
I9FF2B59B,121203,121212
I9FF2B59B,121352,121356
I9FF2B59B,121377,121385
I9FF2B59B,121388,121396
I9FF2B59B,121402,121414
I9FF2B59B,121438,121466
I9FF2B59B,121521,121538
I9FF2B59B,121590,121595
I9FF2B59B,121616,121647
I9FF2B59B,121656,121668
I9FF2B59B,121672,121702
I9FF2B59B,121774,121793
I9FF2B59B,121943,121950
I9FF2B59B,121973,121995
I9FF2B59B,122007,122012
I9FF2B59B,122042,122050
I9FF2B59B,122057,122067
I9FF2B59B,122086,122094
I9FF2B59B,122111,122121
I9FF2B59B,122133,122145
I9FF2B59B,122148,122156
I9FF2B59B,122183,122186
I9FF2B59B,122188,122191
I9FF2B59B,122213,122226
I9FF2B59B,122230,122250
I9FF2B59B,122302,122316
I9FF2B59B,122322,122332
I9FF2B59B,122336,122341
I9FF2B59B,122345,122349
I9FF2B59B,122352,122369
I9FF2B59B,122373,122376
I9FF2B59B,122380,122385
I9FF2B59B,122389,122393
I9FF2B59B,122395,122398
I9FF2B59B,122401,122404
I9FF2B59B,122423,122432
I9FF2B59B,122482,122490
I9FF2B59B,122515,122534
I9FF2B59B,122539,122545
I9FF2B59B,122552,122561
I9FF2B59B,123232,123239
I9FF2B59B,123248,123258
I9FF2B59B,123261,123270
I9FF2B59B,123281,123285
I9FF2B59B,123290,123293
I9FF2B59B,123296,123311
I9FF2B59B,123323,123330
I9FF2B59B,123345,123351
I9FF2B59B,123852,123862
I9FF2B59B,123883,123900
I9FF2B59B,124186,124211
I9FF2B59B,124214,124227
I9FF2B59B,124253,124264
I9FF2B59B,125050,125053
I9FF2B59B,125056,125065
I9FF2B59B,125077,125089
I9FF2B59B,125209,125227
I9FF2B59B,125252,125278
I9FF2B59B,125288,125297
I9FF2B59B,125299,125304
I9FF2B59B,125961,125976
I9FF2B59B,126006,126012
I9FF2B59B,126025,126052
I9FF2B59B,126061,126065
I9FF2B59B,126067,126084
I9FF2B59B,126086,126089
I9FF2B59B,126116,126134
I9FF2B59B,126141,126145
I9FF2B59B,126153,126156
I9FF2B59B,126159,126170
I9FF2B59B,127093,127100
I9FF2B59B,127103,127110
I9FF2B59B,127121,127126
I9FF2B59B,127130,127136
I9FF2B59B,127175,127180
I9FF2B59B,127187,127201
I9FF2B59B,127206,127218
I9FF2B59B,127298,127306
I9FF2B59B,127317,127324
I9FF2B59B,127327,127338
I9FF2B59B,129596,129600
I9FF2B59B,129603,129619
I9FF2B59B,129633,129669
I9FF2B59B,129680,129695
I9FF2B59B,129710,129721
I9FF2B59B,129725,129729
I9FF2B59B,129737,129741
I9FF2B59B,129745,129762
I9FF2B59B,129800,129808
I9FF2B59B,129810,129814
I9FF2B59B,129828,129846
I9FF2B59B,129859,129883
I9FF2B59B,129886,129915
I9FF2B59B,130214,130222
I9FF2B59B,130226,130257
I9FF2B59B,130260,130273
I9FF2B59B,130277,130304
I9FF2B59B,130372,130382
I9FF2B59B,130386,130404
I9FF2B59B,130408,130420
I9FF2B59B,130423,130431
I9FF2B59B,130434,130466
I9FF2B59B,130564,130570
I9FF2B59B,130582,130603
I9FF2B59B,130605,130614
I9FF2B59B,130617,130635
I9FF2B59B,130640,130643
I9FF2B59B,130672,130678
I9FF2B59B,130695,130712
I9FF2B59B,130769,130790
I9FF2B59B,130793,130800
I9FF2B59B,130873,130896
I9FF2B59B,130906,130935
I9FF2B59B,130965,130988
I9FF2B59B,130991,131005
I9FF2B59B,131008,131012
I9FF2B59B,131016,131032
I9FF2B59B,131035,131039
I9FF2B59B,131131,131139
I9FF2B59B,131142,131162
I9FF2B59B,131171,131198
I9FF2B59B,131204,131232
I9FF2B59B,131235,131239
I9FF2B59B,131243,131252
I9FF2B59B,131256,131280
I9FF2B59B,131283,131298
I9FF2B59B,131313,131322
I9FF2B59B,131326,131369
I9FF2B59B,131372,131376
I9FF2B59B,131524,131545
I9FF2B59B,131550,131554
I9FF2B59B,131563,131587
I9FF2B59B,131590,131594
I9FF2B59B,131658,131666
I9FF2B59B,131670,131707
I9FF2B59B,131712,131735
I9FF2B59B,131740,131755
I9FF2B59B,131758,131780
I9FF2B59B,131783,131787
I9FF2B59B,131791,131803
I9FF2B59B,131807,131810
I9FF2B59B,131813,131816
I9FF2B59B,131818,131839
I9FF2B59B,131865,131873
I9FF2B59B,131875,131884
I9FF2B59B,131890,131894
I9FF2B59B,131897,131903
I9FF2B59B,131965,131973
I9FF2B59B,131976,131996
I9FF2B59B,132454,132457
I9FF2B59B,132470,132473
I9FF2B59B,132512,132519
I9FF2B59B,132523,132527
I9FF2B59B,132540,132551
I9FF2B59B,132554,132581
I9FF2B59B,132603,132634
I9FF2B59B,132638,132667
I9FF2B59B,132673,132698
I9FF2B59B,132701,132706
I9FF2B59B,132709,132713
I9FF2B59B,132750,132778
I9FF2B59B,132790,132799
I9FF2B59B,132802,132806
I9FF2B59B,132810,132815
I9FF2B59B,132819,132823
I9FF2B59B,132826,132832
I9FF2B59B,132835,132849
I9FF2B59B,132851,132856
I9FF2B59B,132865,132874
I9FF2B59B,132883,132891
I9FF2B59B,132895,132912
I9FF2B59B,132918,132941
I9FF2B59B,132944,132948
I9FF2B59B,132957,132986
I9FF2B59B,133038,133065
I9FF2B59B,133068,133085
I9FF2B59B,133091,133095
I9FF2B59B,133098,133102
I9FF2B59B,133106,133110
I9FF2B59B,133119,133131
I9FF2B59B,133139,133142
I9FF2B59B,133149,133162
I9FF2B59B,133178,133185
I9FF2B59B,133189,133208
I9FF2B59B,133220,133230
I9FF2B59B,133235,133239
I9FF2B59B,133243,133249
I9FF2B59B,133256,133269
I9FF2B59B,133274,133278
I9FF2B59B,133281,133285
I9FF2B59B,133289,133296
I9FF2B59B,133300,133330
I9FF2B59B,133333,133362
I9FF2B59B,133365,133426
I9FF2B59B,133452,133462
I9FF2B59B,133472,133482
I9FF2B59B,133492,133503
I9FF2B59B,133527,133530
I9FF2B59B,133542,133550
I9FF2B59B,133561,133565
I9FF2B59B,133571,133597
I9FF2B59B,133601,133622
I9FF2B59B,133634,133651
I9FF2B59B,133653,133657
I9FF2B59B,133661,133671
I9FF2B59B,133685,133690
I9FF2B59B,133695,133718
I9FF2B59B,133725,133730
I9FF2B59B,133736,133760
I9FF2B59B,133764,133791
I9FF2B59B,133795,133821
I9FF2B59B,134278,134292
I9FF2B59B,134295,134336
I9FF2B59B,134348,134375
I9FF2B59B,134378,134387
I9FF2B59B,134472,134480
I9FF2B59B,134493,134506
I9FF2B59B,134510,134517
I9FF2B59B,134521,134527
I9FF2B59B,134529,134533
I9FF2B59B,134536,134556
I9FF2B59B,134564,134577
I9FF2B59B,134584,134596
I9FF2B59B,134608,134624
I9FF2B59B,134627,134633
I9FF2B59B,134651,134655
I9FF2B59B,134662,134677
I9FF2B59B,134684,134689
I9FF2B59B,134696,134703
I9FF2B59B,134740,134755
I9FF2B59B,134759,134770
I9FF2B59B,134775,134805
I9FF2B59B,134817,134842
I9FF2B59B,134846,134871
I9FF2B59B,134875,134896
I9FF2B59B,134899,134911
I9FF2B59B,134915,134919
I9FF2B59B,134948,134951
I9FF2B59B,134957,134968
I9FF2B59B,134970,134974
I9FF2B59B,134977,134988
I9FF2B59B,135004,135030
I9FF2B59B,135102,135157
I9FF2B59B,135160,135189
I9FF2B59B,135193,135212
I9FF2B59B,135215,135233
I9FF2B59B,135237,135248
I9FF2B59B,135251,135256
I9FF2B59B,135267,135276
I9FF2B59B,135280,135313
I9FF2B59B,135501,135505
I9FF2B59B,135508,135529
I9FF2B59B,135541,135552
I9FF2B59B,135627,135642
I9FF2B59B,135711,135731
I9FF2B59B,135734,135740
I9FF2B59B,135748,135764
I9FF2B59B,135776,135790
I9FF2B59B,135870,135874
I9FF2B59B,135940,135944
I9FF2B59B,135960,135988
I9FF2B59B,136421,136425
I9FF2B59B,136428,136444
I9FF2B59B,136482,136490
I9FF2B59B,136494,136498
I9FF2B59B,136501,136506
I9FF2B59B,136634,136640
I9FF2B59B,136653,136665
I9FF2B59B,136668,136672
I9FF2B59B,136678,136684
I9FF2B59B,136687,136710
I9FF2B59B,136906,136911
I9FF2B59B,136914,136922
I9FF2B59B,136926,136931
I9FF2B59B,136953,136956
I9FF2B59B,136958,136968
I9FF2B59B,136972,136996
I9FF2B59B,137000,137036
I9FF2B59B,137065,137075
I9FF2B59B,137092,137100
I9FF2B59B,137250,137262
I9FF2B59B,137265,137269
I9FF2B59B,137412,137415
I9FF2B59B,137459,137467
I9FF2B59B,137470,137481
I9FF2B59B,137489,137511
I9FF2B59B,137515,137519
I9FF2B59B,137522,137533
I9FF2B59B,137537,137545
I9FF2B59B,137550,137562
I9FF2B59B,137662,137669
I9FF2B59B,137680,137684
I9FF2B59B,137723,137729
I9FF2B59B,137742,137746
I9FF2B59B,137761,137769
I9FF2B59B,137772,137776
I9FF2B59B,137813,137819
I9FF2B59B,137831,137857
I9FF2B59B,137863,137871
I9FF2B59B,137875,137879
I9FF2B59B,137882,137903
I9FF2B59B,137916,137922
I9FF2B59B,138035,138048
I9FF2B59B,138059,138079
I9FF2B59B,138121,138128
I9FF2B59B,138130,138146
I9FF2B59B,138154,138158
I9FF2B59B,138161,138169
I9FF2B59B,138205,138221
I9FF2B59B,138226,138235
I9FF2B59B,138275,138281
I9FF2B59B,138296,138301
I9FF2B59B,138332,138344
I9FF2B59B,138348,138353
I9FF2B59B,138372,138400
I9FF2B59B,138410,138425
I9FF2B59B,138446,138457
I9FF2B59B,138466,138485
I9FF2B59B,138489,138505
I9FF2B59B,138528,138564
I9FF2B59B,138574,138611
I9FF2B59B,138617,138636
I9FF2B59B,138667,138671
I9FF2B59B,138674,138678
I9FF2B59B,138682,138696
I9FF2B59B,138714,138729
I9FF2B59B,138746,138755
I9FF2B59B,138807,138813
I9FF2B59B,138902,138917
I9FF2B59B,138982,139000
I9FF2B59B,139055,139066
I9FF2B59B,139069,139073
I9FF2B59B,139077,139097
I9FF2B59B,139139,139147
I9FF2B59B,139150,139154
I9FF2B59B,139157,139168
I9FF2B59B,139180,139190
I9FF2B59B,139220,139228
I9FF2B59B,139232,139243
I9FF2B59B,139250,139262
I9FF2B59B,139270,139276
I9FF2B59B,139287,139306
I9FF2B59B,139309,139334
I9FF2B59B,139421,139426
I9FF2B59B,139432,139440
I9FF2B59B,139444,139467
I9FF2B59B,139605,139613
I9FF2B59B,139617,139649
I9FF2B59B,139692,139702
I9FF2B59B,139704,139708
I9FF2B59B,139712,139716
I9FF2B59B,139718,139722
I9FF2B59B,139727,139739
I9FF2B59B,139744,139764
I9FF2B59B,139768,139788
I9FF2B59B,139825,139833
I9FF2B59B,139838,139846
I9FF2B59B,139946,139953
I9FF2B59B,139956,139963
I9FF2B59B,139966,139972
I9FF2B59B,140312,140316
I9FF2B59B,140323,140326
I9FF2B59B,140335,140340
I9FF2B59B,140343,140361
I9FF2B59B,140365,140386
I9FF2B59B,140393,140397
I9FF2B59B,140403,140407
I9FF2B59B,140414,140417
I9FF2B59B,140423,140427
I9FF2B59B,140441,140471
I9FF2B59B,140476,140489
I9FF2B59B,140504,140520
I9FF2B59B,140545,140560
I9FF2B59B,140563,140566
I9FF2B59B,140574,140579
I9FF2B59B,140582,140599
I9FF2B59B,140615,140620
I9FF2B59B,140652,140664
I9FF2B59B,140667,140687
I9FF2B59B,140690,140705
I9FF2B59B,140710,140724
I9FF2B59B,140733,140741
I9FF2B59B,140761,140779
I9FF2B59B,140804,140824
I9FF2B59B,140831,140835
I9FF2B59B,140841,140848
I9FF2B59B,140898,140913
I9FF2B59B,140916,140924
I9FF2B59B,140944,140956
I9FF2B59B,140960,140972
I9FF2B59B,140976,140979
I9FF2B59B,141024,141047
I9FF2B59B,141129,141137
I9FF2B59B,141141,141156
I9FF2B59B,141168,141176
I9FF2B59B,141180,141229
I9FF2B59B,141250,141254
I9FF2B59B,141350,141358
I9FF2B59B,141360,141378
I9FF2B59B,141398,141441
I9FF2B59B,146234,146273
I9FF2B59B,146276,146292
I9FF2B59B,146311,146317
I9FF2B59B,146320,146327
I9FF2B59B,146330,146336
I9FF2B59B,146338,146346
I9FF2B59B,146358,146373
I9FF2B59B,146395,146407
I9FF2B59B,146411,146433
I9FF2B59B,146436,146448
I9FF2B59B,146464,146531
I9FF2B59B,146542,146597
I9FF2B59B,146601,146617
I9FF2B59B,146621,146652
I9FF2B59B,146660,146744
I9FF2B59B,146748,146763
I9FF2B59B,146766,146779
I9FF2B59B,146782,146789
I9FF2B59B,146793,146798
I9FF2B59B,146806,146827
I9FF2B59B,146846,146904
I9FF2B59B,146907,146968
I9FF2B59B,146972,147002
I9FF2B59B,147010,147023
I9FF2B59B,147032,147098
I9FF2B59B,147101,147108
I9FF2B59B,147111,147114
I9FF2B59B,147121,147125
I9FF2B59B,147130,147139
I9FF2B59B,147149,147161
I9FF2B59B,147163,147181
I9FF2B59B,147184,147188
I9FF2B59B,147192,147214
I9FF2B59B,147222,147302
I9FF2B59B,147312,147318
I9FF2B59B,147324,147331
I9FF2B59B,147334,147355
I9FF2B59B,147374,147381
I9FF2B59B,147384,147416
I9FF2B59B,147418,147423
I9FF2B59B,147429,147437
I9FF2B59B,147448,147460
I9FF2B59B,147464,147477
I9FF2B59B,147480,147484
I9FF2B59B,147557,147587
I9FF2B59B,147590,147598
I9FF2B59B,147607,147627
I9FF2B59B,147630,147642
I9FF2B59B,147654,147673
I9FF2B59B,147685,147696
I9FF2B59B,147700,147707
I9FF2B59B,147711,147720
I9FF2B59B,147728,147731
I9FF2B59B,147745,147752
I9FF2B59B,147755,147775
I9FF2B59B,147792,147810
I9FF2B59B,147821,147838
I9FF2B59B,147849,147856
I9FF2B59B,147862,147870
I9FF2B59B,147872,147877
I9FF2B59B,147880,147884
I9FF2B59B,147889,147893
I9FF2B59B,147896,147906
I9FF2B59B,147909,147922
I9FF2B59B,147925,147929
I9FF2B59B,147939,147943
I9FF2B59B,148049,148094
I9FF2B59B,148099,148106
I9FF2B59B,148111,148159
I9FF2B59B,148162,148166
I9FF2B59B,148169,148186
I9FF2B59B,148189,148193
I9FF2B59B,148197,148214
I9FF2B59B,148217,148221
I9FF2B59B,148225,148252
I9FF2B59B,148258,148286
I9FF2B59B,148288,148302
I9FF2B59B,148305,148308
I9FF2B59B,148313,148317
I9FF2B59B,148322,148327
I9FF2B59B,148330,148341
I9FF2B59B,148344,148385
I9FF2B59B,148389,148399
I9FF2B59B,148419,148439
I9FF2B59B,148442,148447
I9FF2B59B,148458,148468
I9FF2B59B,148487,148493
I9FF2B59B,148495,148498
I9FF2B59B,148507,148530
I9FF2B59B,148533,148537
I9FF2B59B,148540,148545
I9FF2B59B,148569,148609
I9FF2B59B,148671,148680
I9FF2B59B,148770,148779
I9FF2B59B,148798,148819
I9FF2B59B,148824,148828
I9FF2B59B,148835,148848
I9FF2B59B,148932,148965
I9FF2B59B,149041,149049
I9FF2B59B,149052,149075
I9FF2B59B,149081,149088
I9FF2B59B,149095,149107
I9FF2B59B,149109,149114
I9FF2B59B,149126,149136
I9FF2B59B,149145,149154
I9FF2B59B,149208,149240
I9FF2B59B,149293,149340
I9FF2B59B,149359,149374
I9FF2B59B,149427,149453
IA2F1ACFA,5113,5172
IA2F1ACFA,5858,5979
IA2F1ACFA,6020,6191
IA2F1ACFA,8772,8919
IA2F1ACFA,18888,18958
IA2F1ACFA,19123,19278
IA2F1ACFA,37257,37671
IA2F1ACFA,42912,43069
IA2F1ACFA,43407,43798
IA2F1ACFA,44719,44756
IA2F1ACFA,45297,45418
IA2F1ACFA,46714,46753
IA2F1ACFA,47265,47447
IA2F1ACFA,47954,48105
IA2F1ACFA,48370,48562
IA2F1ACFA,48940,49134
IA2F1ACFA,49390,49467
IA2F1ACFA,49670,49706
IA2F1ACFA,49942,50337
IA2F1ACFA,52318,52354
IA2F1ACFA,52787,53135
IA2F1ACFA,53397,53454
IA2F1ACFA,55143,55227
IA2F1ACFA,59993,60046
IA2F1ACFA,60088,60170
IA2F1ACFA,60988,61057
IA2F1ACFA,67560,67851
IA2F1ACFA,96311,96455
IA2F1ACFA,96895,97088
IA2F1ACFA,97306,97335
IA2F1ACFA,97726,97840
IA2F1ACFA,98247,98406
IA2F1ACFA,98656,98844
IA2F1ACFA,99021,99092
IA2F1ACFA,101443,101500
IA2F1ACFA,104720,105083
IA2F1ACFA,106582,106748
IA2F1ACFA,110103,110219
IA2F1ACFA,111627,111828
IA2F1ACFA,121847,121917
IA2F1ACFA,158420,158652
IA2F1ACFA,159285,159438
IA2F1ACFA,210395,210563
IA2F1ACFA,217422,217659
IA2F1ACFA,219589,220043
IA2F1ACFA,248827,248969
IA2F1ACFA,254783,255087
IA2F1ACFA,256462,256611
IA2F1ACFA,257151,257411
IA2F1ACFA,263643,263837
IA2F1ACFA,273978,274153
IA2F1ACFA,280359,280509
IA2F1ACFA,281025,281177
IA473D353,1336,10033
IA473D353,13759,13830
IA473D353,15227,15282
IA473D353,15624,15708
IA473D353,16032,16120
IA473D353,16422,16482
IA473D353,16684,16739
IA473D353,17062,17169
IA473D353,18616,18648
IA473D353,19136,19165
IA473D353,22851,22877
IA473D353,23042,23071
IA473D353,23168,23292
IA473D353,25057,25109
IA473D353,25427,25479
IA473D353,25832,25897
IA473D353,33706,33763
IA473D353,36072,36101
IA473D353,36632,36659
IA473D353,39502,39560
IA473D353,39748,39864
IA473D353,40298,40355
IA473D353,40943,41008
IA473D353,42363,42542
IA473D353,43910,43968
IA473D353,44387,44440
IA473D353,44585,44753
IA473D353,49246,49363
IA473D353,49557,49673
IA473D353,49829,50062
IA473D353,50373,50527
IA473D353,53723,53796
IA473D353,55323,55399
IA473D353,57475,57587
IA473D353,58626,58742
IA473D353,60748,60773
IA473D353,60904,60931
IA473D353,61048,61080
IA473D353,61255,61279
IA473D353,61354,61467
IA473D353,61732,61831
IA473D353,62031,62206
IA473D353,62554,62680
IA473D353,64601,64715
IA473D353,66825,66942
IA473D353,67568,67688
IA473D353,68168,68281
IA473D353,68622,68727
IA473D353,70464,70621
IA473D353,72570,72695
IA473D353,72873,72932
IA473D353,77991,78051
IA473D353,78233,78351
IA473D353,78743,78858
IA473D353,79641,79768
IA473D353,80180,80295
IAE1E11E5,15568,15675
IAE1E11E5,18157,18195
IAE1E11E5,20448,20512
IAE1E11E5,27775,27917
IAE1E11E5,35112,35257
IAE1E11E5,36429,36560
IAE1E11E5,38750,38902
IAE1E11E5,45068,45102
IAE1E11E5,45447,45519
IAE1E11E5,45816,45885
IAE1E11E5,50053,50193
IAE1E11E5,58086,58154
IAE1E11E5,60352,60459
IAE1E11E5,66553,66705
IAE1E11E5,71480,71632
IAE1E11E5,73584,73666
IAE1E11E5,77355,77433
IAE1E11E5,77715,77795
IAE1E11E5,80649,80831
IAE1E11E5,91000,91150
IAE1E11E5,93192,93227
IAE1E11E5,94070,94146
IAE1E11E5,95129,95464
IAE1E11E5,99992,100035
IAE1E11E5,101645,101720
IAE1E11E5,103993,104026
IAE1E11E5,104342,104491
IAE1E11E5,107175,107325
IAE1E11E5,108575,108733
IAE1E11E5,109609,109762
IAE1E11E5,110691,110915
IAE1E11E5,112189,112348
IAE1E11E5,112868,112944
IAE1E11E5,113908,114114
IAE1E11E5,122163,122238
IAE1E11E5,123108,123181
IAE1E11E5,123359,123431
IAE1E11E5,125555,125626
IAE1E11E5,125749,125785
IAE1E11E5,127104,127172
IAE1E11E5,127892,127926
IAE1E11E5,130114,130146
IAE1E11E5,131340,131456
IAE1E11E5,132011,132157
IAE1E11E5,134174,134324
IAE1E11E5,134866,135014
IAE1E11E5,135910,136053
IAE1E11E5,138905,139124
IAE1E11E5,140046,140203
IAE1E11E5,142411,142481
IAE1E11E5,142850,142886
IAE1E11E5,143115,143153
IAE1E11E5,143572,143711
IAE1E11E5,143983,144132
IAE1E11E5,144514,144665
IAE1E11E5,145607,145748
IAE1E11E5,147973,148117
IAE1E11E5,148818,148963
IB047F8C7,2244,6866
IB047F8C7,10613,10648
IB047F8C7,10722,10757
IB047F8C7,13181,13216
IB047F8C7,16328,16435
IB047F8C7,21588,21734
IB047F8C7,36347,36380
IB047F8C7,40460,40495
IB047F8C7,43192,43239
IB047F8C7,44155,44192
IB047F8C7,47888,47926
IB047F8C7,50883,51053
IB047F8C7,55481,55650
IB047F8C7,63516,63561
IB047F8C7,66624,66663
IB047F8C7,73655,73807
IB047F8C7,79625,79797
IB047F8C7,83756,83836
IB047F8C7,89981,90026
IB047F8C7,95109,95152
IB047F8C7,95624,95662
IB047F8C7,98567,98610
IB047F8C7,105586,105632
IB047F8C7,109338,109375
IB047F8C7,109775,109860
IB047F8C7,118313,118501
IB047F8C7,136480,136518
IB047F8C7,140049,140083
IB047F8C7,144675,144705
IB047F8C7,147941,147994
IB047F8C7,152175,152211
IB047F8C7,156668,156741
IB047F8C7,163006,163124
IB047F8C7,166236,166274
IB047F8C7,166659,166694
IB047F8C7,170916,170961
IB047F8C7,172006,172039
IB047F8C7,173645,173692
IB047F8C7,179075,179337
IB047F8C7,187408,187535
IB047F8C7,198345,198614
IB047F8C7,223652,223688
IB047F8C7,225955,226032
IB047F8C7,226461,226510
IB047F8C7,231188,231348
IB047F8C7,232604,233015
IB047F8C7,249913,249950
IB047F8C7,250214,250253
IB047F8C7,250653,250694
IB047F8C7,251425,251463
IB047F8C7,251874,251968
IB047F8C7,256691,256723
IB047F8C7,257327,257362
IB047F8C7,259393,259427
IB047F8C7,260766,260796
IB047F8C7,262445,262639
IB047F8C7,267948,268084
IB047F8C7,269108,269177
IB522F095,231,635
IB522F095,3465,3702
IB522F095,5402,5596
IB522F095,8986,9477
IB522F095,22199,22395
IB522F095,29617,29627
IB522F095,29660,29668
IB522F095,37517,37548
IB522F095,48534,48611
IB522F095,49106,49222
IB522F095,49468,49619
IB522F095,51534,51809
IB522F095,52684,52996
IB522F095,53820,53899
IB522F095,54097,54575
IB522F095,55330,56027
IB522F095,57145,57227
IB522F095,57388,58095
IB522F095,59547,59694
IB522F095,83440,83530
IB522F095,83614,83708
IB522F095,110189,110248
IB522F095,126119,126330
IB522F095,127093,127164
IB522F095,128479,128544
IB522F095,131126,131417
IB522F095,132116,132187
IB522F095,132948,133165
IB522F095,141822,142063
IB522F095,153159,153281
IB522F095,153338,153843
IB522F095,153860,153870
IB522F095,153932,153956
IB522F095,153969,153976
IB522F095,153980,153999
IB522F095,154009,154019
IB522F095,154030,154038
IB522F095,154042,154055
IB522F095,154058,154068
IB522F095,154081,154093
IB522F095,154102,154122
IB522F095,154153,154159
IB522F095,154161,154187
IB522F095,154203,154250
IB522F095,154253,154267
IB522F095,155248,155343
IB522F095,155407,155417
IB522F095,155421,155442
IB522F095,155445,155465
IB522F095,155475,155505
IB522F095,155510,155516
IB522F095,155525,155619
IB522F095,155635,155751
IB522F095,155815,155824
IB522F095,155828,155868
IB522F095,155872,155906
IB522F095,155910,155913
IB522F095,155949,155978
IB522F095,156026,156082
IB522F095,156086,156089
IB522F095,156405,156581
IB522F095,156591,156609
IB522F095,156616,156631
IB522F095,156687,156859
IB522F095,157165,157195
IB522F095,157203,157210
IB522F095,157218,157232
IB522F095,157235,157239
IB522F095,157241,157282
IB522F095,157286,157301
IB522F095,157305,157310
IB522F095,157313,157325
IB522F095,157336,157339
IB522F095,157347,157356
IB522F095,157362,157397
IB522F095,157407,157410
IB522F095,157412,157415
IB522F095,157423,157458
IB522F095,157462,157472
IB522F095,157476,157478
IB522F095,157497,157500
IB522F095,157504,157509
IB522F095,157511,157527
IB522F095,157531,157533
IB522F095,157556,157607
IB522F095,157610,157682
IB522F095,158685,158750
IB522F095,160693,160704
IB522F095,160708,160724
IB522F095,160726,160773
IB522F095,160820,160880
IB522F095,160883,160887
IB522F095,160894,160933
IB522F095,160940,160953
IB522F095,161012,161030
IB522F095,161038,161096
IB522F095,161113,161356
IB522F095,161406,161435
IB522F095,161445,161468
IB522F095,161472,161491
IB522F095,161501,161538
IB522F095,161540,161545
IB522F095,161552,161612
IB522F095,161618,161623
IB522F095,162932,163050
IB522F095,163472,163647
IB522F095,163656,163781
IB522F095,163862,163867
IB522F095,163869,163874
IB522F095,163882,163970
IB522F095,163975,164036
IB522F095,164048,164184
IB522F095,164188,164193
IB522F095,164216,164479
IB522F095,164980,165204
IB522F095,165267,165305
IB522F095,165307,165315
IB522F095,165318,165365
IB522F095,165373,165416
IB522F095,165418,165455
IB522F095,165545,165644
IB522F095,165648,165658
IB522F095,165661,165760
IB522F095,165828,165833
IB522F095,165835,165844
IB522F095,165863,165891
IB522F095,165897,165931
IB522F095,165946,165987
IB522F095,165991,165999
IB522F095,166004,166015
IB522F095,166019,166048
IB522F095,166051,166094
IB522F095,166097,166124
IB522F095,166127,166149
IB522F095,166153,166249
IB522F095,166331,166339
IB522F095,166347,166362
IB522F095,166369,166378
IB522F095,166390,166427
IB522F095,166435,166480
IB522F095,166483,166514
IB522F095,166521,166554
IB522F095,166911,166998
IB522F095,167009,167062
IB522F095,167071,167102
IB522F095,167155,167192
IB522F095,167194,167242
IB522F095,167247,167251
IB522F095,167254,167298
IB522F095,167302,167318
IB522F095,167325,167330
IB522F095,167340,167380
IB522F095,167385,167414
IB522F095,167842,167857
IB522F095,167879,167950
IB522F095,167954,167962
IB522F095,167970,167978
IB522F095,167990,168009
IB522F095,168030,168055
IB522F095,168059,168062
IB522F095,168195,168421
IB522F095,168433,168496
IB522F095,168500,168504
IB522F095,168507,168682
IB522F095,169454,169473
IB522F095,169482,169529
IB522F095,169532,169540
IB522F095,169548,169579
IB522F095,169587,169605
IB522F095,169615,169661
IB522F095,169664,169755
IB522F095,169759,169787
IB522F095,169790,169810
IB522F095,169870,169900
IB522F095,169902,169971
IB522F095,169975,169988
IB522F095,169991,170132
IB522F095,170136,170207
IB522F095,170232,170241
IB522F095,170245,170492
IB522F095,179057,179111
IB522F095,179223,179244
IB522F095,179250,179261
IB522F095,179266,179271
IB522F095,179273,179282
IB522F095,179291,179324
IB522F095,179327,179415
IB522F095,179418,179475
IB522F095,179478,179487
IB522F095,179491,179523
IB522F095,184266,184290
IB522F095,184296,184425
IB522F095,184427,184435
IB522F095,184438,184457
IB522F095,184459,184501
IB522F095,184503,184676
IB522F095,187360,187427
IB522F095,188261,188385
IB522F095,188409,188463
IB522F095,190669,190839
IB522F095,200414,200424
IB522F095,200428,200447
IB522F095,200454,200658
IB522F095,200662,200712
IB522F095,206624,206857
IB522F095,207111,207137
IB522F095,233730,233835
IB522F095,234157,234171
IB522F095,234177,234313
IB522F095,234330,234472
IB522F095,234553,234784
IB522F095,235077,235978
IB522F095,236072,236936
IB522F095,236971,236997
IB522F095,237207,237317
IB522F095,237346,237402
IB522F095,237766,238038
IB522F095,238081,238232
IB522F095,238312,238954
IB522F095,239005,239055
IB522F095,239234,239544
IB522F095,239576,239779
IB522F095,240188,240210
IB522F095,240265,241008
IB522F095,241048,241184
IB522F095,241342,242167
IB522F095,242190,242244
IB522F095,242322,242656
IB522F095,242715,242824
IB522F095,242940,243023
IB522F095,243081,243309
IB522F095,243555,244215
IB522F095,244269,244381
IB522F095,244444,244826
IB522F095,244934,245172
IB522F095,245874,245962
IB522F095,246024,246463
IB522F095,246520,246578
IB522F095,246588,246645
IB522F095,246651,246736
IB522F095,246803,246914
IB522F095,246963,247107
IB522F095,247189,247262
IB522F095,247265,247308
IB522F095,247339,247485
IB522F095,247914,248027
IB522F095,248110,248507
IB522F095,248594,248850
IB522F095,248852,248898
IB522F095,248905,248941
IB522F095,248949,248953
IB522F095,248960,249359
IB522F095,249362,249394
IB522F095,249397,249632
IB522F095,249639,249658
IB522F095,249662,249724
IB522F095,249765,249845
IB522F095,250465,250726
IB522F095,250831,251028
IB522F095,251030,251034
IB522F095,251037,251231
IB522F095,251297,251339
IB522F095,251342,251351
IB522F095,251354,251507
IB522F095,251514,251521
IB522F095,251526,251533
IB522F095,251548,251757
IB522F095,251815,252103
IB522F095,252106,252157
IB522F095,253102,253158
IB522F095,253199,253257
IB522F095,253296,253355
IB522F095,253417,253502
IB522F095,253518,253577
IB522F095,253594,253712
IB522F095,253907,254082
IB522F095,254313,254417
IB522F095,254419,254423
IB522F095,254428,254432
IB522F095,254435,254538
IB522F095,254583,254818
IB522F095,254823,254881
IB522F095,254884,254900
IB522F095,254903,254907
IB522F095,254911,254918
IB522F095,254922,254981
IB522F095,254985,254990
IB522F095,254993,255034
IB522F095,255077,255193
IB522F095,255970,256190
IB522F095,256200,256206
IB522F095,256216,256224
IB522F095,256230,256237
IB522F095,256243,256368
IB522F095,256415,256521
IB522F095,256578,256692
IB522F095,256748,257003
IB522F095,257116,257133
IB522F095,257137,257161
IB522F095,257168,257244
IB522F095,257311,257541
IB522F095,257548,257662
IB522F095,257757,258109
IB522F095,258113,258127
IB522F095,258224,258515
IB522F095,258519,258564
IB522F095,258573,258576
IB522F095,258586,258626
IB522F095,258679,258757
IB522F095,258838,258984
IB522F095,259064,259184
IB522F095,259224,259286
IB522F095,259332,259392
IB522F095,259439,259521
IB522F095,260208,260423
IB522F095,260475,260490
IB522F095,260494,260535
IB522F095,260792,260849
IB522F095,260855,260859
IB522F095,260998,261001
IB522F095,261006,261029
IB522F095,261072,261084
IB522F095,261088,261110
IB522F095,261124,261128
IB522F095,261133,261140
IB522F095,261156,261169
IB522F095,261178,261191
IB522F095,261195,261234
IB522F095,261238,261318
IB522F095,261321,261338
IB522F095,261340,261349
IB522F095,261498,261503
IB522F095,261507,261516
IB522F095,261523,261562
IB522F095,261599,261675
IB522F095,261702,261724
IB522F095,261730,261734
IB522F095,261788,261808
IB522F095,261811,261829
IB522F095,261834,261854
IB522F095,261974,262011
IB522F095,262015,262026
IB522F095,262030,262035
IB522F095,262039,262104
IB522F095,262125,262203
IB522F095,262209,262217
IB522F095,262225,262237
IB522F095,271883,271968
IB522F095,271989,272004
IB522F095,272007,272024
IB522F095,272028,272041
IB522F095,272050,272057
IB522F095,272067,272077
IB522F095,272095,272112
IB522F095,272115,272136
IB522F095,272145,272178
IB522F095,272196,272212
IB522F095,272233,272253
IB522F095,272256,272298
IB522F095,272305,272326
IB522F095,272435,272472
IB522F095,272481,272510
IB522F095,272608,272634
IB522F095,272644,272784
IB522F095,272801,272808
IB522F095,272829,272833
IB522F095,275854,275903
IB522F095,275906,275941
IB522F095,275974,275999
IB522F095,276250,276330
IB522F095,276343,276346
IB522F095,276361,276420
IB522F095,276654,276768
IB522F095,277106,277256
IB522F095,277360,277446
IB522F095,277474,277504
IB522F095,277543,277693
IB522F095,278287,278313
IB522F095,278564,278644
IB522F095,278805,279235
IB522F095,279284,279400
IB522F095,279448,279626
IB522F095,279658,279714
IB8D599AA,29456,29526
IB8D599AA,30506,30552
IB8D599AA,31041,31213
IB8D599AA,35582,35645
IB8D599AA,37852,38000
IB8D599AA,41578,41812
IB8D599AA,43535,43605
IB8D599AA,44868,44939
IB8D599AA,45453,45532
IB8D599AA,47233,47310
IB8D599AA,49224,49304
IB8D599AA,52563,52628
IB8D599AA,53560,53641
IB8D599AA,54432,54521
IB8D599AA,56627,56705
IB8D599AA,60164,60239
IB8D599AA,62949,63052
IB8D599AA,64503,64559
IB8D599AA,66396,66460
IB8D599AA,69649,69716
IB8D599AA,70493,70558
IB8D599AA,72111,72188
IB8D599AA,74158,74218
IB8D599AA,75803,75861
IB8D599AA,78167,78244
IB8D599AA,82099,82177
IB8D599AA,82723,82826
IB8D599AA,84131,84177
IB8D599AA,85393,85439
IB8D599AA,87957,88004
IB8D599AA,88717,88767
IB8D599AA,88987,89046
IB8D599AA,89798,89841
IB8D599AA,90381,90437
IB8D599AA,91043,91080
IB8D599AA,91350,91386
IB8D599AA,92348,92384
IB8D599AA,93228,93315
IB8D599AA,94157,94214
IB8D599AA,97230,97280
IB8D599AA,101177,101224
IB8D599AA,102841,102885
IB8D599AA,103791,103831
IB8D599AA,105537,105573
IB8D599AA,106225,106268
IB8D599AA,107432,107479
IB8D599AA,109315,109353
IB8D599AA,110287,110360
IB8D599AA,111487,111529
IB8D599AA,113346,113384
IB8D599AA,118953,118996
IB8D599AA,122233,122279
IB8D599AA,127191,127237
IB8D599AA,128749,128797
IB8D599AA,130014,130060
IB8D599AA,131976,132016
IB8D599AA,132295,132344
IB8D599AA,134197,134243
IB8D599AA,134547,134627
IB8D599AA,135169,135221
IB8D599AA,136713,136766
IB8D599AA,138569,138630
IB8D599AA,141123,141181
IB8D599AA,143283,143356
IB8D599AA,146344,146415
IB8D599AA,148080,148140
IB8D599AA,149753,149819
IB8D599AA,150443,150507
IB8D599AA,151402,151515
IB8D599AA,153134,153201
IB8D599AA,154187,154249
IB8D599AA,155245,155300
IB8D599AA,156419,156486
IB8D599AA,158565,158641
IB8D599AA,160127,160193
IB8D599AA,160459,160533
IB8D599AA,161042,161122
IB8D599AA,161610,161690
IB8D599AA,162855,162883
IB8D599AA,163355,163488
IB8D599AA,164036,164068
IB8D599AA,164670,164711
IB8D599AA,165203,165238
IB8D599AA,165750,165793
IB8D599AA,166969,167013
IB8D599AA,167499,167536
IB8D599AA,168244,168284
IB8D599AA,169142,169193
IB8D599AA,170932,170990
IB8D599AA,172336,172430
IB8D599AA,172925,172981
IB8D599AA,173408,173458
IB8D599AA,174154,174224
IB8D599AA,175070,175127
IB8D599AA,175570,175650
IB8D599AA,175990,176062
IB8D599AA,176356,176422
IB8D599AA,176887,176956
IB8D599AA,177298,177364
IB8D599AA,177629,177757
IB8D599AA,178564,178612
IB8D599AA,179927,179981
IB8D599AA,181596,181652
IB8D599AA,182929,183006
IB8D599AA,185306,185375
IB8D599AA,186994,187058
IB8D599AA,187551,187619
IB8D599AA,188783,188864
IB8D599AA,190298,190363
IB8D599AA,191873,191973
IB8D599AA,192912,192940
IB8D599AA,193416,193452
IB8D599AA,193634,193693
IB8D599AA,194649,194686
IB8D599AA,195329,195362
IB8D599AA,196238,196271
IB8D599AA,196749,196785
IB8D599AA,197400,197432
IB8D599AA,199245,199290
IB8D599AA,200127,200195
IB8D599AA,200624,200698
IB8D599AA,201411,201480
IB8D599AA,202243,202303
IB8D599AA,202675,202716
IB8D599AA,203991,204030
IB8D599AA,204737,204778
IB8D599AA,205139,205188
IB8D599AA,205734,205789
IB8D599AA,206088,206142
IB8D599AA,206523,206618
IB8D599AA,206961,207064
IB8D599AA,207457,207541
IB8D599AA,207904,207995
IB8D599AA,208548,208659
IB8D599AA,210074,210160
IB8D599AA,211433,211522
IB8D599AA,212333,212441
IB8D599AA,212675,212769
IB8D599AA,214219,214326
IB8D599AA,215481,215670
IB8D599AA,216136,216224
IB8D599AA,216748,216839
IB8D599AA,217622,217710
IB8D599AA,218301,218458
IB8D599AA,218893,218950
IB8D599AA,220695,220744
IB8D599AA,221658,221702
IB8D599AA,222906,222959
IB8D599AA,223736,223782
IB8D599AA,224768,224818
IB8D599AA,225433,225495
IB8D599AA,225703,225772
IB8D599AA,226960,227010
IB8D599AA,227750,227808
IB8D599AA,228913,228973
IB8D599AA,230300,230365
IB8D599AA,231581,231643
IB8D599AA,234390,234444
IB8D599AA,235679,235743
IB8D599AA,236778,236843
IB8D599AA,236985,237060
IB8D599AA,237162,237225
IB8D599AA,238010,238092
IB8D599AA,239164,239227
IB8D599AA,240626,240671
IB8D599AA,241212,241261
IB8D599AA,241606,241665
IB8D599AA,242750,242816
IB8D599AA,243511,243561
IB8D599AA,244101,244152
IB8D599AA,245389,245448
IB8D599AA,246425,246510
IB8D599AA,246858,246925
IB8D599AA,248332,248438
IB8D599AA,251525,251574
IB8D599AA,252520,252593
IB8D599AA,253378,253438
IB8D599AA,253775,253826
IB8D599AA,254396,254483
IB8D599AA,255375,255441
IB8D599AA,256113,256171
IB8D599AA,256593,256652
IB8D599AA,257189,257267
IB8D599AA,258304,258373
IB8D599AA,260213,260384
IB8D599AA,260996,261079
IB8D599AA,261382,261485
IB8D599AA,261802,261922
IB8D599AA,262184,262295
IB8D599AA,262503,262633
IB8D599AA,262968,263054
IB8D599AA,263210,263345
IB8D599AA,263640,263737
IB8D599AA,264190,264294
IB8D599AA,264891,265043
IB8D599AA,265930,266022
IB8D599AA,266426,266509
IB8D599AA,266678,266764
IB8D599AA,266978,267063
IB8D599AA,267424,267553
IB8D599AA,267951,268052
IB8D599AA,269203,269321
IB8D599AA,271067,271169
IB8D599AA,273040,273163
IB8D599AA,275592,275741
IB8D599AA,277094,277168
IB8D599AA,278473,278551
IB8D599AA,279411,279484
IB8D599AA,280316,280395
IB8D599AA,280809,280883
IB8D599AA,281460,281535
IB8D599AA,282290,282364
IB8D599AA,284005,284101
IB8D599AA,284615,284692
IB8D599AA,285187,285316
IB8D599AA,285546,285607
IB8D599AA,285872,285983
IB8D599AA,286618,286704
IB8D599AA,287463,287527
IB8D599AA,287779,287855
IB8D599AA,288219,288328
IB8D599AA,288772,288851
IB8D599AA,289078,289162
IB8D599AA,289837,289899
IB8D599AA,290355,290499
IB8D599AA,290728,290830
IB8D599AA,291318,291417
IB8D599AA,292081,292182
IB8D599AA,292712,292797
IB8D599AA,293158,293249
IB8D599AA,294175,294202
IB8D599AA,294597,294679
IB8D599AA,294994,295111
IB8D599AA,295560,295647
IB8D599AA,296269,296346
IB8D599AA,296727,296855
IB8D599AA,297535,297613
IB8D599AA,298235,298307
IB8D599AA,298998,299075
IB8D599AA,299714,299780
IB8D599AA,300703,300764
IB8D599AA,302211,302275
IB8D599AA,303936,304010
IB8D599AA,304960,305030
IB8D599AA,308035,308105
IB8D599AA,308792,308891
IB8D599AA,310588,310633
IB8D599AA,312174,312218
IB8D599AA,315634,315671
IB8D599AA,316578,316622
IB8D599AA,318748,318799
IB8D599AA,320250,320298
IB8D599AA,321684,321729
IB8D599AA,323195,323243
IB8D599AA,325408,325454
IB8D599AA,329217,329298
IB8D599AA,329848,329935
IB8D599AA,330652,330723
IB8D599AA,331260,331335
IB8D599AA,335133,335226
IB8D599AA,337977,338070
IB8D599AA,338639,338746
IB8D599AA,339301,339381
IB8D599AA,339599,339676
IB8D599AA,340173,340272
IB8D599AA,340689,340812
IB8D599AA,341725,341796
IB8D599AA,342071,342147
IB8D599AA,343461,343539
IB8D599AA,344237,344334
IB8D599AA,345017,345121
IB8D599AA,345830,345910
IB8D599AA,347034,347136
IB8D599AA,347833,347922
IB8D599AA,349072,349160
IB8D599AA,350330,350466
IB8D599AA,351192,351467
IB8D599AA,354369,354641
IB8D599AA,354990,355181
IB8D599AA,356150,356330
IB8D599AA,357631,357786
IB8D599AA,358158,358315
IB8D599AA,359513,359708
IB8D599AA,360841,361000
IB8D599AA,362625,362864
IB8D599AA,366597,366643
IB8D599AA,368062,368109
IB8D599AA,368678,368731
IB8D599AA,369533,369589
IB8D599AA,370094,370147
IB8D599AA,370418,370469
IB8D599AA,370932,370984
IB8D599AA,371467,371522
IB8D599AA,371677,371726
IB8D599AA,372359,372443
IB8D599AA,373446,373528
IB8D599AA,375301,375379
IB8D599AA,375951,376040
IB8D599AA,376828,376913
IB8D599AA,379085,379172
IB8D599AA,379548,379616
IB8D599AA,380335,380435
IB8D599AA,382995,383094
IB8D599AA,383660,383758
IB8D599AA,384293,384378
IB8D599AA,385046,385189
IB8D599AA,385674,386620
IB8F4E5BE,252374,252409
IB8F4E5BE,256810,256848
IB8F4E5BE,256954,256983
IB8F4E5BE,257898,258005
IB8F4E5BE,317226,317345
IB8F4E5BE,329986,330056
IB8F4E5BE,358828,358955
IB8F4E5BE,368625,368795
IB8F4E5BE,384398,384566
IB8F4E5BE,433356,433506
IB8F4E5BE,461061,461231
IB8F4E5BE,484772,484851
IB8F4E5BE,494410,494674
IB8F4E5BE,515895,515980
IB8F4E5BE,537566,537714
IB8F4E5BE,547525,547607
IB8F4E5BE,552514,552653
IB8F4E5BE,585739,585931
IB8F4E5BE,591557,591778
IB8F4E5BE,607247,607348
IB8F4E5BE,608029,608316
IB8F4E5BE,620863,621132
IB8F4E5BE,650696,651027
IB8F4E5BE,652573,652697
IB8F4E5BE,658603,658896
IB8F4E5BE,666258,666378
IB8F4E5BE,668023,668060
IB8F4E5BE,674325,674421
IB8F4E5BE,677427,677566
IB8F4E5BE,677615,677962
IB8F4E5BE,678037,678106
IB8F4E5BE,716096,716131
IB8F4E5BE,720565,720672
IB8F4E5BE,745223,745414
IB8F4E5BE,779016,779143
IB8F4E5BE,788932,789102
IB8F4E5BE,801369,801537
IB8F4E5BE,803051,803201
IB8F4E5BE,807244,807414
IB8F4E5BE,822095,822221
IB8F4E5BE,835907,836131
IB8F4E5BE,838052,838200
IB8F4E5BE,841116,841156
IB8F4E5BE,841380,841560
IB8F4E5BE,849935,850127
IB8F4E5BE,852359,852486
IB8F4E5BE,857775,857872
IB8F4E5BE,864058,864159
IB8F4E5BE,866063,866222
IB8F4E5BE,868759,868885
IB8F4E5BE,871039,871315
IB8F4E5BE,878609,878853
IB8F4E5BE,880134,880299
IB8F4E5BE,880726,880889
IB8F4E5BE,885460,885712
IB8F4E5BE,888001,888160
IB8F4E5BE,889068,889164
IB8F4E5BE,890495,890634
IB8F4E5BE,892788,892998
IB8F4E5BE,893545,893681
IB8F4E5BE,894211,894280
IBC775AF6,275,1115
IBC775AF6,3166,3494
IBC775AF6,10265,10385
IBC775AF6,10804,10934
IBC775AF6,21358,21524
IBC775AF6,21779,21933
IBC775AF6,27116,27281
IBC775AF6,31948,32057
IBC775AF6,34007,34127
IBC775AF6,35480,35514
IBC775AF6,79741,79959
IBC775AF6,137110,137282
IBC775AF6,162493,162961
IBC775AF6,169341,169923
IBC775AF6,184395,184839
IBC775AF6,223572,223731
IBC775AF6,251376,251535
IBC775AF6,279236,279543
IBC775AF6,282016,282999
IBC775AF6,284190,284231
IBFACCCDF,1895,2057
IBFACCCDF,3537,3693
IBFACCCDF,4501,4651
IBFACCCDF,5645,5793
IBFACCCDF,12370,12443
IBFACCCDF,18409,18479
IBFACCCDF,18813,18971
IBFACCCDF,20300,20455
IBFACCCDF,22119,22279
IBFACCCDF,24372,24509
IBFACCCDF,25107,25403
IBFACCCDF,28688,28838
IBFACCCDF,29833,29978
IBFACCCDF,30765,30912
IBFACCCDF,32802,32961
IBFACCCDF,34006,34171
IBFACCCDF,35052,35185
IBFACCCDF,35702,35849
IBFACCCDF,36345,36487
IBFACCCDF,37254,37398
IBFACCCDF,38160,38304
IBFACCCDF,38852,39009
IBFACCCDF,39676,39797
IBFACCCDF,40178,40275
IBFACCCDF,40505,40646
IBFACCCDF,41194,41342
IBFACCCDF,42035,42179
IBFACCCDF,42917,43060
IBFACCCDF,47997,48146
IBFACCCDF,49043,49200
IBFACCCDF,50075,50228
IBFACCCDF,51063,51207
IBFACCCDF,51870,52016
IBFACCCDF,53078,53221
IBFACCCDF,53714,53864
IBFACCCDF,54510,54653
IBFACCCDF,55422,55568
IBFACCCDF,55879,56028
IBFACCCDF,57014,57166
IBFACCCDF,57878,58026
IBFACCCDF,59125,59275
IBFACCCDF,61430,61581
IBFACCCDF,62672,62817
IBFACCCDF,63720,63866
IBFACCCDF,64350,64507
IBFACCCDF,66588,66743
IBFACCCDF,67416,67555
IBFACCCDF,68052,68189
IBFACCCDF,69222,69361
IBFACCCDF,70091,70242
IBFACCCDF,70812,70953
IBFACCCDF,72729,72876
IBFACCCDF,74994,75149
IBFACCCDF,76025,76164
IBFACCCDF,77045,77195
IBFACCCDF,78128,78287
IBFACCCDF,79092,79235
IBFACCCDF,79820,79970
IBFACCCDF,80669,80808
IBFACCCDF,81655,81805
IBFACCCDF,82207,82353
IBFACCCDF,83392,83538
IBFACCCDF,83990,84138
IBFACCCDF,84808,84962
IBFACCCDF,86131,86423
IBFACCCDF,87172,87313
IBFACCCDF,87957,88091
IBFACCCDF,88426,88567
IBFACCCDF,88973,89046
IBFACCCDF,89299,89369
IBFACCCDF,90022,90181
IBFACCCDF,90689,90837
IBFACCCDF,91291,91441
IBFACCCDF,91838,91986
IBFACCCDF,92408,92547
IBFACCCDF,92998,93145
IBFACCCDF,93513,93659
IBFACCCDF,94033,94177
IBFACCCDF,95073,95223
IBFACCCDF,101379,101525
IBFACCCDF,101871,102013
IBFACCCDF,102268,102418
IBFACCCDF,102770,102919
IBFACCCDF,103218,103370
IBFACCCDF,103910,104061
IBFACCCDF,104529,104683
IBFACCCDF,105083,105226
IBFACCCDF,105574,105723
IBFACCCDF,106259,106402
IBFACCCDF,106759,106907
IBFACCCDF,107262,107409
IBFACCCDF,107866,108006
IBFACCCDF,108489,108646
IBFACCCDF,109187,109320
IBFACCCDF,109581,109714
IBFACCCDF,110070,110212
IBFACCCDF,110560,110707
IBFACCCDF,111206,111352
IBFACCCDF,111637,111789
IBFACCCDF,112241,112389
IBFACCCDF,113070,113369
IBFACCCDF,114012,114152
IBFACCCDF,114425,114567
IBFACCCDF,115251,115396
IBFACCCDF,115861,116005
IBFACCCDF,116431,116570
IBFACCCDF,117393,117552
IBFACCCDF,120161,120302
IBFACCCDF,122100,122242
IBFACCCDF,124184,124624
IBFACCCDF,129218,129368
IBFACCCDF,130127,130270
IBFACCCDF,132346,132490
IBFACCCDF,133152,133228
IBFACCCDF,133817,133891
IBFACCCDF,134230,134368
IBFACCCDF,134829,134983
IBFACCCDF,135719,135866
IBFACCCDF,136454,136911
IBFACCCDF,138536,138891
IC05A6BE0,1479,1526
IC05A6BE0,1539,1690
IC05A6BE0,2391,2532
IC05A6BE0,3478,3518
IC05A6BE0,4687,4730
IC05A6BE0,5228,5266
IC05A6BE0,5699,5742
IC05A6BE0,6199,6264
IC05A6BE0,6880,6919
IC05A6BE0,7332,7375
IC05A6BE0,7517,7553
IC05A6BE0,7774,7815
IC05A6BE0,8449,8487
IC05A6BE0,8684,8726
IC05A6BE0,8896,8971
IC05A6BE0,9427,9467
IC05A6BE0,9650,9687
IC05A6BE0,9983,10061
IC05A6BE0,10924,10964
IC05A6BE0,11361,11402
IC05A6BE0,11661,11700
IC05A6BE0,11884,11921
IC05A6BE0,12240,12280
IC05A6BE0,12548,12588
IC05A6BE0,13266,13306
IC05A6BE0,13512,13548
IC05A6BE0,14613,14657
IC05A6BE0,15073,15110
IC05A6BE0,15266,15304
IC05A6BE0,16637,16677
IC05A6BE0,16945,16987
IC05A6BE0,17030,17068
IC05A6BE0,17621,17658
IC05A6BE0,17920,17961
IC05A6BE0,18475,18516
IC05A6BE0,18851,18890
IC05A6BE0,19489,19525
IC05A6BE0,19889,19921
IC05A6BE0,20252,20291
IC05A6BE0,20586,20624
IC05A6BE0,21439,21478
IC05A6BE0,22018,22057
IC05A6BE0,22790,22828
IC05A6BE0,23184,23221
IC05A6BE0,24215,24254
IC05A6BE0,24641,24682
IC05A6BE0,25388,25433
IC05A6BE0,25471,25505
IC05A6BE0,27227,27262
IC05A6BE0,27761,27799
IC05A6BE0,28107,28142
IC05A6BE0,28493,28531
IC05A6BE0,28854,28887
IC05A6BE0,29500,29539
IC05A6BE0,30182,30219
IC05A6BE0,31357,31390
IC05A6BE0,31604,31646
IC05A6BE0,32737,32769
IC05A6BE0,33199,33236
IC05A6BE0,33585,33616
IC05A6BE0,34037,34075
IC05A6BE0,34572,34649
IC05A6BE0,35307,35337
IC05A6BE0,35734,35769
IC05A6BE0,36057,36093
IC05A6BE0,36620,36653
IC05A6BE0,38564,38611
IC05A6BE0,38651,38687
IC05A6BE0,39136,39176
IC05A6BE0,39631,39667
IC05A6BE0,39820,39862
IC05A6BE0,40341,40379
IC05A6BE0,40467,40502
IC05A6BE0,40773,40808
IC05A6BE0,41657,41695
IC05A6BE0,42590,42631
IC05A6BE0,43202,43243
IC05A6BE0,43640,43681
IC05A6BE0,44007,44049
IC05A6BE0,44552,44593
IC05A6BE0,45577,45622
IC05A6BE0,46730,46764
IC05A6BE0,47365,47403
IC05A6BE0,48452,48491
IC05A6BE0,48736,48773
IC05A6BE0,49211,49249
IC05A6BE0,50243,50284
IC05A6BE0,50470,50504
IC05A6BE0,51110,51152
IC05A6BE0,51514,51555
IC05A6BE0,52640,52674
IC05A6BE0,53104,53146
IC05A6BE0,53193,53231
IC05A6BE0,53714,53753
IC05A6BE0,54680,54721
IC05A6BE0,55324,55361
IC05A6BE0,55963,56003
IC05A6BE0,56980,57016
IC05A6BE0,57448,57486
IC05A6BE0,58468,58508
IC05A6BE0,59482,59513
IC05A6BE0,59924,59965
IC05A6BE0,60546,60588
IC05A6BE0,61365,61405
IC05A6BE0,61935,61974
IC05A6BE0,62341,62377
IC05A6BE0,63492,63529
IC05A6BE0,64906,64946
IC05A6BE0,65976,66013
IC05A6BE0,66489,66528
IC05A6BE0,67043,67088
IC05A6BE0,68196,68232
IC05A6BE0,68535,68572
IC05A6BE0,69993,70031
IC05A6BE0,73007,73048
IC05A6BE0,73307,73349
IC05A6BE0,77489,77528
IC05A6BE0,78331,78370
IC05A6BE0,80752,80789
IC05A6BE0,81229,81272
IC05A6BE0,82554,82595
IC05A6BE0,82644,82681
IC05A6BE0,84969,85006
IC05A6BE0,86720,86761
IC05A6BE0,87612,87650
IC05A6BE0,88548,88585
IC05A6BE0,89671,89709
IC05A6BE0,90633,90669
IC05A6BE0,90984,91024
IC05A6BE0,92200,92240
IC05A6BE0,93394,93431
IC05A6BE0,94008,94048
IC05A6BE0,96049,96088
IC05A6BE0,97056,97097
IC05A6BE0,99116,99153
IC05A6BE0,99899,99937
IC05A6BE0,100530,100572
IC05A6BE0,101136,101178
IC05A6BE0,103560,103597
IC05A6BE0,104177,104219
IC05A6BE0,105823,105859
IC05A6BE0,106605,106655
IC05A6BE0,106695,106734
IC05A6BE0,107375,107414
IC05A6BE0,107920,107954
IC05A6BE0,108266,108305
IC05A6BE0,108671,108710
IC05A6BE0,109199,109234
IC05A6BE0,110005,110046
IC05A6BE0,111011,111048
IC05A6BE0,111674,111711
IC05A6BE0,113032,113074
IC05A6BE0,113839,113878
IC05A6BE0,114244,114288
IC05A6BE0,114781,114826
IC05A6BE0,115598,115635
IC05A6BE0,116034,116075
IC05A6BE0,118356,118398
IC05A6BE0,118554,118689
IC05A6BE0,119130,119288
IC05A6BE0,120106,120255
IC05A6BE0,121180,121331
IC05A6BE0,121801,121938
IC05A6BE0,122408,122563
IC05A6BE0,122919,123062
IC05A6BE0,123671,123821
IC5CE7FE9,8044,8170
IC5CE7FE9,8181,8293
IC5CE7FE9,13771,15279
IC5CE7FE9,17084,17184
IC5CE7FE9,17759,17785
IC5CE7FE9,19743,19862
IC5CE7FE9,19892,20008
IC5CE7FE9,20834,20979
IC5CE7FE9,23428,23611
IC5CE7FE9,24095,24412
IC5CE7FE9,29697,29845
IC5CE7FE9,30139,30418
IC5CE7FE9,32797,32989
IC5CE7FE9,33510,33644
IC5CE7FE9,33978,34126
IC5CE7FE9,36048,36300
IC5CE7FE9,39866,39924
IC5CE7FE9,40557,40804
IC5CE7FE9,42955,43064
IC5CE7FE9,45891,46001
IC5CE7FE9,46827,46871
IC5CE7FE9,47209,47339
IC5CE7FE9,47848,47930
IC5CE7FE9,48305,48418
IC5CE7FE9,49251,49361
IC5CE7FE9,49961,50420
IC5CE7FE9,54530,54586
IC5CE7FE9,54735,54886
IC5CE7FE9,56484,56516
IC5CE7FE9,57047,57103
IC5CE7FE9,58430,58503
IC5CE7FE9,58744,58857
IC5CE7FE9,60595,60718
IC5CE7FE9,62171,62397
IC5CE7FE9,63773,63869
IC5CE7FE9,65669,65746
IC5CE7FE9,66787,66894
IC5CE7FE9,67722,67816
IC5CE7FE9,68605,68701
IC5CE7FE9,69247,69519
IC5CE7FE9,69609,69649
IC5CE7FE9,70786,70899
IC5CE7FE9,72171,72290
IC5CE7FE9,75610,75645
IC5CE7FE9,76974,77007
IC5CE7FE9,77314,77426
IC5CE7FE9,77623,77768
IC5CE7FE9,79202,79263
IC5CE7FE9,80480,80550
IC5CE7FE9,82261,82363
IC5CE7FE9,82657,83130
IC5CE7FE9,83231,83289
IC5CE7FE9,84362,84448
IC5CE7FE9,85336,85521
IC5CE7FE9,87225,87290
IC5CE7FE9,87824,88068
IC5CE7FE9,88200,88259
IC5CE7FE9,88793,89057
IC5CE7FE9,89886,90007
IC5CE7FE9,90620,90672
IC5CE7FE9,91292,92575
IC5CE7FE9,96152,96261
IC5CE7FE9,98732,98882
IC5CE7FE9,99661,100054
IC5CE7FE9,101360,101682
IC5CE7FE9,103276,103513
IC5CE7FE9,104661,104808
IC5CE7FE9,105720,105974
IC5CE7FE9,107081,107406
IC5CE7FE9,108916,109453
IC5CE7FE9,111645,111929
IC5CE7FE9,114476,114647
IC5CE7FE9,115554,115582
IC5CE7FE9,116738,116767
IC5CE7FE9,117533,117655
IC5CE7FE9,119806,119918
IC5CE7FE9,120840,120984
IC5CE7FE9,122188,122718
IC5CE7FE9,124770,125186
IC5CE7FE9,127475,127707
IC5CE7FE9,130169,130672
IC5CE7FE9,132460,132766
IC5CE7FE9,133658,133768
IC5CE7FE9,133983,134445
IC5CE7FE9,135896,135920
IC5CE7FE9,136823,136858
IC5CE7FE9,137189,137427
IC5CE7FE9,138375,138797
IC5CE7FE9,141375,141432
IC5CE7FE9,141631,141659
IC5CE7FE9,142249,142274
IC5CE7FE9,143201,143241
IC5CE7FE9,143600,143770
IC5CE7FE9,147954,148204
IC5CE7FE9,149201,149260
IC5CE7FE9,150316,150378
IC5CE7FE9,151117,151176
IC5CE7FE9,151572,151629
IC5CE7FE9,152017,152129
IC5CE7FE9,152689,152928
IC5CE7FE9,154481,154605
IC5CE7FE9,156210,156332
IC5CE7FE9,156970,157090
IC5CE7FE9,158619,158734
IC5CE7FE9,159852,159914
IC5CE7FE9,161057,161296
IC5CE7FE9,162228,162285
IC5CE7FE9,163754,163932
IC5CE7FE9,165266,165676
IC5CE7FE9,167791,167845
IC5CE7FE9,168561,168628
IC5CE7FE9,169126,169182
IC5CE7FE9,169441,169497
IC5CE7FE9,169854,169959
IC5CE7FE9,171381,171414
IC5CE7FE9,172737,172792
IC5CE7FE9,173144,173209
IC5CE7FE9,173509,173758
IC5CE7FE9,175001,175027
IC5CE7FE9,175369,175422
IC5CE7FE9,175845,175954
IC5CE7FE9,176933,177048
IC5CE7FE9,178434,178550
IC5CE7FE9,178687,178840
IC5CE7FE9,179473,179682
IC5CE7FE9,180993,181046
IC5CE7FE9,181699,181864
IC5CE7FE9,183283,183432
IC5CE7FE9,184537,184598
IC5CE7FE9,184967,184994
IC5CE7FE9,185439,185547
IC5CE7FE9,186297,186412
IC5CE7FE9,186990,187285
IC5CE7FE9,188481,188598
IC5CE7FE9,189530,189651
IC5CE7FE9,190738,190856
IC5CE7FE9,192173,192407
IC5CE7FE9,193252,193368
IC5CE7FE9,193989,194111
IC5CE7FE9,194172,194423
IC5CE7FE9,195549,195701
IC5CE7FE9,196328,196446
IC5CE7FE9,197020,197144
IC5CE7FE9,198139,198168
IC5CE7FE9,199547,199579
IC5CE7FE9,200035,200775
IC5CE7FE9,206308,206587
IC5CE7FE9,208167,208203
IC5CE7FE9,208378,208583
IC5CE7FE9,210361,210452
IC5CE7FE9,210567,210914
IC5CE7FE9,211484,211521
IC5CE7FE9,211677,212615
IC5CE7FE9,218349,218470
IC5CE7FE9,219159,219279
IC5CE7FE9,220209,220445
IC5CE7FE9,222493,222919
IC5CE7FE9,224560,224672
IC5CE7FE9,226897,227008
IC5CE7FE9,228623,228667
IC5CE7FE9,229999,230040
IC5CE7FE9,230687,230801
IC5CE7FE9,231973,232124
IC5CE7FE9,234559,234708
IC5CE7FE9,236178,236405
IC5CE7FE9,238096,238324
IC5CE7FE9,239273,239516
IC5CE7FE9,242555,242716
IC5CE7FE9,243484,243718
IC5CE7FE9,244270,244523
IC5CE7FE9,245499,245956
IC5CE7FE9,247003,247240
IC5CE7FE9,247846,247911
IC5CE7FE9,248598,248830
IC5CE7FE9,250671,250811
IC5CE7FE9,251045,251167
IC5CE7FE9,253133,253329
IC5CE7FE9,254927,255303
IC5CE7FE9,257199,257534
IC5CE7FE9,259436,259702
IC5CE7FE9,261245,261364
IC5CE7FE9,262441,262557
IC5CE7FE9,263439,263800
IC5CE7FE9,265133,265247
IC5CE7FE9,266068,266301
IC5CE7FE9,267711,267827
IC5CE7FE9,268580,268728
IC5CE7FE9,269251,269451
IC5CE7FE9,271115,271230
IC5CE7FE9,271969,272148
IC5CE7FE9,274194,274366
IC5CE7FE9,275014,275243
IC5CE7FE9,276921,277161
IC5CE7FE9,278381,278500
IC5CE7FE9,279403,279462
IC5CE7FE9,280371,280417
IC5CE7FE9,280710,280825
IC5CE7FE9,281358,281478
IC5CE7FE9,282136,282393
IC5CE7FE9,283562,283706
IC5CE7FE9,284110,284462
IC5CE7FE9,285687,285927
IC5CE7FE9,285948,286572
IC5CE7FE9,288752,289213
IC5CE7FE9,291502,291802
IC5CE7FE9,292992,293033
IC5CE7FE9,294094,294205
IC5CE7FE9,295220,295636
IC5CE7FE9,298510,298883
IC5CE7FE9,300569,300948
IC5CE7FE9,302879,303029
IC5CE7FE9,304971,305324
IC5CE7FE9,307490,307853
IC5CE7FE9,309606,309785
IC5CE7FE9,311197,311606
IC5CE7FE9,313458,313569
IC5CE7FE9,314096,314460
IC5CE7FE9,315519,315749
IC5CE7FE9,316400,316656
IC5CE7FE9,317546,318027
IC5CE7FE9,319850,320088
IC5CE7FE9,320990,321394
IC5CE7FE9,322514,322637
IC5CE7FE9,323465,323825
IC5CE7FE9,325595,325629
IC5CE7FE9,326996,327353
IC5CE7FE9,328886,329130
IC5CE7FE9,330344,330577
IC5CE7FE9,331738,331874
IC5CE7FE9,332835,333135
IC5CE7FE9,334719,334816
IC5CE7FE9,335205,335309
IC5CE7FE9,336033,336289
IC5CE7FE9,337592,337710
IC6F06BCD,12944,13016
IC6F06BCD,13037,13090
IC6F06BCD,21276,21367
IC6F06BCD,31088,31488
IC6F06BCD,33221,33276
IC6F06BCD,33683,33777
IC6F06BCD,36178,36700
IC6F06BCD,40413,40468
IC6F06BCD,58914,59071
IC6F06BCD,64963,65211
IC6F06BCD,65320,65722
IC6F06BCD,66040,66560
IC6F06BCD,66600,66655
IC6F06BCD,68555,68781
IC87920B7,6730,6756
IC87920B7,6777,6830
IC87920B7,26873,26988
IC87920B7,27076,27250
IC87920B7,27560,27721
IC87920B7,33772,33919
IC87920B7,34715,34870
IC87920B7,42508,42662
IC87920B7,47946,48048
IC87920B7,48632,48794
IC87920B7,56117,56286
IC87920B7,67605,67759
IC87920B7,68478,68632
IC87920B7,80133,80279
IC87920B7,86048,86188
IC87920B7,88448,88600
IC87920B7,90097,90250
IC87920B7,90750,90909
IC87920B7,102045,102192
IC87920B7,102532,102672
IC87920B7,102704,102824
IC87920B7,107990,108136
IC87920B7,111355,111512
IC87920B7,114978,115128
IC87920B7,130273,130434
IC87920B7,133273,133421
IC87920B7,138316,138474
IC87920B7,140343,140497
IC87920B7,145320,145496
IC87920B7,157097,157253
IC87920B7,165086,165260
IC87920B7,165590,165751
IC87920B7,166884,167030
IC87920B7,167399,167555
IC87920B7,167970,168124
IC87920B7,168294,168455
IC87920B7,168878,169047
IC87920B7,169370,169465
IC87920B7,169576,169730
IC87920B7,170186,170339
IC87920B7,170787,170940
IC87920B7,171215,171361
IC87920B7,171796,171942
IC87920B7,172002,172141
IC87920B7,172525,172677
IC87920B7,173159,173251
IC87920B7,173637,173790
IC87920B7,174386,174544
IC87920B7,175321,175468
IC87920B7,176760,176906
IC87920B7,177413,177698
IC87920B7,177747,177904
IC87920B7,178493,178610
IC87920B7,178650,178800
IC87920B7,179223,179799
IC87920B7,179908,180069
IC87920B7,181269,181417
IC87920B7,182453,182611
IC87920B7,183666,183820
IC87920B7,184564,184740
IC87920B7,188928,189083
IC87920B7,190723,190897
IC87920B7,190991,191152
IC87920B7,191419,191565
IC87920B7,191597,191753
IC87920B7,191796,191950
IC87920B7,191993,192154
IC87920B7,192248,192417
IC87920B7,192519,192673
IC87920B7,192867,193020
IC87920B7,193096,193249
IC87920B7,193336,193482
IC87920B7,193518,193657
IC87920B7,193715,193867
IC87920B7,193916,194069
IC87920B7,194157,194315
IC87920B7,194461,194608
IC87920B7,194677,194823
IC87920B7,194850,195007
IC87920B7,195071,195221
IC87920B7,195292,195452
IC87920B7,195482,195630
IC87920B7,195780,195938
IC87920B7,195982,196136
IC87920B7,196721,196897
IC87920B7,196976,197131
ICDC84458,12088,12215
ICDC84458,12802,12918
ICDC84458,14358,14604
ICDC84458,15519,15750
ICDC84458,17956,18073
ICDC84458,18100,18217
ICDC84458,18257,18377
ICDC84458,18447,18639
ICDC84458,18952,19069
ICDC84458,19090,19216
ICDC84458,26387,26505
ICDC84458,28188,28378
ICDC84458,30667,30790
ICDC84458,30867,31063
ICDC84458,32537,32783
ICDC84458,36803,37101
ICDC84458,37149,37304
ICDC84458,37666,37839
ICDC84458,37891,38180
ICDC84458,41780,42084
ICDC84458,46220,46339
ICDC84458,48584,48693
ICDC84458,48739,48851
ICDC84458,48999,49147
ICDC84458,50082,50196
ICDC84458,50321,50527
ICDC84458,55178,55427
ICDC84458,67684,67859
ICDC84458,77247,77330
ICDC84458,88935,89054
ICDC84458,93080,93198
ICDC84458,96525,96637
ICDC84458,98012,98189
ICDC84458,100345,100631
ICDC84458,101631,101889
ICDC84458,108897,109017
ICDC84458,109278,109504
ICDC84458,143755,144307
ICDC84458,149286,149522
ICDC84458,149548,149873
ICDC84458,158278,158390
ICDC84458,192655,192774
ICDC84458,205224,205342
ICDC84458,257194,257351
ICDC84458,265178,265403
ICDC84458,271034,271283
ICDC84458,288865,288976
ICDC84458,289087,289202
ICDC84458,291034,291167
ICDC84458,347614,348119
ICDC84458,363145,363263
ICDC84458,403948,404177
ICDC84458,404283,404800
ICDC84458,409193,409737
ICDC84458,413935,414365
ICDC84458,417256,417844
ICDC84458,421556,422051
ICDC84458,605882,606236
ICDC84458,608453,608969
ICDC84458,610016,610256
ICDC84458,625938,626115
ID4AD2D0E,4038,4183
ID4AD2D0E,4292,4448
ID4AD2D0E,4577,4729
ID4AD2D0E,4895,5046
ID4AD2D0E,5208,5359
ID4AD2D0E,5505,5663
ID4AD2D0E,5766,5911
ID4AD2D0E,6128,6287
ID4AD2D0E,6482,6634
ID4AD2D0E,6832,6981
ID4AD2D0E,7151,7295
ID4AD2D0E,7529,7682
ID4AD2D0E,7792,7941
ID4AD2D0E,8002,8112
ID4AD2D0E,8399,8435
IDAD44BA2,780,790
IDAD44BA2,894,899
IDAD44BA2,917,927
IDAD44BA2,981,985
IDAD44BA2,998,1003
IDAD44BA2,1014,1017
IDAD44BA2,1047,1055
IDAD44BA2,1072,1077
IDAD44BA2,1091,1095
IDAD44BA2,1108,1129
IDAD44BA2,1210,1214
IDAD44BA2,1221,1225
IDAD44BA2,1229,1232
IDAD44BA2,1235,1244
IDAD44BA2,1253,1285
IDAD44BA2,1302,1310
IDAD44BA2,1333,1351
IDAD44BA2,1371,1379
IDAD44BA2,1400,1420
IDAD44BA2,1826,1835
IDAD44BA2,1853,1877
IDAD44BA2,1915,1918
IDAD44BA2,1923,1927
IDAD44BA2,1930,1977
IDAD44BA2,1981,1989
IDAD44BA2,1991,1994
IDAD44BA2,1998,2022
IDAD44BA2,2031,2045
IDAD44BA2,2056,2064
IDAD44BA2,2068,2073
IDAD44BA2,2163,2166
IDAD44BA2,2177,2216
IDAD44BA2,2223,2240
IDAD44BA2,2278,2315
IDAD44BA2,2318,2325
IDAD44BA2,2331,2336
IDAD44BA2,2342,2345
IDAD44BA2,2349,2386
IDAD44BA2,2388,2406
IDAD44BA2,2416,2420
IDAD44BA2,2462,2471
IDAD44BA2,2477,2492
IDAD44BA2,2495,2501
IDAD44BA2,2527,2531
IDAD44BA2,2539,2558
IDAD44BA2,2566,2571
IDAD44BA2,2589,2597
IDAD44BA2,2601,2610
IDAD44BA2,2613,2636
IDAD44BA2,2643,2647
IDAD44BA2,2650,2661
IDAD44BA2,2698,2723
IDAD44BA2,2757,2766
IDAD44BA2,2777,2798
IDAD44BA2,2858,2865
IDAD44BA2,2878,2884
IDAD44BA2,2903,2906
IDAD44BA2,2922,2934
IDAD44BA2,2954,2976
IDAD44BA2,2978,2986
IDAD44BA2,3027,3049
IDAD44BA2,3060,3084
IDAD44BA2,3102,3110
IDAD44BA2,3167,3191
IDAD44BA2,3207,3227
IDAD44BA2,3275,3282
IDAD44BA2,3292,3304
IDAD44BA2,3307,3313
IDAD44BA2,3316,3321
IDAD44BA2,3554,3580
IDAD44BA2,3585,3609
IDAD44BA2,3625,3628
IDAD44BA2,3652,3676
IDAD44BA2,3697,3705
IDAD44BA2,3717,3731
IDAD44BA2,3757,3785
IDAD44BA2,3795,3800
IDAD44BA2,3803,3809
IDAD44BA2,3820,3828
IDAD44BA2,3831,3835
IDAD44BA2,3843,3867
IDAD44BA2,3882,3895
IDAD44BA2,3904,3915
IDAD44BA2,3962,3965
IDAD44BA2,3984,4003
IDAD44BA2,4018,4025
IDAD44BA2,4033,4037
IDAD44BA2,4046,4053
IDAD44BA2,4073,4075
IDAD44BA2,4089,4102
IDAD44BA2,4151,4156
IDAD44BA2,4159,4163
IDAD44BA2,4197,4213
IDAD44BA2,4217,4226
IDAD44BA2,4228,4231
IDAD44BA2,4262,4283
IDAD44BA2,4341,4352
IDAD44BA2,4358,4363
IDAD44BA2,4366,4378
IDAD44BA2,4399,4402
IDAD44BA2,4406,4411
IDAD44BA2,4425,4429
IDAD44BA2,4431,4433
IDAD44BA2,4444,4473
IDAD44BA2,4484,4490
IDAD44BA2,4492,4496
IDAD44BA2,4500,4505
IDAD44BA2,4683,4686
IDAD44BA2,4689,4694
IDAD44BA2,4705,4722
IDAD44BA2,4732,4736
IDAD44BA2,4738,4753
IDAD44BA2,4768,4776
IDAD44BA2,4820,4827
IDAD44BA2,4830,4835
IDAD44BA2,4839,4846
IDAD44BA2,4853,4857
IDAD44BA2,4860,4865
IDAD44BA2,4970,4975
IDAD44BA2,5012,5023
IDAD44BA2,5027,5030
IDAD44BA2,5049,5058
IDAD44BA2,5084,5090
IDAD44BA2,5103,5108
IDAD44BA2,5126,5129
IDAD44BA2,5151,5176
IDAD44BA2,5186,5193
IDAD44BA2,5202,5207
IDAD44BA2,5209,5213
IDAD44BA2,5220,5231
IDAD44BA2,5235,5240
IDAD44BA2,5248,5253
IDAD44BA2,5255,5258
IDAD44BA2,5315,5328
IDAD44BA2,5386,5393
IDAD44BA2,5404,5425
IDAD44BA2,5469,5476
IDAD44BA2,5499,5513
IDAD44BA2,5517,5523
IDAD44BA2,5570,5577
IDAD44BA2,5590,5595
IDAD44BA2,5628,5639
IDAD44BA2,5677,5681
IDAD44BA2,5685,5695
IDAD44BA2,5711,5716
IDAD44BA2,5719,5724
IDAD44BA2,5732,5736
IDAD44BA2,5831,5838
IDAD44BA2,5913,5923
IDAD44BA2,5933,5943
IDAD44BA2,5985,5989
IDAD44BA2,5998,6001
IDAD44BA2,6006,6014
IDAD44BA2,6050,6066
IDAD44BA2,6069,6074
IDAD44BA2,6091,6097
IDAD44BA2,6117,6121
IDAD44BA2,6124,6128
IDAD44BA2,6146,6151
IDAD44BA2,6159,6189
IDAD44BA2,6236,6239
IDAD44BA2,6273,6286
IDAD44BA2,6288,6295
IDAD44BA2,6326,6339
IDAD44BA2,6342,6348
IDAD44BA2,6352,6358
IDAD44BA2,6377,6382
IDAD44BA2,6399,6413
IDAD44BA2,6417,6426
IDAD44BA2,6451,6455
IDAD44BA2,6497,6502
IDAD44BA2,6505,6513
IDAD44BA2,6533,6552
IDAD44BA2,6593,6597
IDAD44BA2,6682,6689
IDAD44BA2,6702,6710
IDAD44BA2,6864,6876
IDAD44BA2,6881,6887
IDAD44BA2,6900,6905
IDAD44BA2,6909,6915
IDAD44BA2,6930,6934
IDAD44BA2,6943,6953
IDAD44BA2,6962,6979
IDAD44BA2,6987,6991
IDAD44BA2,7001,7010
IDAD44BA2,7271,7281
IDAD44BA2,7291,7301
IDAD44BA2,7454,7460
IDAD44BA2,7464,7477
IDAD44BA2,7548,7558
IDAD44BA2,7564,7574
IDAD44BA2,7587,7591
IDAD44BA2,7619,7630
IDAD44BA2,7638,7642
IDAD44BA2,7698,7702
IDAD44BA2,7707,7713
IDAD44BA2,7756,7780
IDAD44BA2,7789,7802
IDAD44BA2,7917,7924
IDAD44BA2,7927,7942
IDAD44BA2,7990,7994
IDAD44BA2,8005,8012
IDAD44BA2,8017,8028
IDAD44BA2,8031,8037
IDAD44BA2,8041,8054
IDAD44BA2,8078,8082
IDAD44BA2,8108,8116
IDAD44BA2,8122,8127
IDAD44BA2,8132,8136
IDAD44BA2,8141,8146
IDAD44BA2,8160,8171
IDAD44BA2,8178,8188
IDAD44BA2,8229,8236
IDAD44BA2,8243,8253
IDAD44BA2,8264,8273
IDAD44BA2,8275,8307
IDAD44BA2,8474,8482
IDAD44BA2,8495,8504
IDAD44BA2,8517,8526
IDAD44BA2,8644,8657
IDAD44BA2,8676,8681
IDAD44BA2,8691,8694
IDAD44BA2,8715,8724
IDAD44BA2,8771,8790
IDAD44BA2,8803,8845
IDAD44BA2,8864,8870
IDAD44BA2,8877,8883
IDAD44BA2,8892,8898
IDAD44BA2,8936,8946
IDAD44BA2,8949,8961
IDAD44BA2,8974,8995
IDAD44BA2,9022,9034
IDAD44BA2,9049,9059
IDAD44BA2,9108,9120
IDAD44BA2,9181,9190
IDAD44BA2,9198,9210
IDAD44BA2,9217,9224
IDAD44BA2,9242,9259
IDAD44BA2,9283,9291
IDAD44BA2,9332,9338
IDAD44BA2,9343,9347
IDAD44BA2,9579,9589
IDAD44BA2,9597,9653
IDAD44BA2,9728,9736
IDAD44BA2,9746,9755
IDAD44BA2,9759,9776
IDAD44BA2,9792,9797
IDAD44BA2,9805,9813
IDAD44BA2,9833,9850
IDAD44BA2,9915,9924
IDAD44BA2,9941,9954
IDAD44BA2,9985,9992
IDAD44BA2,9994,9997
IDAD44BA2,10006,10037
IDAD44BA2,10055,10076
IDAD44BA2,10237,10244
IDAD44BA2,10280,10289
IDAD44BA2,10292,10296
IDAD44BA2,10320,10328
IDAD44BA2,10374,10395
IDAD44BA2,10408,10418
IDAD44BA2,10486,10493
IDAD44BA2,10564,10573
IDAD44BA2,10581,10584
IDAD44BA2,10624,10635
IDAD44BA2,10771,10790
IDAD44BA2,10796,10830
IDAD44BA2,10844,10856
IDAD44BA2,10900,10908
IDAD44BA2,10931,10949
IDAD44BA2,10972,10992
IDAD44BA2,11009,11017
IDAD44BA2,11025,11052
IDAD44BA2,11198,11205
IDAD44BA2,11313,11349
IDAD44BA2,11353,11361
IDAD44BA2,11365,11370
IDAD44BA2,11391,11421
IDAD44BA2,11442,11452
IDAD44BA2,11458,11464
IDAD44BA2,11530,11544
IDAD44BA2,11578,11608
IDAD44BA2,11929,11933
IDAD44BA2,11937,11946
IDAD44BA2,11956,11982
IDAD44BA2,11985,11989
IDAD44BA2,11991,12003
IDAD44BA2,12062,12082
IDAD44BA2,12086,12091
IDAD44BA2,12110,12172
IDAD44BA2,12210,12213
IDAD44BA2,12216,12219
IDAD44BA2,12281,12287
IDAD44BA2,12302,12306
IDAD44BA2,12327,12349
IDAD44BA2,12365,12372
IDAD44BA2,12380,12391
IDAD44BA2,12397,12404
IDAD44BA2,12408,12412
IDAD44BA2,12431,12435
IDAD44BA2,12445,12451
IDAD44BA2,12458,12462
IDAD44BA2,12475,12488
IDAD44BA2,12496,12507
IDAD44BA2,12512,12522
IDAD44BA2,12529,12543
IDAD44BA2,12550,12556
IDAD44BA2,12568,12572
IDAD44BA2,12583,12590
IDAD44BA2,12598,12606
IDAD44BA2,12615,12624
IDAD44BA2,12633,12639
IDAD44BA2,12671,12699
IDAD44BA2,12770,12779
IDAD44BA2,12781,12799
IDAD44BA2,12879,12902
IDAD44BA2,12918,12924
IDAD44BA2,12927,12936
IDAD44BA2,13006,13011
IDAD44BA2,13066,13078
IDAD44BA2,13081,13090
IDAD44BA2,13111,13120
IDAD44BA2,13132,13145
IDAD44BA2,13161,13164
IDAD44BA2,13183,13187
IDAD44BA2,13212,13216
IDAD44BA2,13218,13246
IDAD44BA2,13323,13342
IDAD44BA2,13346,13350
IDAD44BA2,13356,13364
IDAD44BA2,13380,13400
IDAD44BA2,13405,13417
IDAD44BA2,13429,13434
IDAD44BA2,13437,13451
IDAD44BA2,13456,13462
IDAD44BA2,13484,13490
IDAD44BA2,13494,13531
IDAD44BA2,13538,13553
IDAD44BA2,13638,13649
IDAD44BA2,13652,13656
IDAD44BA2,13663,13667
IDAD44BA2,13757,13761
IDAD44BA2,13764,13768
IDAD44BA2,13772,13792
IDAD44BA2,13800,13804
IDAD44BA2,13808,13811
IDAD44BA2,13818,13823
IDAD44BA2,13860,13872
IDAD44BA2,13927,13931
IDAD44BA2,13936,13955
IDAD44BA2,13977,13982
IDAD44BA2,14018,14021
IDAD44BA2,14031,14036
IDAD44BA2,14044,14055
IDAD44BA2,14057,14061
IDAD44BA2,14069,14073
IDAD44BA2,14099,14103
IDAD44BA2,14106,14111
IDAD44BA2,14113,14122
IDAD44BA2,14125,14132
IDAD44BA2,14142,14146
IDAD44BA2,14163,14190
IDAD44BA2,14201,14208
IDAD44BA2,14246,14265
IDAD44BA2,14297,14305
IDAD44BA2,14353,14358
IDAD44BA2,14385,14393
IDAD44BA2,14398,14409
IDAD44BA2,14413,14416
IDAD44BA2,14441,14444
IDAD44BA2,14467,14490
IDAD44BA2,14498,14506
IDAD44BA2,14524,14529
IDAD44BA2,14544,14552
IDAD44BA2,14565,14580
IDAD44BA2,14599,14609
IDAD44BA2,14612,14616
IDAD44BA2,14618,14628
IDAD44BA2,14634,14643
IDAD44BA2,14648,14669
IDAD44BA2,14692,14704
IDAD44BA2,14723,14728
IDAD44BA2,14783,14796
IDAD44BA2,14914,14935
IDAD44BA2,14948,14965
IDAD44BA2,15045,15054
IDAD44BA2,15079,15094
IDAD44BA2,15142,15146
IDAD44BA2,15160,15166
IDAD44BA2,15170,15174
IDAD44BA2,15177,15182
IDAD44BA2,15184,15193
IDAD44BA2,15271,15276
IDAD44BA2,15278,15302
IDAD44BA2,15751,15755
IDAD44BA2,15759,15764
IDAD44BA2,15828,15835
IDAD44BA2,15899,15913
IDAD44BA2,15926,15930
IDAD44BA2,15943,15948
IDAD44BA2,15965,15983
IDAD44BA2,16091,16101
IDAD44BA2,16124,16129
IDAD44BA2,16136,16145
IDAD44BA2,16148,16152
IDAD44BA2,16206,16214
IDAD44BA2,16223,16229
IDAD44BA2,16234,16239
IDAD44BA2,16241,16244
IDAD44BA2,16257,16269
IDAD44BA2,16290,16329
IDAD44BA2,16331,16338
IDAD44BA2,16360,16373
IDAD44BA2,16390,16411
IDAD44BA2,16420,16424
IDAD44BA2,16456,16472
IDAD44BA2,16486,16504
IDAD44BA2,16507,16511
IDAD44BA2,16513,16517
IDAD44BA2,16530,16533
IDAD44BA2,16535,16561
IDAD44BA2,16565,16581
IDAD44BA2,16589,16596
IDAD44BA2,16608,16629
IDAD44BA2,16693,16698
IDAD44BA2,16711,16715
IDAD44BA2,16741,16753
IDAD44BA2,16761,16771
IDAD44BA2,16781,16790
IDAD44BA2,16799,16805
IDAD44BA2,16816,16836
IDAD44BA2,16847,16854
IDAD44BA2,16864,16870
IDAD44BA2,16879,16883
IDAD44BA2,16887,16902
IDAD44BA2,16921,16937
IDAD44BA2,16946,16950
IDAD44BA2,16972,16976
IDAD44BA2,16980,16984
IDAD44BA2,16995,17006
IDAD44BA2,17008,17016
IDAD44BA2,17070,17089
IDAD44BA2,17115,17125
IDAD44BA2,17129,17139
IDAD44BA2,17161,17168
IDAD44BA2,17181,17184
IDAD44BA2,17192,17211
IDAD44BA2,17224,17251
IDAD44BA2,17262,17268
IDAD44BA2,17281,17288
IDAD44BA2,17296,17303
IDAD44BA2,17313,17319
IDAD44BA2,17355,17359
IDAD44BA2,17364,17377
IDAD44BA2,17388,17403
IDAD44BA2,17558,17597
IDAD44BA2,17600,17605
IDAD44BA2,17610,17619
IDAD44BA2,17632,17636
IDAD44BA2,17658,17663
IDAD44BA2,17686,17690
IDAD44BA2,17695,17712
IDAD44BA2,17726,17737
IDAD44BA2,17739,17742
IDAD44BA2,17751,17761
IDAD44BA2,17779,17783
IDAD44BA2,17844,17848
IDAD44BA2,17850,17854
IDAD44BA2,17882,17891
IDAD44BA2,17909,17924
IDAD44BA2,18030,18035
IDAD44BA2,18039,18048
IDAD44BA2,18053,18059
IDAD44BA2,18062,18067
IDAD44BA2,18084,18095
IDAD44BA2,18098,18103
IDAD44BA2,18105,18119
IDAD44BA2,18337,18360
IDAD44BA2,18443,18448
IDAD44BA2,18459,18480
IDAD44BA2,18685,18692
IDAD44BA2,18696,18704
IDAD44BA2,18717,18729
IDAD44BA2,18738,18744
IDAD44BA2,18746,18751
IDAD44BA2,18760,18784
IDAD44BA2,18826,18838
IDAD44BA2,18847,18863
IDAD44BA2,18875,18882
IDAD44BA2,18913,18919
IDAD44BA2,18935,18943
IDAD44BA2,18946,18952
IDAD44BA2,18975,18984
IDAD44BA2,18993,19007
IDAD44BA2,19020,19027
IDAD44BA2,19101,19105
IDAD44BA2,19108,19112
IDAD44BA2,19186,19193
IDAD44BA2,19208,19214
IDAD44BA2,19249,19263
IDAD44BA2,19306,19327
IDAD44BA2,19341,19352
IDAD44BA2,19385,19393
IDAD44BA2,19418,19427
IDAD44BA2,19506,19522
IDAD44BA2,19540,19551
IDAD44BA2,19586,19598
IDDA7F69E,5174,5329
IDDA7F69E,28739,28883
IDDA7F69E,103945,104230
IDDA7F69E,135696,136053
IDDA7F69E,141961,142083
IDDA7F69E,165924,166178
IDDA7F69E,175461,175615
IDDA7F69E,351359,351549
IDDA7F69E,353898,354093
IDDA7F69E,356340,356495
IDDA7F69E,357901,358064
IDDA7F69E,360896,361059
IDDA7F69E,375554,375786
IDDA7F69E,377915,378071
IDDA7F69E,378696,378849
IDDA7F69E,379822,379978
IDDA7F69E,380785,380942
IDDA7F69E,383112,383234
IDDA7F69E,384855,385010
IDDA7F69E,386214,386370
IDDA7F69E,387195,387317
IDDA7F69E,387951,388094
IDDA7F69E,388674,388831
IDDA7F69E,389200,389352
IDDA7F69E,390243,390431
IE5895799,12743,12775
IE5895799,12799,12852
IE5895799,31072,31492
IE5895799,53684,53849
IE5895799,60218,60355
IE5895799,172805,172861
IE5895799,180849,181002
IE5895799,233091,233257
IE5895799,233311,233473
IE5895799,237448,237616
IE5895799,237669,237829
IE5895799,237856,238013
IE5895799,238029,238201
IE5895799,238231,238392
IE5895799,238609,238773
IE5895799,238935,239102
IE5895799,239311,239470
IE5895799,239497,239617
IE5895799,239690,239846
IE5895799,241544,241697
IE5895799,241882,242046
IE5895799,242191,242279
IE5895799,242330,242484
IE5895799,242702,242859
IE5895799,243092,243239
IE5895799,243299,243468
IE5895799,243533,243696
IE5895799,243731,243886
IE5895799,243948,244093
IEE67309C,5999,6045
IEE67309C,6066,6119
IEE67309C,53197,53318
IEE67309C,99571,99900
IEE67309C,101018,101099
IEE67309C,101604,101764
IEE67309C,105777,106044
IEE67309C,107297,107551
IEE67309C,107652,107762
IEE67309C,107792,107904
IEE67309C,108218,108366
IEE67309C,108419,108546
IEE67309C,109350,109981
IEE67309C,110011,110249
IEE67309C,112073,112557
IEE67309C,112720,112950
IEE67309C,113966,114177
IEE67309C,114934,115953
IEE67309C,116498,116980
IEE67309C,117054,117327
IEE67309C,118415,118751
IEE67309C,118800,118962
IEE67309C,126397,126547
IEE67309C,206788,206998
IEF3A4022,4587,4620
IEF3A4022,5479,5505
IEF3A4022,5518,5531
IEF3A4022,5666,5692
IEF3A4022,6380,6606
IEF3A4022,8608,8715
IEF3A4022,33268,33377
IEF3A4022,34413,34525
IEF3A4022,35808,35833
IEF3A4022,36376,36402
IEF3A4022,36644,36669
IEF3A4022,36867,36890
IEF3A4022,37336,37458
IEF3A4022,37938,38051
IEF3A4022,38664,38776
IEF3A4022,39547,39657
IEF3A4022,40389,40502
IEF3A4022,41719,41831
IEF3A4022,42392,42504
IEF3A4022,42821,42941
IEF3A4022,43389,43512
IEF3A4022,44029,44059
IEF3A4022,44310,44339
IEF3A4022,45936,46042
IEF3A4022,46638,46742
IEF3A4022,47166,47219
IEF3A4022,47259,47310
IEF3A4022,47721,47829
IEF3A4022,48272,48382
IEF3A4022,48657,48714
IEF3A4022,48791,48849
IEF3A4022,49229,49336
IEF3A4022,49956,50073
IEF3A4022,50659,50771
IEF3A4022,51247,51363
IEF3A4022,51744,51864
IEF3A4022,52344,52453
IEF3A4022,53092,53199
IEF3A4022,53743,53848
IEF3A4022,54371,54487
IEF3A4022,55173,55285
IEF3A4022,55771,55827
IEF3A4022,56230,56285
IEF3A4022,57944,58055
IEF3A4022,58092,58201
IEF3A4022,58461,58578
IEF3A4022,58859,58969
IEF3A4022,59400,59457
IEF3A4022,59571,59630
IEF3A4022,60126,60239
IEF3A4022,60603,60785
IEF3A4022,61390,61446
IEF3A4022,62183,62294
IEF3A4022,62921,63017
IEF3A4022,63727,63780
IEF3A4022,63919,63970
IEF3A4022,64833,64941
IEF3A4022,65363,65410
IEF3A4022,65708,65762
IEF3A4022,66197,66251
IEF3A4022,66658,66704
IEF3A4022,67280,67370
IEF3A4022,67581,67639
IEF3A4022,67836,67943
IEF3A4022,68994,69118
IEF3A4022,69481,69602
IEF3A4022,70088,70211
IEF3A4022,70718,70840
IEF3A4022,71155,71211
IEF3A4022,71537,71595
IEF3A4022,73137,73190
IEF3A4022,73754,73872
IEF3A4022,74336,74455
IEF3A4022,75157,75284
IEF3A4022,76747,76856
IEF3A4022,77175,77230
IEF3A4022,77294,77353
IEF3A4022,77808,77865
IEF3A4022,78104,78161
IEF3A4022,78327,78381
IEF3A4022,78601,78652
IEF3A4022,78792,78847
IEF3A4022,78967,79023
IEF3A4022,79163,79217
IEF3A4022,79628,79689
IEF3A4022,80122,80217
IEF3A4022,80268,80341
IEF3A4022,80628,80731
IEF3A4022,81845,81963
IEF3A4022,82905,82960
IEF3A4022,83194,83248
IEF3A4022,83758,83813
IEF3A4022,84075,84132
IEF3A4022,84250,84304
IEF3A4022,84429,84542
IEF3A4022,84796,84905
IEF3A4022,85283,85335
IEF3A4022,85363,85416
IEF3A4022,85577,85632
IEF3A4022,85754,85810
IEF3A4022,85868,85928
IEF3A4022,86202,86259
IEF3A4022,86599,86656
IEF3A4022,87968,88024
IEF3A4022,88285,88342
IEF3A4022,88593,88704
IEF3A4022,89391,89507
IEF3A4022,90648,90766
IEF3A4022,91389,91512
IEF3A4022,91741,91857
IEF3A4022,92204,92317
IEF3A4022,92718,92832
IEF3A4022,93149,93253
IEF3A4022,93673,93779
IEF3A4022,94007,94118
IEF3A4022,94574,94689
IEF3A4022,95111,95231
IEF3A4022,95532,95644
IEF3A4022,96351,96466
IEF3A4022,97360,97414
IEF3A4022,97841,97897
IEF3A4022,98140,98256
IEF3A4022,98541,98653
IEF3A4022,98766,98824
IEF3A4022,98853,98911
IEF3A4022,99216,99326
IEF3A4022,99683,99794
IEF3A4022,100285,100396
IEF3A4022,100834,100944
IEF3A4022,101161,101271
IEF3A4022,101541,101652
IEF3A4022,102306,102421
IEF3A4022,102898,102950
IEF3A4022,103031,103083
IEF3A4022,103254,103374
IEF3A4022,103807,103862
IEF3A4022,103872,103927
IEF3A4022,104015,104122
IEF3A4022,104447,104498
IEF3A4022,104644,104758
IEF3A4022,105925,105983
IEF3A4022,106267,106323
IEF3A4022,107634,107756
IEF3A4022,109401,109509
IEF3A4022,109743,109799
IEF3A4022,110248,110303
IEF3A4022,110717,110828
IEF3A4022,111161,111218
IEF3A4022,111346,111397
IEF3A4022,111520,111572
IEF3A4022,111903,111958
IEF3A4022,112071,112125
IEF3A4022,112523,112577
IEF3A4022,113032,113086
IEF3A4022,113241,113292
IEF3A4022,113523,113605
IEF3A4022,113654,113685
IEF3A4022,114269,114382
IEF3A4022,114780,114891
IEF3A4022,115195,115308
IEF3A4022,116730,116847
IEF3A4022,117116,117172
IEF3A4022,117488,117539
IEF3A4022,118917,119019
IEF3A4022,119325,119429
IEF3A4022,119853,119957
IEF3A4022,120312,120416
IEF3A4022,120763,120869
IEF3A4022,121483,121589
IEF3A4022,122117,122218
IEF3A4022,122635,122742
IEF3A4022,123086,123134
IEF3A4022,123250,123307
IEF3A4022,124072,124177
IEF3A4022,124731,124830
IEF3A4022,125179,125283
IEF3A4022,127286,127340
IEF3A4022,127750,127805
IEF3A4022,127991,128109
IEF3A4022,128307,128423
IEF3A4022,129083,129138
IEF3A4022,129387,129440
IEF3A4022,129691,129806
IEF3A4022,130346,130461
IEF3A4022,130691,130800
IEF3A4022,131423,131534
IEF3A4022,132112,132167
IEF3A4022,132497,132550
IEF3A4022,132950,133062
IEF3A4022,133726,133835
IEF3A4022,134238,134290
IEF3A4022,134418,134444
IEF3A4022,134888,134940
IEF3A4022,135340,135394
IEF3A4022,135742,135847
IEF3A4022,136441,136549
IEF3A4022,137744,137850
IEF3A4022,139560,139674
IEF3A4022,140365,140409
IEF3A4022,140690,140742
IEF3A4022,140918,141021
IEF3A4022,141320,141428
IEF3A4022,141607,141720
IEF3A4022,142096,142200
IEF3A4022,142547,142771
IEF3A4022,144086,144203
IEF3A4022,144583,144703
IEF3A4022,145118,145236
IEF3A4022,145970,146086
IEF3A4022,146691,146812
IEF3A4022,147155,147270
IEF3A4022,147545,147662
IEF3A4022,148264,148377
IEF3A4022,148800,148859
IEF3A4022,149420,149477
IEF3A4022,149725,149832
IEF3A4022,151389,151508
IEF3A4022,152920,152973
IEF3A4022,153283,153344
IEF3A4022,153826,153885
IEF3A4022,154327,154386
IEF3A4022,154618,154669
IEF3A4022,154936,154987
IEF3A4022,155499,155609
IEF3A4022,156045,156099
IEF3A4022,156306,156359
IEF3A4022,156742,156856
IEF3A4022,158054,158171
IEF3A4022,162308,162414
IEF3A4022,162664,162779
IEF3A4022,163180,163287
IEF3A4022,163678,163782
IEF3A4022,163983,164093
IEF3A4022,164549,164661
IEF3A4022,165352,165404
IEF3A4022,165842,165892
IEF3A4022,166293,166346
IEF3A4022,167126,167176
IEF3A4022,168412,168469
IEF3A4022,168831,168888
IEF3A4022,168946,169000
IEF3A4022,169549,169603
IEF3A4022,170539,170654
IEF3A4022,171150,171262
IEF3A4022,171612,171729
IEF3A4022,172154,172264
IEF3A4022,173536,173643
IEF3A4022,175166,175221
IEF3A4022,175324,175379
IEF3A4022,175784,175835
IEF3A4022,176047,176102
IEF3A4022,176505,176556
IEF3A4022,176738,176788
IEF3A4022,176880,176988
IEF3A4022,179117,179199
IEF3A4022,180534,180562
IEF3A4022,181013,181122
IEF3A4022,182242,182354
IEF3A4022,183763,183872
IEF3A4022,184868,184991
IEF3A4022,185822,185939
IEF3A4022,186525,186608
IEF3A4022,187064,187127
IEF3A4022,187711,187835
IEF3A4022,188991,189105
IEF3A4022,190118,190225
IEF3A4022,192313,192427
IEF3A4022,193257,193315
IEF3A4022,193911,194020
IEF3A4022,194602,194656
IEF3A4022,194753,194995
IEF3A4022,196884,197000
IEF3A4022,197716,197829
IEF3A4022,198316,198440
IEF3A4022,198742,198862
IEF3A4022,199159,199284
IEF3A4022,199810,199924
IEF3A4022,200587,200641
IEF3A4022,201681,201729
IEF3A4022,201927,202045
IEF3A4022,202070,202177
IEF3A4022,203514,203570
IEF3A4022,203991,204047
IEF3A4022,204134,204247
IEF3A4022,204785,204902
IEF3A4022,205260,205373
IEF3A4022,205693,205777
IEF3A4022,205964,205988
IEF3A4022,206453,206568
IEF3A4022,207890,207948
IEF3A4022,208514,208569
IEF3A4022,208895,209001
IEF3A4022,209241,209351
IEF3A4022,209702,209820
IEF3A4022,210301,210411
IEF3A4022,211079,211189
IEF3A4022,211686,211799
IEF3A4022,212207,212318
IEF3A4022,212800,213017
IEF3A4022,214603,214725
IEF3A4022,215127,215247
IEF3A4022,215609,215725
IEF3A4022,217792,217846
IEF3A4022,218371,218430
IEF3A4022,219390,219440
IEF3A4022,220111,220170
IEF3A4022,220452,220563
IEF3A4022,221112,221216
IEF3A4022,222299,222326
IEF3A4022,222397,222486
IEF3A4022,224202,224331
IEF3A4022,228000,228116
IEF3A4022,229056,229164
IEF3A4022,231254,231366
IEF3A4022,231822,231934
IEF3A4022,232537,232653
IEF3A4022,233604,233720
IEF3A4022,235656,235763
IEF3A4022,236344,236448
IEF3A4022,236708,236815
IEF3A4022,237040,237156
IEF3A4022,238835,238945
IEF3A4022,239978,240033
IEF3A4022,240171,240224
IEF3A4022,242002,242121
IEF3A4022,242376,242496
IEF3A4022,242677,242791
IEF3A4022,244084,244209
IEF3A4022,244921,245038
IEF3A4022,245352,245470
IEF3A4022,245908,246029
IEF3A4022,246543,246665
IEF3A4022,247229,247346
IEF3A4022,248126,248186
IEF3A4022,248468,248529
IEF3A4022,248864,248924
IEF3A4022,249321,249381
IEF3A4022,249968,250077
IEF3A4022,250635,250745
IEF3A4022,251149,251260
IEF3A4022,251469,251524
IEF3A4022,251752,251809
IEF3A4022,252010,252137
IEF3A4022,252521,252638
IEF3A4022,253061,253179
IEF3A4022,253611,253726
IEF3A4022,253761,253891
IEF3A4022,254608,254728
IEF3A4022,255097,255153
IEF3A4022,255418,255474
IEF3A4022,256066,256184
IEF3A4022,256648,256678
IEF3A4022,256971,257022
IEF3A4022,258495,258603
IEF3A4022,259341,259452
IEF3A4022,259860,259967
IEF3A4022,260368,260479
IEF3A4022,260754,260857
IEF3A4022,261190,261290
IEF3A4022,261926,261979
IEF3A4022,262069,262122
IEF3A4022,262483,262534
IEF3A4022,262627,262678
IEF3A4022,262854,262905
IEF3A4022,262994,263044
IEF3A4022,263469,263580
IEF3A4022,264631,264755
IEF3A4022,265957,266071
IEF3A4022,266462,266576
IEF3A4022,266984,267109
IEF3A4022,267581,267701
IEF3A4022,268545,268601
IEF3A4022,268771,268826
IEF3A4022,269814,269923
IEF3A4022,270427,270541
IEF3A4022,270860,270975
IEF3A4022,271292,271408
IEF3A4022,273595,273709
IEF3A4022,275097,275205
IEF3A4022,275700,275817
IEF3A4022,276401,276458
IEF3A4022,276515,276573
IEF3A4022,276788,276903
IEF3A4022,277261,277318
IEF3A4022,277540,277591
IEF3A4022,277790,277842
IEF3A4022,277985,278096
IEF3A4022,278485,278536
IEF3A4022,278814,278868
IEF3A4022,279440,279495
IEF3A4022,279620,279681
IEF3A4022,281358,281448
IEF3A4022,281645,281674
IEF3A4022,282417,282516
IEF3A4022,284302,284419
IEF3A4022,284698,284808
IEF3A4022,285037,285157
IEF3A4022,286150,286275
IEF3A4022,287775,287921
IEF3A4022,288508,288623
IEF3A4022,288977,289093
IEF3A4022,289401,289508
IEF3A4022,290172,290231
IEF3A4022,291298,291414
IEF3A4022,291896,292014
IEF3A4022,292395,292451
IEF3A4022,292734,292793
IEF3A4022,292933,293044
IEF3A4022,293506,293614
IEF3A4022,293921,294030
IEF3A4022,294509,294612
IEF3A4022,295100,295180
IEF3A4022,296570,296677
IEF3A4022,297414,297521
IEF3A4022,298215,298319
IEF3A4022,298734,298962
IEF3A4022,299668,299781
IEF3A4022,299825,299933
IEF3A4022,300261,300364
IEF3A4022,300556,300662
IEF3A4022,301179,301295
IEF3A4022,302181,302291
IEF3A4022,302612,302722
IEF3A4022,303792,303907
IEF3A4022,305798,305909
IEF3A4022,306247,306297
IEF3A4022,307430,307485
IEF3A4022,309657,309713
IEF3A4022,309953,310014
IEF3A4022,310322,310381
IEF3A4022,310893,310990
IEF3A4022,311304,311420
IEF3A4022,311959,312076
IEF3A4022,314533,314654
IEF3A4022,325728,325840
IEF3A4022,326562,326671
IEF3A4022,327828,327946
IEF3A4022,330272,330393
IEF3A4022,331498,331605
IEF3A4022,332555,332660
IEF3A4022,333999,334117
IEF3A4022,335012,335128
IEF3A4022,335332,335441
IEF3A4022,335946,336061
IEF3A4022,337035,337146
IEF3A4022,338043,338098
IEF3A4022,338624,338742
IEF3A4022,339331,339452
IEF3A4022,339804,339919
IEF3A4022,340224,340334
IEF3A4022,340605,340721
IEF3A4022,341175,341284
IEF3A4022,341579,341664
IEF3A4022,342461,342574
IEF3A4022,342771,342884
IEF3A4022,342983,343044
IEF3A4022,343169,343228
IEF3A4022,343328,343447
IEF3A4022,343775,343898
IEF3A4022,344264,344368
IEF3A4022,344589,344709
IEF3A4022,345100,345219
IEF3A4022,345497,345611
IEF3A4022,345889,346006
IEF3A4022,346450,346569
IEF3A4022,347489,347601
IEF3A4022,348270,348391
IEF3A4022,349252,349364
IEF3A4022,350682,350794
IEF3A4022,351488,351590
IEF3A4022,353455,353563
IEF3A4022,353993,354102
IEF3A4022,354340,354448
IEF3A4022,354992,355104
IEF3A4022,355673,355786
IEF3A4022,357146,357264
IEF3A4022,357795,357907
IEF3A4022,358535,358643
IEF3A4022,358897,359009
IEF3A4022,359292,359406
IEF3A4022,359955,360009
IEF3A4022,360134,360187
IEF3A4022,360375,360487
IEF3A4022,360837,360949
IEF3A4022,362380,362494
IEF3A4022,362715,362832
IEF3A4022,363118,363220
IEF3A4022,363717,363825
IEF3A4022,364165,364276
IEF3A4022,365391,365611
IEF3A4022,366400,366513
IEF3A4022,369297,369414
IEF3A4022,369692,369754
IEF3A4022,369986,370044
IEF3A4022,370527,370591
IEF3A4022,370804,370864
IEF3A4022,370924,371140
IEF3A4022,371759,371823
IEF3A4022,372016,372047
IEF3A4022,372132,372162
IEF3A4022,372381,372437
IEF3A4022,373035,373177
IEF3A4022,373817,373845
IEF3A4022,373955,374075
IEF3A4022,374413,374473
IEF3A4022,374854,374974
IEF3A4022,375885,375946
IEF3A4022,376013,376067
IEF3A4022,376516,376628
IEF3A4022,378398,378510
IEF3A4022,379662,379781
IEF3A4022,380807,380916
IEF3A4022,381505,381558
IEF3A4022,381994,382047
IEF3A4022,382636,382745
IEF3A4022,382918,383026
IEF3A4022,383879,383985
IEF3A4022,384184,384266
IEF3A4022,384633,384658
IEF3A4022,385001,385106
IEF3A4022,385427,385544
IEF3A4022,386253,386367
IEF3A4022,387041,387157
IEF3A4022,387910,388012
IEF3A4022,388502,388618
IEF3A4022,389599,389706
IEF3A4022,391532,391637
IEF3A4022,392048,392160
IEF3A4022,392630,392736
IEF3A4022,393220,393332
IEF3A4022,393974,394081
IEF3A4022,394579,394699
IEF3A4022,395256,395378
IEF3A4022,395636,395752
IEF3A4022,395971,396085
IEF3A4022,396536,396657
IEF3A4022,397153,397276
IEF3A4022,397948,398060
IEF3A4022,398445,398551
IF3ACC3E1,707,733
IF3ACC3E1,873,883
IF3ACC3E1,949,953
IF3ACC3E1,981,986
IF3ACC3E1,1037,1040
IF3ACC3E1,1075,1083
IF3ACC3E1,1129,1138
IF3ACC3E1,1145,1154
IF3ACC3E1,1177,1189
IF3ACC3E1,1480,1484
IF3ACC3E1,1486,1490
IF3ACC3E1,1493,1502
IF3ACC3E1,1603,1614
IF3ACC3E1,1644,1660
IF3ACC3E1,1698,1713
IF3ACC3E1,1716,1720
IF3ACC3E1,1776,1780
IF3ACC3E1,1782,1786
IF3ACC3E1,1809,1828
IF3ACC3E1,1832,1837
IF3ACC3E1,1884,1914
IF3ACC3E1,1947,1956
IF3ACC3E1,1981,1989
IF3ACC3E1,2002,2013
IF3ACC3E1,2089,2099
IF3ACC3E1,2109,2136
IF3ACC3E1,2220,2241
IF3ACC3E1,2250,2258
IF3ACC3E1,2363,2373
IF3ACC3E1,2485,2490
IF3ACC3E1,2492,2501
IF3ACC3E1,2614,2620
IF3ACC3E1,2623,2629
IF3ACC3E1,2633,2652
IF3ACC3E1,2694,2710
IF3ACC3E1,2752,2786
IF3ACC3E1,2800,2814
IF3ACC3E1,2827,2834
IF3ACC3E1,2843,2849
IF3ACC3E1,2867,2876
IF3ACC3E1,2885,2909
IF3ACC3E1,3286,3306
IF3ACC3E1,3343,3356
IF3ACC3E1,3435,3445
IF3ACC3E1,3485,3492
IF3ACC3E1,3521,3529
IF3ACC3E1,3531,3542
IF3ACC3E1,3547,3551
IF3ACC3E1,3555,3579
IF3ACC3E1,3656,3660
IF3ACC3E1,3694,3702
IF3ACC3E1,3704,3707
IF3ACC3E1,3711,3715
IF3ACC3E1,3734,3746
IF3ACC3E1,3763,3767
IF3ACC3E1,3783,3798
IF3ACC3E1,3801,3807
IF3ACC3E1,3861,3868
IF3ACC3E1,3875,3880
IF3ACC3E1,3882,3885
IF3ACC3E1,3892,3898
IF3ACC3E1,3901,3921
IF3ACC3E1,3923,3931
IF3ACC3E1,3935,3940
IF3ACC3E1,3973,3986
IF3ACC3E1,3990,3996
IF3ACC3E1,4000,4011
IF3ACC3E1,4023,4029
IF3ACC3E1,4031,4044
IF3ACC3E1,4073,4088
IF3ACC3E1,4124,4131
IF3ACC3E1,4135,4175
IF3ACC3E1,4202,4206
IF3ACC3E1,4275,4282
IF3ACC3E1,4291,4308
IF3ACC3E1,4315,4327
IF3ACC3E1,4329,4335
IF3ACC3E1,4339,4343
IF3ACC3E1,4346,4351
IF3ACC3E1,4412,4422
IF3ACC3E1,4434,4439
IF3ACC3E1,4446,4456
IF3ACC3E1,4459,4463
IF3ACC3E1,4720,4732
IF3ACC3E1,4801,4807
IF3ACC3E1,4833,4841
IF3ACC3E1,4849,4863
IF3ACC3E1,4867,4880
IF3ACC3E1,4905,4913
IF3ACC3E1,4930,4935
IF3ACC3E1,4992,5003
IF3ACC3E1,5074,5081
IF3ACC3E1,5139,5143
IF3ACC3E1,5193,5195
IF3ACC3E1,5204,5210
IF3ACC3E1,5213,5217
IF3ACC3E1,5250,5255
IF3ACC3E1,5264,5268
IF3ACC3E1,5275,5285
IF3ACC3E1,5288,5292
IF3ACC3E1,5580,5584
IF3ACC3E1,5589,5593
IF3ACC3E1,5617,5621
IF3ACC3E1,5624,5629
IF3ACC3E1,5644,5656
IF3ACC3E1,5778,5787
IF3ACC3E1,5798,5812
IF3ACC3E1,5821,5842
IF3ACC3E1,5855,5869
IF3ACC3E1,5877,5884
IF3ACC3E1,5895,5902
IF3ACC3E1,5976,5980
IF3ACC3E1,6025,6035
IF3ACC3E1,6122,6127
IF3ACC3E1,6130,6134
IF3ACC3E1,6138,6146
IF3ACC3E1,6194,6205
IF3ACC3E1,6420,6425
IF3ACC3E1,6460,6477
IF3ACC3E1,6490,6496
IF3ACC3E1,6580,6583
IF3ACC3E1,6595,6599
IF3ACC3E1,6620,6639
IF3ACC3E1,6645,6652
IF3ACC3E1,6661,6665
IF3ACC3E1,6682,6703
IF3ACC3E1,6759,6764
IF3ACC3E1,6767,6772
IF3ACC3E1,6815,6831
IF3ACC3E1,6904,6907
IF3ACC3E1,6950,6954
IF3ACC3E1,6973,6998
IF3ACC3E1,7009,7018
IF3ACC3E1,7043,7048
IF3ACC3E1,7050,7053
IF3ACC3E1,7056,7061
IF3ACC3E1,7075,7079
IF3ACC3E1,7185,7194
IF3ACC3E1,7222,7229
IF3ACC3E1,7233,7253
IF3ACC3E1,7402,7413
IF3ACC3E1,7482,7484
IF3ACC3E1,7491,7496
IF3ACC3E1,7539,7544
IF3ACC3E1,7553,7559
IF3ACC3E1,7581,7593
IF3ACC3E1,7602,7619
IF3ACC3E1,7732,7740
IF3ACC3E1,7770,7775
IF3ACC3E1,7778,7782
IF3ACC3E1,7784,7788
IF3ACC3E1,7792,7797
IF3ACC3E1,7914,7920
IF3ACC3E1,8071,8078
IF3ACC3E1,8131,8136
IF3ACC3E1,8138,8142
IF3ACC3E1,8193,8198
IF3ACC3E1,8202,8210
IF3ACC3E1,8218,8221
IF3ACC3E1,8236,8239
IF3ACC3E1,8315,8320
IF3ACC3E1,8547,8550
IF3ACC3E1,8677,8681
IF3ACC3E1,8700,8705
IF3ACC3E1,8719,8724
IF3ACC3E1,8800,8805
IF3ACC3E1,8814,8842
IF3ACC3E1,8886,8903
IF3ACC3E1,9162,9176
IF3ACC3E1,9190,9200
IF3ACC3E1,9270,9289
IF3ACC3E1,9293,9299
IF3ACC3E1,9446,9457
IF3ACC3E1,9481,9491
IF3ACC3E1,9496,9502
IF3ACC3E1,9568,9577
IF3ACC3E1,9592,9602
IF3ACC3E1,9631,9638
IF3ACC3E1,9715,9722
IF3ACC3E1,9760,9771
IF3ACC3E1,9777,9780
IF3ACC3E1,9805,9812
IF3ACC3E1,9828,9847
IF3ACC3E1,9891,9904
IF3ACC3E1,9923,9951
IF3ACC3E1,9970,9982
IF3ACC3E1,10294,10301
IF3ACC3E1,10334,10342
IF3ACC3E1,10374,10377
IF3ACC3E1,10382,10386
IF3ACC3E1,10388,10393
IF3ACC3E1,10406,10415
IF3ACC3E1,10429,10433
IF3ACC3E1,10438,10441
IF3ACC3E1,10495,10505
IF3ACC3E1,10552,10562
IF3ACC3E1,10604,10615
IF3ACC3E1,10665,10686
IF3ACC3E1,10702,10707
IF3ACC3E1,10733,10741
IF3ACC3E1,10820,10830
IF3ACC3E1,10908,10917
IF3ACC3E1,10920,10924
IF3ACC3E1,10926,10940
IF3ACC3E1,11002,11008
IF3ACC3E1,11013,11020
IF3ACC3E1,11060,11063
IF3ACC3E1,11065,11071
IF3ACC3E1,11075,11088
IF3ACC3E1,11154,11162
IF3ACC3E1,11184,11192
IF3ACC3E1,11343,11348
IF3ACC3E1,11393,11398
IF3ACC3E1,11476,11479
IF3ACC3E1,11529,11532
IF3ACC3E1,11597,11602
IF3ACC3E1,11615,11620
IF3ACC3E1,11684,11689
IF3ACC3E1,11714,11718
IF3ACC3E1,11720,11724
IF3ACC3E1,11781,11790
IF3ACC3E1,11907,11915
IF3ACC3E1,11939,11948
IF3ACC3E1,11978,11990
IF3ACC3E1,12038,12042
IF3ACC3E1,12045,12049
IF3ACC3E1,12054,12058
IF3ACC3E1,12096,12125
IF3ACC3E1,12133,12141
IF3ACC3E1,12145,12164
IF3ACC3E1,12215,12226
IF3ACC3E1,12263,12275
IF3ACC3E1,12298,12307
IF3ACC3E1,12338,12343
IF3ACC3E1,12374,12381
IF3ACC3E1,12427,12456
IF3ACC3E1,12472,12481
IF3ACC3E1,12696,12704
IF3ACC3E1,12712,12729
IF3ACC3E1,12732,12737
IF3ACC3E1,12739,12744
IF3ACC3E1,12856,12860
IF3ACC3E1,12865,12867
IF3ACC3E1,12908,12914
IF3ACC3E1,12916,12920
IF3ACC3E1,12922,12936
IF3ACC3E1,12951,12959
IF3ACC3E1,12962,12968
IF3ACC3E1,12986,12990
IF3ACC3E1,12994,13002
IF3ACC3E1,13190,13195
IF3ACC3E1,13225,13242
IF3ACC3E1,13317,13321
IF3ACC3E1,13323,13329
IF3ACC3E1,13331,13338
IF3ACC3E1,13348,13356
IF3ACC3E1,13361,13365
IF3ACC3E1,13367,13369
IF3ACC3E1,13382,13386
IF3ACC3E1,13389,13394
IF3ACC3E1,13420,13434
IF3ACC3E1,13445,13456
IF3ACC3E1,13470,13475
IF3ACC3E1,13477,13492
IF3ACC3E1,13561,13576
IF3ACC3E1,13643,13653
IF3ACC3E1,13679,13686
IF3ACC3E1,13695,13701
IF3ACC3E1,13761,13780
IF3ACC3E1,13834,13851
IF3ACC3E1,13884,13888
IF3ACC3E1,13921,13930
IF3ACC3E1,13972,13977
IF3ACC3E1,13985,13987
IF3ACC3E1,13995,14000
IF3ACC3E1,14002,14006
IF3ACC3E1,14045,14049
IF3ACC3E1,14053,14062
IF3ACC3E1,14094,14110
IF3ACC3E1,14134,14139
IF3ACC3E1,14150,14154
IF3ACC3E1,14159,14166
IF3ACC3E1,14182,14190
IF3ACC3E1,14253,14258
IF3ACC3E1,14262,14275
IF3ACC3E1,14278,14283
IF3ACC3E1,14324,14335
IF3ACC3E1,14393,14398
IF3ACC3E1,14450,14454
IF3ACC3E1,14456,14462
IF3ACC3E1,14464,14478
IF3ACC3E1,14481,14486
IF3ACC3E1,14511,14516
IF3ACC3E1,14574,14578
IF3ACC3E1,14616,14622
IF3ACC3E1,14694,14698
IF3ACC3E1,14701,14704
IF3ACC3E1,14717,14727
IF3ACC3E1,14791,14810
IF3ACC3E1,14814,14829
IF3ACC3E1,14862,14866
IF3ACC3E1,14869,14871
IF3ACC3E1,14904,14910
IF3ACC3E1,14913,14918
IF3ACC3E1,15086,15092
IF3ACC3E1,15095,15102
IF3ACC3E1,15124,15136
IF3ACC3E1,15236,15240
IF3ACC3E1,15243,15249
IF3ACC3E1,15254,15287
IF3ACC3E1,15293,15300
IF3ACC3E1,15303,15307
IF3ACC3E1,15336,15341
IF3ACC3E1,15377,15382
IF3ACC3E1,15483,15487
IF3ACC3E1,15490,15504
IF3ACC3E1,15520,15540
IF3ACC3E1,15542,15546
IF3ACC3E1,15563,15572
IF3ACC3E1,15579,15584
IF3ACC3E1,15589,15595
IF3ACC3E1,15725,15730
IF3ACC3E1,15786,15801
IF3ACC3E1,15805,15813
IF3ACC3E1,15829,15844
IF3ACC3E1,15848,15852
IF3ACC3E1,15864,15872
IF3ACC3E1,15988,15992
IF3ACC3E1,16000,16004
IF3ACC3E1,16057,16064
IF3ACC3E1,16070,16073
IF3ACC3E1,16076,16080
IF3ACC3E1,16106,16118
IF3ACC3E1,16180,16187
IF3ACC3E1,16208,16212
IF3ACC3E1,16238,16247
IF3ACC3E1,16250,16257
IF3ACC3E1,16264,16267
IF3ACC3E1,16296,16304
IF3ACC3E1,16307,16312
IF3ACC3E1,16320,16329
IF3ACC3E1,16421,16424
IF3ACC3E1,16433,16439
IF3ACC3E1,16445,16449
IF3ACC3E1,16486,16496
IF3ACC3E1,16670,16675
IF3ACC3E1,16677,16696
IF3ACC3E1,16699,16705
IF3ACC3E1,16707,16712
IF3ACC3E1,16714,16717
IF3ACC3E1,16733,16739
IF3ACC3E1,16746,16750
IF3ACC3E1,16787,16795
IF3ACC3E1,16805,16812
IF3ACC3E1,16828,16834
IF3ACC3E1,16837,16841
IF3ACC3E1,16927,16930
IF3ACC3E1,16933,16936
IF3ACC3E1,16948,16951
IF3ACC3E1,16956,16961
IF3ACC3E1,16966,16979
IF3ACC3E1,17013,17016
IF3ACC3E1,17019,17032
IF3ACC3E1,17036,17041
IF3ACC3E1,17057,17062
IF3ACC3E1,17130,17138
IF3ACC3E1,17166,17171
IF3ACC3E1,17188,17199
IF3ACC3E1,17423,17428
IF3ACC3E1,17439,17446
IF3ACC3E1,17451,17455
IF3ACC3E1,17469,17484
IF3ACC3E1,17529,17548
IF3ACC3E1,17585,17588
IF3ACC3E1,17602,17613
IF3ACC3E1,17621,17628
IF3ACC3E1,17657,17662
IF3ACC3E1,17672,17682
IF3ACC3E1,17697,17703
IF3ACC3E1,17714,17728
IF3ACC3E1,17733,17740
IF3ACC3E1,17751,17757
IF3ACC3E1,17761,17764
IF3ACC3E1,17790,17800
IF3ACC3E1,17833,17841
IF3ACC3E1,17870,17893
IF3ACC3E1,17948,17956
IF3ACC3E1,17959,17968
IF3ACC3E1,18005,18013
IF3ACC3E1,18128,18137
IF3ACC3E1,18183,18192
IF3ACC3E1,18220,18234
IF3ACC3E1,18242,18253
IF3ACC3E1,18264,18273
IF3ACC3E1,18295,18310
IF3ACC3E1,18318,18323
IF3ACC3E1,18349,18355
IF3ACC3E1,18403,18415
IF3ACC3E1,18440,18462
IF3ACC3E1,18505,18508
IF3ACC3E1,18511,18517
IF3ACC3E1,18818,18824
IF3ACC3E1,18826,18832
IF3ACC3E1,18836,18840
IF3ACC3E1,18843,18848
IF3ACC3E1,18870,18873
IF3ACC3E1,18987,18998
IF3ACC3E1,19001,19006
IF3ACC3E1,19029,19032
IF3ACC3E1,19044,19053
IF3ACC3E1,19090,19094
IF3ACC3E1,19106,19111
IF3ACC3E1,19149,19153
IF3ACC3E1,19170,19175
IF3ACC3E1,19338,19342
IF3ACC3E1,19345,19350
IF3ACC3E1,19355,19359
IF3ACC3E1,19386,19396
IF3ACC3E1,19485,19497
IF3ACC3E1,19506,19511
IF3ACC3E1,19513,19533
IF3ACC3E1,19536,19541
IF3ACC3E1,19543,19553
IF3ACC3E1,19659,19671
IF3ACC3E1,19739,19746
IF3ACC3E1,19749,19758
IF3ACC3E1,19766,19769
IF3ACC3E1,19772,19775
IF3ACC3E1,19803,19807
IF3ACC3E1,19818,19843
IF3ACC3E1,19928,19933
IF3ACC3E1,19951,19956
IF3ACC3E1,19963,19968
IF3ACC3E1,19995,20012
IF3ACC3E1,20015,20018
IF3ACC3E1,20042,20054
IF3ACC3E1,20068,20076
IF3ACC3E1,20093,20115
IF3ACC3E1,20125,20168
IF3ACC3E1,20179,20192
IF3ACC3E1,20208,20212
IF3ACC3E1,20215,20221
IF3ACC3E1,20223,20243
IF3ACC3E1,20249,20259
IF3ACC3E1,20263,20311
IF3ACC3E1,20342,20346
IF3ACC3E1,20362,20368
IF3ACC3E1,20389,20393
IF3ACC3E1,20428,20432
IF3ACC3E1,20438,20441
IF3ACC3E1,20445,20453
IF3ACC3E1,20769,20775
IF3ACC3E1,20798,20801
IF3ACC3E1,20803,20806
IF3ACC3E1,20815,20841
IF3ACC3E1,20845,20852
IF3ACC3E1,20872,20881
IF3ACC3E1,20932,20937
IF3ACC3E1,20981,20986
IF3ACC3E1,20992,20995
IF3ACC3E1,21040,21044
IF3ACC3E1,21047,21055
IF3ACC3E1,21063,21067
IF3ACC3E1,21155,21166
IF3ACC3E1,21176,21181
IF3ACC3E1,21253,21260
IF3ACC3E1,21272,21282
IF3ACC3E1,21430,21438
IF3ACC3E1,21447,21451
IF3ACC3E1,21548,21551
IF3ACC3E1,21645,21649
IF3ACC3E1,21652,21655
IF3ACC3E1,21659,21663
IF3ACC3E1,21738,21747
IF3ACC3E1,21752,21760
IF3ACC3E1,21764,21773
IF3ACC3E1,21777,21781
IF3ACC3E1,21787,21797
IF3ACC3E1,21801,21810
IF3ACC3E1,21824,21830
IF3ACC3E1,21879,21896
IF3ACC3E1,21947,21962
IF3ACC3E1,22086,22115
IF3ACC3E1,22118,22124
IF3ACC3E1,22140,22152
IF3ACC3E1,22164,22173
IF3ACC3E1,22177,22181
IF3ACC3E1,22188,22197
IF3ACC3E1,22259,22291
IF3ACC3E1,22440,22452
IF3ACC3E1,22478,22483
IF3ACC3E1,22536,22547
IF3ACC3E1,22631,22636
IF3ACC3E1,22641,22645
IF3ACC3E1,22730,22736
IF3ACC3E1,22765,22773
IF3ACC3E1,22776,22781
IF3ACC3E1,22891,22897
IF3ACC3E1,22920,22933
IF3ACC3E1,22953,22961
IF3ACC3E1,22963,22976
IF3ACC3E1,22992,23009
IF3ACC3E1,23327,23332
IF3ACC3E1,23340,23345
IF3ACC3E1,23347,23351
IF3ACC3E1,23375,23379
IF3ACC3E1,23382,23389
IF3ACC3E1,23399,23410
IF3ACC3E1,23439,23451
IF3ACC3E1,23517,23530
IF3ACC3E1,23549,23557
IF3ACC3E1,23568,23580
IF3ACC3E1,24162,24175
IF3ACC3E1,24198,24203
IF3ACC3E1,24224,24237
IF3ACC3E1,24342,24349
IF3ACC3E1,24361,24369
IF3ACC3E1,24400,24404
IF3ACC3E1,24406,24414
IF3ACC3E1,24661,24665
IF3ACC3E1,24829,24839
IF3ACC3E1,24856,24859
IF3ACC3E1,24994,25000
IF3ACC3E1,25021,25025
IF3ACC3E1,25045,25052
IF3ACC3E1,25055,25061
IF3ACC3E1,25084,25091
IF3ACC3E1,25100,25111
IF3ACC3E1,25118,25133
IF3ACC3E1,25258,25264
IF3ACC3E1,25299,25302
IF3ACC3E1,25311,25316
IF3ACC3E1,25318,25322
IF3ACC3E1,25350,25378
IF3ACC3E1,25395,25401
IF3ACC3E1,25403,25408
IF3ACC3E1,25434,25464
IF3ACC3E1,25763,25771
IF3ACC3E1,25775,25781
IF3ACC3E1,25791,25801
IF3ACC3E1,25806,25827
IF3ACC3E1,25843,25847
IF3ACC3E1,25850,25861
IF3ACC3E1,25987,25994
IF3ACC3E1,26031,26040
IF3ACC3E1,26046,26056
IF3ACC3E1,26061,26068
IF3ACC3E1,26071,26075
IF3ACC3E1,26082,26090
IF3ACC3E1,26092,26096
IF3ACC3E1,26099,26115
IF3ACC3E1,26118,26135
IF3ACC3E1,26149,26153
IF3ACC3E1,26155,26159
IF3ACC3E1,26163,26168
IF3ACC3E1,26170,26183
IF3ACC3E1,26290,26299
IF3ACC3E1,26309,26316
IF3ACC3E1,26349,26357
IF3ACC3E1,26379,26382
IF3ACC3E1,26417,26422
IF3ACC3E1,26442,26446
IF3ACC3E1,26477,26485
IF3ACC3E1,26597,26617
IF3ACC3E1,26624,26633
IF3ACC3E1,26657,26667
IF3ACC3E1,26678,26691
IF3ACC3E1,26775,26781
IF3ACC3E1,26783,26788
IF3ACC3E1,26797,26803
IF3ACC3E1,26823,26831
IF3ACC3E1,26849,26854
IF3ACC3E1,26918,26928
IF3ACC3E1,26957,26962
IF3ACC3E1,27003,27008
IF3ACC3E1,27036,27044
IF3ACC3E1,27083,27088
IF3ACC3E1,27090,27098
IF3ACC3E1,27103,27111
IF3ACC3E1,27117,27125
IF3ACC3E1,27166,27183
IF3ACC3E1,27187,27192
IF3ACC3E1,27220,27229
IF3ACC3E1,27249,27251
IF3ACC3E1,27274,27295
IF3ACC3E1,27366,27374
IF3ACC3E1,27413,27428
IF3ACC3E1,27432,27437
IF3ACC3E1,27453,27459
IF3ACC3E1,27628,27635
IF3ACC3E1,27670,27689
IF3ACC3E1,27695,27703
IF3ACC3E1,27707,27713
IF3ACC3E1,27777,27789
IF3ACC3E1,27812,27834
IF3ACC3E1,27837,27854
IF3ACC3E1,27893,27911
IF3ACC3E1,27923,27929
IF3ACC3E1,27933,27941
IF3ACC3E1,28067,28070
IF3ACC3E1,28075,28077
IF3ACC3E1,28088,28095
IF3ACC3E1,28097,28110
IF3ACC3E1,28210,28215
IF3ACC3E1,28224,28228
IF3ACC3E1,28232,28239
IF3ACC3E1,28274,28284
IF3ACC3E1,28331,28348
IF3ACC3E1,28367,28383
IF3ACC3E1,28398,28408
IF3ACC3E1,28428,28437
IF3ACC3E1,28452,28462
IF3ACC3E1,28502,28510
IF3ACC3E1,28540,28543
IF3ACC3E1,28552,28554
IF3ACC3E1,28561,28565
IF3ACC3E1,28567,28572
IF3ACC3E1,28581,28585
IF3ACC3E1,28654,28661
IF3ACC3E1,28663,28671
IF3ACC3E1,28697,28703
IF3ACC3E1,28715,28735
IF3ACC3E1,28767,28774
IF3ACC3E1,28797,28801
IF3ACC3E1,29146,29155
IF3ACC3E1,29159,29172
IF3ACC3E1,29619,29633
IF3ACC3E1,29653,29656
IF3ACC3E1,29818,29829
IF3ACC3E1,30064,30076
IF3ACC3E1,30106,30115
IF3ACC3E1,30117,30125
IF3ACC3E1,30217,30236
IF3ACC3E1,30249,30258
IF3ACC3E1,30262,30267
IF3ACC3E1,30381,30389
IF3ACC3E1,30393,30397
IF3ACC3E1,30466,30475
IF3ACC3E1,30477,30485
IF3ACC3E1,30501,30508
IF3ACC3E1,30527,30547
IF3ACC3E1,30551,30557
IF3ACC3E1,30708,30720
IF3ACC3E1,30742,30755
IF3ACC3E1,30826,30830
IF3ACC3E1,30832,30838
IF3ACC3E1,30843,30848
IF3ACC3E1,30851,30856
IF3ACC3E1,30863,30868
IF3ACC3E1,30872,30877
IF3ACC3E1,31007,31013
IF3ACC3E1,31017,31027
IF3ACC3E1,31030,31038
IF3ACC3E1,31058,31063
IF3ACC3E1,31075,31084
IF3ACC3E1,31134,31147
IF3ACC3E1,31184,31187
IF3ACC3E1,31193,31207
IF3ACC3E1,31264,31285
IF3ACC3E1,31314,31322
IF3ACC3E1,31354,31364
IF3ACC3E1,31465,31468
IF3ACC3E1,31471,31474
IF3ACC3E1,31639,31656
IF3ACC3E1,31661,31668
IF3ACC3E1,31671,31676
IF3ACC3E1,31685,31691
IF3ACC3E1,31718,31737
IF3ACC3E1,31746,31749
IF3ACC3E1,31892,31897
IF3ACC3E1,31906,31910
IF3ACC3E1,31923,31928
IF3ACC3E1,31942,31947
IF3ACC3E1,31972,31984
IF3ACC3E1,31994,31997
IF3ACC3E1,32047,32051
IF3ACC3E1,32074,32077
IF3ACC3E1,32096,32116
IF3ACC3E1,32151,32156
IF3ACC3E1,32165,32176
IF3ACC3E1,32197,32202
IF3ACC3E1,32204,32208
IF3ACC3E1,32212,32218
IF3ACC3E1,32226,32239
IF3ACC3E1,32249,32257
IF3ACC3E1,32264,32272
IF3ACC3E1,32276,32280
IF3ACC3E1,32311,32316
IF3ACC3E1,32319,32328
IF3ACC3E1,32365,32377
IF3ACC3E1,32407,32421
IF3ACC3E1,32439,32452
IF3ACC3E1,32472,32485
IF3ACC3E1,32492,32498
IF3ACC3E1,32513,32518
IF3ACC3E1,32520,32543
IF3ACC3E1,32546,32558
IF3ACC3E1,32572,32575
IF3ACC3E1,32578,32583
IF3ACC3E1,32586,32595
IF3ACC3E1,32610,32623
IF3ACC3E1,32691,32701
IF3ACC3E1,32714,32721
IF3ACC3E1,32732,32746
IF3ACC3E1,32892,32895
IF3ACC3E1,32955,32974
IF3ACC3E1,32989,32996
IF3ACC3E1,33012,33020
IF3ACC3E1,33038,33042
IF3ACC3E1,33102,33106
IF3ACC3E1,33125,33129
IF3ACC3E1,33149,33152
IF3ACC3E1,33184,33213
IF3ACC3E1,33240,33247
IF3ACC3E1,33326,33330
IF3ACC3E1,33361,33371
IF3ACC3E1,33548,33555
IF3ACC3E1,33559,33566
IF3ACC3E1,33570,33580
IF3ACC3E1,33590,33594
IF3ACC3E1,33623,33631
IF3ACC3E1,33873,33886
IF3ACC3E1,33975,33981
IF3ACC3E1,34154,34160
IF3ACC3E1,34177,34197
IF3ACC3E1,34234,34241
IF3ACC3E1,34268,34292
IF3ACC3E1,34453,34468
IF3ACC3E1,34503,34522
IF3ACC3E1,34560,34567
IF3ACC3E1,34617,34635
IF3ACC3E1,34806,34810
IF3ACC3E1,34820,34824
IF3ACC3E1,34842,34859
IF3ACC3E1,34881,34886
IF3ACC3E1,34986,34991
IF3ACC3E1,34993,34997
IF3ACC3E1,35055,35064
IF3ACC3E1,35068,35076
IF3ACC3E1,35098,35102
IF3ACC3E1,35130,35139
IF3ACC3E1,35177,35183
IF3ACC3E1,35198,35209
IF3ACC3E1,35256,35289
IF3ACC3E1,35303,35319
IF3ACC3E1,35329,35337
IF3ACC3E1,35375,35387
IF428CDDB,14453,14528
IF428CDDB,14872,14932
IF428CDDB,15366,15494
IF428CDDB,15682,15779
IF428CDDB,19834,20101
IF428CDDB,24449,24689
IF428CDDB,26996,27026
IF428CDDB,28480,28599
IF428CDDB,30828,30951
IF428CDDB,32867,32985
IF428CDDB,35446,35621
IF428CDDB,40359,40531
IF428CDDB,45880,46246
IF428CDDB,48521,48582
IF428CDDB,51826,51906
IF428CDDB,53457,53538
IF428CDDB,56724,56842
IF428CDDB,59389,59509
IF428CDDB,60524,60580
IF428CDDB,61140,61195
IF428CDDB,61424,61477
IF428CDDB,62153,62215
IF428CDDB,62594,62672
IF428CDDB,64562,64628
IF428CDDB,65266,65298
IF428CDDB,65420,65545
IF428CDDB,66785,66878
IF428CDDB,67464,67614
IF428CDDB,68651,68679
IF428CDDB,69120,69204
IF428CDDB,69674,69734
IF428CDDB,70068,70160
IF428CDDB,76687,76775
IF428CDDB,77590,77708
IF428CDDB,78572,78665
IF428CDDB,80502,80695
IF428CDDB,82758,82859
IF428CDDB,83451,83567
IF428CDDB,84370,84464
IF428CDDB,85564,85806
IF428CDDB,87687,88045
IF428CDDB,90085,90364
IF428CDDB,91507,91870
IF428CDDB,96205,96263
IF428CDDB,96967,97060
IF428CDDB,97760,98053
IF428CDDB,99127,99156
IF428CDDB,99425,99517
IF428CDDB,99767,99825
IF428CDDB,100188,100411
IF428CDDB,101220,101247
IF428CDDB,101667,102010
IF428CDDB,103518,103792
IF428CDDB,104739,104830
IF428CDDB,107159,107283
IF428CDDB,109040,109184
IF428CDDB,110079,110457
IF428CDDB,111540,111769
IF428CDDB,112293,112320
IF428CDDB,115158,115589
IF428CDDB,116802,117117
IF428CDDB,117935,118107
IF428CDDB,119474,119949
IF428CDDB,121401,121728
IF428CDDB,122637,122665
IF428CDDB,122854,123120
IF428CDDB,125692,125748
IF428CDDB,126641,126812
IF428CDDB,127824,128775
IF428CDDB,131194,131228
IF428CDDB,131598,131740
IF428CDDB,132386,132415
IF428CDDB,132775,132989
IF428CDDB,133484,133511
IF428CDDB,134061,134458
IF428CDDB,135326,135378
IF428CDDB,135709,135767
IF428CDDB,136310,136450
IF428CDDB,136893,137013
IF428CDDB,138034,138116
IF428CDDB,138853,138938
IF428CDDB,139209,139294
IF428CDDB,139635,139770
IF428CDDB,140204,140232
IF428CDDB,140781,141094
IF428CDDB,142083,142145
IF428CDDB,142717,142777
IF428CDDB,143022,143193
IF428CDDB,143517,143744
IF428CDDB,144653,144735
IF428CDDB,144943,145117
IF428CDDB,145474,145744
IF428CDDB,146684,146745
IF428CDDB,147506,147657
IF428CDDB,148470,148527
IF428CDDB,149600,149804
IF428CDDB,150675,150846
IF428CDDB,151339,151420
IF428CDDB,152482,152666
IF428CDDB,153811,153924
IF428CDDB,154049,154074
IF428CDDB,154448,154715
IF428CDDB,155992,156119
IF428CDDB,156476,156604
IF428CDDB,157022,157145
IF428CDDB,157545,157665
IF428CDDB,158033,158322
IF428CDDB,159427,159480
IF428CDDB,159982,160011
IF428CDDB,160574,160693
IF428CDDB,161450,161544
IF428CDDB,162007,162179
IF428CDDB,163721,163815
IF428CDDB,164345,164404
IF428CDDB,164700,164797
IF428CDDB,165094,165121
IF428CDDB,165569,165654
IF428CDDB,166150,166210
IF428CDDB,166418,166509
IF428CDDB,167162,167282
IF428CDDB,167862,168048
IF428CDDB,168657,168717
IF428CDDB,169068,169126
IF428CDDB,169939,170057
IF428CDDB,170399,170575
IF428CDDB,171171,171347
IF428CDDB,171949,172032
IF428CDDB,172667,172847
IF428CDDB,173709,173858
IF428CDDB,174324,174411
IF428CDDB,175313,175371
IF428CDDB,175919,175974
IF428CDDB,176189,176305
IF428CDDB,176820,176968
IF428CDDB,177899,178022
IF428CDDB,178958,178987
IF428CDDB,179327,179468
IF428CDDB,179946,180000
IF428CDDB,180247,180391
IF428CDDB,181243,181474
IF428CDDB,182782,182871
IF428CDDB,183375,183440
IF428CDDB,183913,183965
IF428CDDB,184326,184435
IF428CDDB,184752,185190
IF428CDDB,186758,186878
IF428CDDB,187178,187235
IF428CDDB,187866,188069
IF428CDDB,188817,188900
IF428CDDB,189354,189600
IF428CDDB,191031,191149
IF428CDDB,192616,192859
IF428CDDB,193856,193940
IF428CDDB,194386,194444
IF428CDDB,195145,195448
IF428CDDB,196596,196793
IF428CDDB,197431,197523
IF428CDDB,198452,198594
IF428CDDB,199308,199703
IF428CDDB,201043,201312
IF428CDDB,202895,203063
IF428CDDB,203755,203848
IF428CDDB,204410,204516
IF428CDDB,204935,205016
IF428CDDB,205663,205795
IF428CDDB,206419,206517
IF428CDDB,207123,207372
IF428CDDB,208015,208193
IF428CDDB,208984,209356
IF428CDDB,210110,210167
IF428CDDB,210402,210427
IF428CDDB,210756,211257
IF428CDDB,213452,213661
IF428CDDB,214625,214823
IF428CDDB,215657,215892
IF428CDDB,216717,216978
IF428CDDB,217836,218095
IF428CDDB,219044,219326
IF428CDDB,220437,220687
IF428CDDB,221508,221763
IF428CDDB,223186,223301
IF428CDDB,223747,223841
IF428CDDB,224368,224536
IF428CDDB,225729,225829
IF428CDDB,226450,226541
IF428CDDB,228081,228139
IF428CDDB,228509,228629
IF428CDDB,229413,229484
IF428CDDB,230439,230535
IF428CDDB,231470,231498
IF428CDDB,231613,231936
IF428CDDB,232998,233025
IF428CDDB,233222,233344
IF428CDDB,234220,234343
IF428CDDB,235095,235218
IF428CDDB,235911,235975
IF428CDDB,236231,236598
IF428CDDB,237623,237718
IF428CDDB,238067,238183
IF428CDDB,239204,239262
IF428CDDB,239668,239818
IF428CDDB,240475,240682
IF428CDDB,241578,241668
IF428CDDB,242004,242183
IF428CDDB,244103,244221
IF428CDDB,245333,245544
IF428CDDB,246355,246381
IF428CDDB,246681,247033
IF428CDDB,248436,248500
IF428CDDB,248851,249156
IF428CDDB,250072,250161
IF428CDDB,250648,250790
IF428CDDB,251473,251594
IF428CDDB,252314,252432
IF428CDDB,253595,253656
IF428CDDB,254008,254428
IF428CDDB,256123,256461
IF428CDDB,258207,258478
IF428CDDB,259562,259683
IF428CDDB,260091,260146
IF428CDDB,260390,260444
IF428CDDB,261489,261709
IF428CDDB,262621,262939
IF428CDDB,263736,263849
IF428CDDB,264503,264761
IF428CDDB,265705,265736
IF428CDDB,266224,266345
IF428CDDB,267206,267287
IF428CDDB,269297,269414
IF428CDDB,269798,269886
IF428CDDB,270448,270544
IF428CDDB,270993,271215
IF428CDDB,271660,271859
IF428CDDB,272440,272494
IF428CDDB,272667,272797
IF428CDDB,273115,273264
IF428CDDB,274142,274198
IF428CDDB,274677,274944
IF428CDDB,276094,276183
IF428CDDB,277744,277871
IF428CDDB,278508,278632
IF428CDDB,278882,279070
IF428CDDB,279933,280468
IF428CDDB,283897,284075
IF428CDDB,286919,287012
IF428CDDB,287409,287525
IF428CDDB,288325,288442
IF428CDDB,289590,289683
IF428CDDB,290262,290619
IF428CDDB,292096,292430
IF428CDDB,294325,294496
IF428CDDB,295634,295723
IF428CDDB,296257,296572
IF428CDDB,299153,299315
IF428CDDB,300341,300486
IF428CDDB,301740,301860
IF428CDDB,302496,302558
IF428CDDB,303637,303729
IF428CDDB,304112,304329
IF428CDDB,305580,305668
IF428CDDB,306179,306597
IF428CDDB,308504,308782
IF428CDDB,311102,311332
IF428CDDB,312774,312835
IF428CDDB,313347,313532
IF428CDDB,314271,314451
IF428CDDB,315475,315898
IF428CDDB,317163,317460
IF428CDDB,318279,318305
IF428CDDB,318490,318516
IF428CDDB,318961,319598
IF428CDDB,321705,322046
IF428CDDB,323243,323917
IF428CDDB,325773,325956
IF428CDDB,326575,326876
IF428CDDB,328101,328215
IF428CDDB,328955,329066
IF428CDDB,330272,330329
IF428CDDB,331246,331306
IF428CDDB,332585,332641
IF428CDDB,333398,333548
IF428CDDB,335049,335115
IF428CDDB,337019,337353
IF428CDDB,339629,339781
IF428CDDB,341095,341257
IF428CDDB,342261,342571
IF428CDDB,344501,344720
IF428CDDB,344737,344795
IF428CDDB,346638,346734
IF428CDDB,348782,348899
IF428CDDB,350138,350488
IF428CDDB,351436,351495
IF428CDDB,352171,352416
IF428CDDB,353213,353272
IF428CDDB,353605,353777
IF428CDDB,354259,354345
IF428CDDB,355124,355405
IF428CDDB,356903,356931
IF428CDDB,357084,357179
IF428CDDB,357567,358129
IF428CDDB,361157,361215
IF428CDDB,361524,361697
IF428CDDB,362595,362808
IF428CDDB,367320,367530
IF428CDDB,368779,368839
IF428CDDB,370603,370654
IF428CDDB,371033,371384
IF428CDDB,372786,373115
IF428CDDB,374084,374112
IF428CDDB,374260,374778
IF428CDDB,376877,377057
IF428CDDB,377694,377809
IF428CDDB,378328,378618
IF428CDDB,379821,379931
IF428CDDB,380296,380495
IF428CDDB,381111,381194
IF428CDDB,381444,381817
IF428CDDB,383251,383565
IF428CDDB,384834,385038
IF428CDDB,386754,386990
IF428CDDB,388242,388424
IF428CDDB,389230,389378
IF428CDDB,389979,390257
IF428CDDB,391473,391655
IF428CDDB,392296,392475
IF428CDDB,393764,394022
IF428CDDB,395127,395341
IF428CDDB,396233,396419
IF428CDDB,397112,397204
IF428CDDB,397801,397896
IF428CDDB,398298,398423
IF428CDDB,399019,399249
IF428CDDB,400420,400533
IF428CDDB,401655,401757
IF428CDDB,402263,402370
IF428CDDB,402922,403032
IF428CDDB,403849,403956
IF428CDDB,404443,404508
IF428CDDB,405153,405370
IF428CDDB,405882,406015
IF428CDDB,406489,406544
IF428CDDB,413025,414051
IF7A04537,4690,4845
IF7A04537,4856,5067
IF7A04537,7065,7130
IF7A04537,28959,29274
IF7A04537,30429,30547
IF7A04537,30999,31177
IF7A04537,31289,31414
IF7A04537,31918,32072
IF7A04537,32405,32461
IF7A04537,33056,33081
IF7A04537,33230,33257
IF7A04537,33762,33793
IF7A04537,34126,34318
IF7A04537,36113,36255
IF7A04537,37955,38006
IF7A04537,38356,38404
IF7A04537,38659,38745
IF7A04537,38948,38972
IF7A04537,40881,40905
IF7A04537,41032,41058
IF7A04537,41148,41208
IF7A04537,41526,41561
IF7A04537,41673,41733
IF7A04537,41858,42006
IF7A04537,47681,47735
IF7A04537,47999,48059
IF7A04537,48177,48211
IF7A04537,48761,48819
IF7A04537,49029,49055
IF7A04537,49330,49363
IF7A04537,49433,49461
IF7A04537,50061,50091
IF7A04537,50284,50308
IF7A04537,50588,50612
IF7A04537,50817,50907
IF7A04537,51161,51213
IF7A04537,51736,51765
IF7A04537,51897,51926
IF7A04537,52049,52075
IF7A04537,52231,52330
IF7A04537,52377,52440
IF7A04537,52958,53050
IF7A04537,53375,53438
IF7A04537,53591,53685
IF7A04537,53976,54008
IF7A04537,54129,54159
IF7A04537,54259,54286
IF7A04537,54448,54478
IF7A04537,54601,54627
IF7A04537,54746,54865
IF7A04537,55148,55236
IF7A04537,60236,60450
IF7A04537,61911,61940
IF7A04537,62226,62255
IF7A04537,62645,62673
IF7A04537,62984,63012
IF7A04537,63202,63227
IF7A04537,63366,63397
IF7A04537,63610,63636
IF7A04537,63903,63932
IF7A04537,64120,64219
IF7A04537,64496,64558
IF7A04537,64782,64814
IF7A04537,64971,65006
IF7A04537,65128,65155
IF7A04537,65382,65441
IF7A04537,65730,65757
IF7A04537,66023,66055
IF7A04537,66466,66555
IF7A04537,66989,67179
IF7A04537,71140,71198
IF7A04537,71370,71429
IF7A04537,71553,71642
IF7A04537,71822,71900
IF7A04537,72155,72240
IF7A04537,72745,73174
IF7A04537,76269,76328
IF7A04537,76636,77033
IF7A04537,86055,86109
IF7A04537,86893,87246
IF7A04537,88868,88925
IF7A04537,89151,89349
IF7A04537,92124,92321
IF7A04537,93139,93312
IF7A04537,95935,96095
IF7A04537,98517,98635
IF7A04537,101059,101239
IF7A04537,102548,102885
IF7A04537,105420,105656
IF7A04537,105931,106330
IF7A04537,107082,107362
IF7A04537,107911,108023
IF7A04537,108071,108280
IF7A04537,109834,110067
IF7A04537,114771,115071
IF7A04537,115682,115799
IF7A04537,115984,116145
IF7A04537,117867,118053
IF7A04537,119891,119954
IF7A04537,120224,120445
IF7A04537,120691,120779
IF7A04537,122590,122708
IF7A04537,123057,123118
IF7A04537,124161,124245
IF7A04537,124928,124985
IF7A04537,125963,126484
IF7A04537,127558,127672
IF7A04537,128100,128288
IF7A04537,128859,129013
IF7A04537,137879,138054
IF7A04537,138836,138981
IF7A04537,139556,139669
IF7A04537,141799,142017
IF7A04537,142424,142508
IF7A04537,142551,142850
IF7A04537,143191,143253
IF7A04537,145771,146266
IF7A04537,147432,147784
IF7A04537,148336,148860
IF7A04537,149504,149800
IF7A04537,150658,150986
IF7A04537,151962,152138
IF7A04537,152848,152976
IF7A04537,153936,154055
IF7A04537,162902,163028
IF7A04537,164130,164275
IF7A04537,164879,165033
IF7A04537,165591,165730
IF7A04537,166043,166162
IF7A04537,166368,166540
IF7A04537,167150,167293
IF7A04537,167511,167682
IF7A04537,169124,169186
IF7A04537,183085,183143
IF7A04537,183435,183671
IF7A04537,185954,186038
IF7A04537,191274,191414
IF7A04537,191720,191862
IF7A04537,192341,192515
IF7A04537,193109,193227
IF7A04537,193432,193572
IF7A04537,193892,194070
IF7A04537,194609,194726
IF7A04537,195007,195231
IF7A04537,195657,195821
IF7A04537,196032,196200
IF7A04537,196413,196498
IF7A04537,207573,207637
IF7A04537,208023,208111
IF7A04537,215380,215407
IF7A04537,215727,215911
IF7A04537,216271,216396
IF7A04537,216610,216668
IF7A04537,216971,217143
IF7A04537,217349,217496
IF7A04537,223563,223683
IF7A04537,224017,224302
IF7A04537,224840,224977
IF7A04537,226664,226901
IF7A04537,227948,228161
IF7A04537,228962,229110
IF7A04537,229459,229791
IF7A04537,230790,230986
IF7A04537,231820,232051
IF84B2E71,402,1987
IF84B2E71,1998,2011
IF84B2E71,4515,4551
IF84B2E71,15154,15191
IF84B2E71,22634,22646
IF84B2E71,28244,28360
IF84B2E71,37520,37690
IF84B2E71,46572,46651
IF84B2E71,58674,58822
IF84B2E71,60699,60736
IF84B2E71,60873,60995
IF84B2E71,61263,61301
IF84B2E71,73011,73045
IF84B2E71,81856,81891
IF84B2E71,113325,113401
IF84B2E71,116510,116550
IF84B2E71,117814,117895
IFE0B60AA,116,347
IFE0B60AA,368,562
IFE0B60AA,583,1068
IFE0B60AA,1091,1281
IFE0B60AA,1299,1376
IFE0B60AA,1397,4388
IFE0B60AA,4427,4636
IFE0B60AA,4669,4999
IFE0B60AA,5024,5355
IFE0B60AA,5375,5582
IFE0B60AA,5607,6671
IFE0B60AA,6690,12796
IFE0B60AA,12814,14557
IFE0B60AA,14576,16888
IFE0B60AA,16907,30956
IFE0B60AA,30978,33587
IFE0B60AA,33602,34380
IFF541F44,2295,2469
IFF541F44,2491,2643
IFF541F44,2671,2826
IFF541F44,2843,2991
IFF541F44,3011,3166
IFF541F44,3196,3359
IFF541F44,3380,3539
IFF541F44,3562,3712
IFF541F44,3733,3888
IFF541F44,3914,4070
IFF541F44,4096,4245
IFF541F44,4272,4424
IFF541F44,4456,4614
IFF541F44,4639,4789
IFF541F44,4824,4969
IFF541F44,4993,5144
IFF541F44,5165,5314
IFF541F44,5338,5484
IFF541F44,5511,5658
IFF541F44,5681,5833
IFF541F44,5859,6016
IFF541F44,6048,6200
IFF541F44,6241,6390
IFF541F44,6429,6577
IFF541F44,6621,6767
IFF541F44,6813,6964
IFF541F44,6988,7137
IFF541F44,7161,7313
IFF541F44,7336,7490
IFF541F44,7516,7673
IFF541F44,7695,7842
IFF541F44,7863,8011
IFF541F44,8041,8191
IFF541F44,8220,8363
IFF541F44,8403,8561
IFF541F44,8591,8755
IFF541F44,8790,8951
IFF541F44,8982,9133
IFF541F44,9170,9330
IFF541F44,9355,9516
IFF541F44,9549,9709
IFF541F44,9735,9893
IFF541F44,9923,10073
IFF541F44,10329,10503
IFF541F44,23909,24061
IFF541F44,30645,30800
IFF541F44,36517,36665
IFF541F44,37727,37882
IFF541F44,40357,40520
IFF541F44,47757,47916
IFF541F44,54949,55099
IFF541F44,61762,61917
IFF541F44,73914,74070
IFF541F44,80815,80964
IFF541F44,83469,83621
IFF541F44,92235,92393
IFF541F44,98532,98682
IFF541F44,101500,101645
IFF541F44,103595,103746
IFF541F44,110113,110262
IFF541F44,112375,112521
IFF541F44,113912,114059
IFF541F44,115446,115598
IFF541F44,120769,120926
IFF541F44,122526,122678
IFF541F44,131352,131501
IFF541F44,133519,133667
IFF541F44,136196,136343
IFF541F44,138013,138164
IFF541F44,143135,143284
IFF541F44,145574,145726
IFF541F44,160003,160157
IFF541F44,170978,171135
IFF541F44,173829,173976
IFF541F44,177064,177212
IFF541F44,179997,180147
IFF541F44,181482,181624
IFF541F44,185044,185202
IFF541F44,193189,193353
IFF541F44,195306,195467
IFF541F44,197483,197634
IFF541F44,197898,197934
IFF541F44,198360,198520
IFF541F44,199682,199843
IFF541F44,201209,201369
IFF541F44,202316,202474
IFF541F44,204127,204277
IFF541F44,206579,206848
P000013,31075,31374
P000013,31874,32029
P000013,32511,32774
P000013,33631,34186
P000013,44158,44582
P000013,45808,46648
P000013,48113,48416
P000013,49077,49302
P000013,49712,49936
P000013,50302,50461
P000013,50792,50940
P000013,51228,51567
P000013,52235,52464
P000013,59054,59407
P000013,60080,60225
P000013,61778,61865
P000013,62008,62367
P000013,62901,63089
P000013,63450,63781
P000013,64242,65805
P000013,68109,68432
P000013,69143,69665
P000013,70925,71233
P000013,72920,74305
P000013,79575,79860
P000013,83037,83193
P000013,84074,84309
P000013,84845,85532
P000013,86493,86787
P000013,87182,87608
P000013,88318,88657
P000013,89359,89584
P000013,91869,92093
P000013,92390,92671
P000013,93224,93539
P000013,94726,94981
P000013,95522,95680
P000013,95986,96287
P000013,97007,97525
P000013,99147,99456
P000013,100104,100326
P000013,100726,101017
P000013,101513,101694
P000013,101740,101884
P000013,102822,103250
P000013,104406,104702
P000013,106077,106284
P000013,106769,106991
P000013,108501,108898
P000013,109277,109344
P000013,109558,109664
P000013,110344,110495
P000013,110940,111206
P000013,111925,112465
P000013,113400,113697
P000013,114173,114422
P000013,114772,114890
P000013,115104,115335
P000013,115734,116096
P000013,117212,117471
P000013,117927,118405
P000013,119702,119780
P000013,119851,119919
P000013,119993,120109
P000013,120800,121150
P000013,121863,122172
P000013,122688,122993
P000013,123677,124160
P000013,126217,126376
P000013,126733,126891
P000013,127200,127306
P000013,127494,127684
P000013,127960,128115
P000013,128436,128799
P000013,129525,129781
P000013,130173,130569
P000013,131244,131806
P000013,133621,133781
P000013,134229,134706
P000013,135740,136174
P000013,136964,137085
P000013,137417,137754
P000013,138507,139040
P000013,140698,141023
P000013,141809,141997
P000013,142548,142893
P000013,143739,143881
P000013,144265,144469
P000013,144966,145444
P000020,4140,4268
P000020,11515,12033
P000020,12057,12212
P000020,12571,12887
P000020,13015,13206
P000020,204668,204786
P000020,269965,270197
P000020,270815,271048
P000020,274745,274986
P000020,275625,275855
P000020,278910,279037
P000021,6241,6580
P000021,7588,7837
P000021,8034,8155
P000021,8226,8311
P000021,20045,20446
P000021,20597,21271
P000021,21411,21533
P000021,21736,21845
P000021,22727,22805
P000021,23034,23113
P000021,27205,27318
P000021,30822,30894
P000021,31989,32064
P000021,37496,37580
P000021,38810,38968
P000021,40536,40731
P000021,43143,43269
P000021,45111,45342
P000021,45503,45727
P000021,45738,45967
P000021,47679,47822
P000021,48988,49072
P000021,50738,50939
P000021,53598,53676
P000021,55705,55836
P000021,57038,57182
P000021,58732,58814
P000021,60069,60190
P000021,61530,61617
P000021,62708,62784
P000021,63930,64014
P000021,65044,65133
P000021,65643,65763
P000021,66939,67029
P000021,68090,68165
P000021,69412,69527
P000021,70502,70619
P000021,71697,71943
P000021,77555,77670
P000021,83423,83493
P000021,83891,84012
P000021,87101,87181
P000021,89472,89549
P000021,90256,90335
P000021,90811,90988
P000021,97630,97709
P000021,99158,99273
P000021,99877,99988
P000021,100705,100783
P000021,101504,101615
P000021,102374,102451
P000021,103172,103287
P000021,103373,103450
P000021,103770,103859
P000021,110542,110621
P000021,112506,112590
P000021,113072,113182
P000021,117839,117930
P000021,119490,119608
P000021,121200,121323
P000021,121914,122006
P000021,122354,122621
P000021,124080,124163
P000021,124245,124478
P000021,124968,125076
P000021,126024,126146
P000021,126222,126439
P000021,126760,126842
P000021,128919,129082
P000021,131540,131737
P000021,133101,133182
P000021,133590,133710
P000021,134186,134264
P000021,134985,135139
P000021,135769,135866
P000021,136069,136203
P000021,136864,137023
P000021,138459,138661
P000021,140969,141052
P000021,142399,142557
P000021,143001,143081
P000021,144902,144973
P000021,146255,146532
P000021,154919,155002
P000021,155746,155823
P000021,156488,156605
P000021,160906,161017
P000021,161728,161845
P000021,163177,163334
P000021,164654,164813
P000021,166106,166180
P000021,167964,168090
P000021,169603,169730
P000021,170650,170763
P000021,171853,171974
P000021,175092,175337
P000021,176321,176943
P000021,177423,177505
P000021,178175,178294
P000021,180111,180201
P000021,181920,182117
P000021,184144,184447
P000021,186866,186946
P000021,188460,188584
P000021,190108,190371
P000021,190374,190408
P000021,190722,190792
P000021,191645,191877
P000021,193383,193571
P000021,194934,195046
P000021,195241,195318
P000021,198999,199163
P000021,202852,203085
P000021,212395,212590
P000021,214687,215449
P000021,215453,215475
P000021,219257,219344
P000021,220525,220651
P000021,221258,221468
P000021,222000,222113
P000021,224153,224693
P000021,224702,224748
P000021,224757,224876
P000021,225723,225810
P000021,227501,227729
P000021,233171,233389
P000021,235454,235573
P000021,241308,241422
P000021,241461,241607
P000021,243691,243765
P000021,245045,245160
P000021,250391,250498
P000021,251325,251419
P000021,251723,251837
P000021,252742,252932
P000021,255530,255618
P000021,255894,256024
P000022,19251,19547
P000022,23254,23317
P000022,32857,32992
P000022,65988,66123
P000022,68022,68158
P000022,77215,77341
P000022,85258,85365
P000022,96113,96223
P000022,98719,98860
P000022,106096,106241
P000022,163479,163677
P000022,181660,181783
P000022,205505,205637
P000022,208532,208596
P000022,209219,209314
P000022,215235,215298
P000022,218964,219572
P000022,220385,220497
P000022,221199,221274
P000022,224554,224661
P000022,233191,233613
P000022,240098,240272
P000022,240989,241105
P000022,241120,241279
P000022,241391,241505
P000022,241516,241633
P000022,241644,241698
P000022,246365,246488
P000022,246613,246809
P000022,248146,248261
P000022,249646,249794
P000022,251052,251141
P000022,254784,254900
P000022,254979,255102
P000022,255221,255302
P000022,255319,255434
P000022,255945,256520
P000022,256759,256931
P000022,256958,257120
P000022,291606,291736
P000022,292295,292348
P000022,366027,366084
P000026,1093,1268
P000026,1660,1821
P000026,2833,2982
P000026,3310,3466
P000026,4534,4686
P000026,6610,6770
P000026,7939,8107
P000026,9410,9565
P000026,10168,10322
P000026,10659,10812
P000026,12762,12908
P000026,13947,14086
P000026,15074,15226
P000026,16119,16273
P000026,17478,17634
P000026,19335,19484
P000026,20747,20893
P000026,21796,21953
P000026,23058,23208
P000026,24508,24669
P000026,25649,25798
P000026,26797,26955
P000026,28343,28497
P000026,29532,29706
P000026,34263,34418
P000027,10641,10797
P000027,10815,10928
P000027,12767,12880
P000027,14539,14646
P000027,15194,15252
P000027,15495,15667
P000027,16054,16136
P000027,16725,16777
P000027,17300,17349
P000027,18414,18570
P000027,19570,19689
P000027,20518,20716
P000027,22925,23158
P000027,26531,26638
P000027,27196,27355
P000027,28296,28383
P000027,29182,29481
P000027,30824,31143
P000027,32718,32998
P000027,34589,34648
P000027,35210,35408
P000027,38714,38799
P000027,40212,40384
P000027,40943,41090
P000027,43445,43605
P000027,45604,45911
P000027,47348,47499
P000027,48960,49147
P000027,50399,50519
P000027,51391,51477
P000027,53141,53217
P000027,55144,55228
P000027,55867,55960
P000027,56490,56665
P000027,57451,57569
P000027,59071,59261
P000027,60381,60505
P000027,61032,61150
P000027,61610,61698
P000027,62259,62322
P000027,63370,63436
P000027,64202,64268
P000027,65212,65277
P000027,65778,65833
P000027,66184,66246
P000027,67079,67211
P000027,67893,68142
P000027,68809,68927
P000027,69528,69656
P000027,70943,71036
P000027,71631,71764
P000028,71190,71276
P000028,76811,76899
P000028,96394,96510
P000028,107699,107805
P000028,160879,161002
P000028,186080,186205
P000028,196120,196227
P000028,201905,202268
P000028,252715,253025
P000028,257884,258001
P000028,268949,269069
P000028,273041,273163
P000028,274405,274524
P000028,276799,277038
P000028,279895,279970
P000028,283117,283198
P000028,300243,300398
P000028,302627,302745
P000028,307340,307461
P000028,309392,309507
P000028,310049,310168
P000028,313160,313262
P000028,314484,314662
P000028,315762,315892
P000028,316990,317108
P000028,319463,319584
P000028,322217,322343
P000028,324534,324651
P000028,328316,328425
P000028,330274,330349
P000028,331806,331888
P000028,359393,359522
P000028,361135,361260
P000028,366064,366188
P000028,370781,371029
P000028,372056,372175
P000028,375360,375545
P000028,381970,382025
P000028,389515,389579
P000028,392256,392441
P000028,401083,401202
P000028,402509,402747
P000028,404986,405112
P000028,410420,410544
P000028,416588,416707
P000028,418291,418411
P000028,422846,422958
P000028,430222,430470
P000028,432425,432541
P000028,433581,433700
P000028,435248,435367
P000028,437351,437519
P000028,438173,438359
P000028,441062,441181
P000028,442921,443048
P000028,447530,447787
P000028,458220,458349
P000028,461056,461189
P000028,463283,463405
P000028,464162,464397
P000028,468066,468197
P000028,476368,476496
P000028,485715,485892
P000028,487635,487753
P000028,496640,496748
P000028,498228,498351
P000028,501526,501651
P000028,502927,503035
P000028,504641,504766
P000028,505692,505750
P000028,506090,506268
P000028,508729,508975
P000028,510174,510236
P000028,511316,512084
P000028,513910,513985
P000028,515307,515461
P000028,516232,516470
P000028,517919,518038
P000028,518608,518724
P000028,519584,519865
P000028,520800,520930
P000028,521663,521902
P000028,522572,522698
P000028,522965,523191
P000028,524071,524226
P000028,525256,525386
P000028,526078,526699
P000028,528696,528882
P000028,529374,529430
P000028,529694,529758
P000028,530506,530691
P000028,531860,531979
P000028,532486,532599
P000028,533011,533134
P000028,533430,533556
P000028,534013,534137
P000028,535425,535547
P000028,537062,537182
P000028,538242,538354
P000028,538708,538951
P000028,543831,544069
P000028,545189,545308
P000028,545666,546019
P000044,1590,1647
P000044,2158,2215
P000044,2353,2407
P000044,3488,3542
P000044,4863,4978
P000044,5384,5495
P000044,5931,5986
P000044,6141,6196
P000044,6786,6894
P000044,7447,7562
P000044,8117,8229
P000044,8699,8815
P000044,9209,9319
P000044,10028,10138
P000044,10855,11067
P000044,13466,13547
P000044,16221,16330
P000044,16757,16870
P000044,18074,18183
P000044,19026,19148
P000044,20039,20156
P000044,20635,20715
P000044,21068,21123
P000044,21306,21430
P000044,22380,22605
P000044,24287,24351
P000044,25645,25759
P000044,26396,26621
P000044,27495,27737
P000044,29236,29350
P000044,29839,29954
P000044,30569,30682
P000044,31020,31144
P000044,31470,31590
P000044,32016,32141
P000044,32600,32705
P000044,33447,33565
P000044,33791,33845
P000044,35008,35061
P000044,35909,36022
P000044,36430,36487
P000044,36790,37023
P000044,37671,37725
P000044,37998,38051
P000044,38162,38273
P000044,38883,38999
P000044,40046,40100
P000044,40410,40461
P000044,40709,40884
P000044,41375,41430
P000044,41701,41814
P000044,42098,42207
P000044,42683,42796
P000044,43116,43445
P000044,44398,44758
P000044,47787,47904
P000044,48603,48718
P000044,50320,50370
P000044,50770,50829
P000044,51089,51200
P000044,51887,52109
P000044,53193,53320
P000044,53352,53472
P000044,55406,55520
P000044,56915,57023
P000044,58283,58395
P000044,60434,60660
P000044,61575,61696
P000044,64789,65002
P000044,65981,66031
P000044,66050,66174
P000044,66410,66464
P000044,66615,66730
P000044,66991,67095
P000044,67117,67225
P000044,68000,68109
P000044,69179,69289
P000044,72098,72581
P000044,73647,73767
P000044,74141,74263
P000044,74629,74746
P000044,75322,75560
P000044,76243,76360
P000044,77216,77398
P000044,78187,78246
P000044,78936,79045
P000044,79400,79510
P000044,79872,79983
P000044,80276,80388
P000044,80740,80867
P000044,81250,81367
P000044,81896,82014
P000044,82408,82655
P000044,83467,83585
P000044,84216,84330
P000044,84762,84874
P000044,86761,86869
P000044,87179,87292
P000044,87648,87759
P000044,88005,88112
P000044,88579,88690
P000044,88919,89022
P000044,89360,89460
P000044,89970,90078
P000044,90447,90553
P000044,90961,91065
P000044,91458,91569
P000044,92195,92318
P000044,93077,93191
P000044,93602,93713
P000044,93973,94096
P000044,94513,94570
P000044,94835,94956
P000044,95179,95234
P000044,95724,96180
P000044,98664,98816
P000044,99865,99980
P000044,101246,101356
P000044,101724,101832
P000044,102171,102288
P000044,102578,102635
P000044,102842,102900
P000044,103334,103506
P000044,103994,104051
P000044,104287,104338
P000044,104500,104551
P000044,104689,104796
P000044,105275,105392
P000044,106037,106157
P000044,107088,107187
P000044,107891,108007
P000044,108532,108641
P000044,109056,109177
P000044,109913,110036
P000044,112467,112710
P000044,113854,113960
P000044,114456,114573
P000044,115404,115463
P000044,116052,116108
P000044,116621,116737
P000044,117196,117432
P000044,118331,118442
P000044,118766,118875
P000044,119388,119499
P000044,120007,120110
P000044,120934,121040
P000044,121717,121831
P000044,121950,122056
P000044,122333,122445
P000044,122608,122819
P000044,123452,123559
P000044,124007,124119
P000044,124578,124682
P000044,125135,125364
P000044,125949,126172
P000044,126560,126674
P000044,127107,127329
P000044,129663,129778
P000044,130575,130685
P000044,130978,131143
P000044,142386,142447
P000044,142737,142796
P000044,143497,143582
P000044,143927,143979
P000044,144231,144285
P000044,144671,144788
P000044,146013,146133
P000044,146731,146842
P000044,147220,147329
P000044,148100,148221
P000044,149259,149377
P000044,149830,149949
P000044,150657,150764
P000044,151082,151447
P000044,152617,152733
P000044,153372,153598
P000044,154297,154412
P000044,154656,154774
P000044,155109,155226
P000044,155457,155573
P000044,155777,155886
P000044,156099,156215
P000044,156487,156596
P000044,156828,156946
P000044,157209,157324
P000044,157659,158144
P000044,159063,159409
P000044,160355,160469
P000044,160690,160804
P000044,161234,161353
P000044,161871,161983
P000044,162314,162434
P000044,164126,164239
P000044,164679,164792
P000044,165479,165581
P000044,167832,167940
P000044,168300,168409
P000044,168681,168789
P000044,169181,169293
P000044,169559,169672
P000044,170176,170294
P000044,171430,171543
P000044,172187,172295
P000044,172620,172732
P000044,173006,173231
P000044,173813,173925
P000044,174198,174312
P000044,174897,175011
P000044,175232,175348
P000044,175765,175977
P000044,176580,176689
P000044,177249,177467
P000044,178184,178297
P000044,180524,180645
P000044,181329,182415
P000044,186241,186359
P000044,187419,187650
P000044,194286,194886
P000044,199329,199417
P000044,199635,199749
P000044,204741,204974
P000044,206360,206468
P000044,206855,207292
P000044,208667,208776
P000044,209230,209335
P000044,209520,209753
P000044,210845,210964
P000044,211418,211520
P000044,211783,211900
P000044,212498,212604
P000044,212983,213088
P000044,213500,213612
P000044,213969,214076
P000044,214332,214551
P000044,215309,215429
P000044,215803,215924
P000044,216217,216450
P000044,216931,217052
P000044,217378,217500
P000044,217846,217965
P000044,218272,218384
P000044,218813,218919
P000044,219518,219629
P000046,5522,5976
P000046,6400,6517
P000046,8058,8215
P000046,11340,11490
P000046,11840,11995
P000046,13891,14020
P000046,21277,21391
P000046,22134,22365
P000046,22818,22926
P000046,22937,23051
P000046,23558,23681
P000046,24015,24131
P000046,28305,28454
P000046,31681,31906
P000046,33385,33505
P000046,37125,37284
P000046,41791,41904
P000046,44242,44366
P000046,44377,44481
P000046,53721,53874
P000046,55657,55769
P000046,64078,64185
P000046,64781,64887
P000046,66524,66639
P000046,68405,68522
P000046,71531,72090
P000046,73039,73151
P000046,75850,75962
P000046,79190,79326
P000046,80746,80858
P000046,81934,82087
P000046,84235,84384
P000046,86076,86272
P000046,89776,89903
P000046,90316,90424
P000046,90746,90893
P000046,92055,92167
P000046,93741,93846
P000046,94821,95054
P000046,96803,96915
P000046,97936,97989
P000046,98395,98450
P000046,99084,99195
P000046,99980,100092
P000046,101553,101781
P000046,103211,103427
P000046,107510,107618
P000046,108974,109076
P000046,110140,110246
P000046,111508,111617
P000046,112700,112929
P000046,114997,115104
P000046,115636,115753
P000046,116814,116926
P000046,117803,117918
P000046,118902,119021
P000046,120159,120272
P000046,121057,121164
P000046,121616,121721
P000046,123134,123365
P000046,125393,125506
P000046,126279,126390
P000046,126612,126951
P000046,128244,128362
P000046,129005,129299
P000046,130605,130663
P000046,132988,133101
P000046,134036,134158
P000046,134260,134356
P000046,134972,135080
P000046,135936,136041
P000046,136284,136330
P000046,137133,137186
P000046,137574,137628
P000046,138245,138517
P000046,139594,139702
P000046,141789,142034
P000046,143042,143165
P000046,144175,144297
P000046,144811,144867
P000046,145161,145219
P000046,145651,145756
P000046,146350,146468
P000046,146893,147143
P000046,148724,148899
P000046,150539,150767
P000046,151915,152029
P000046,152487,152541
P000046,152791,152842
P000046,153156,153211
P000046,153494,153550
P000046,153956,154010
P000046,154580,154641
P000046,155408,155466
P000046,155732,155787
P000046,155980,156083
P000046,156818,157033
P000046,158734,158964
P000046,160640,160753
P000046,161193,161419
P000046,162604,162712
P000046,163039,163145
P000046,163891,164123
P000046,165014,165136
P000046,165873,166052
P000046,167158,167273
P000046,168179,168294
P000046,168793,168909
P000046,169408,169526
P000046,171149,171271
P000046,171636,171751
P000046,172128,172239
P000046,173068,173181
P000046,173346,173459
P000046,174137,174461
P000046,176045,176162
P000046,176978,177098
P000046,177855,177966
P000046,178606,178723
P000046,179418,179531
P000046,180251,180363
P000046,181651,181882
P000046,182701,182812
P000046,183104,183215
P000046,184222,184333
P000046,184751,184973
P000046,185778,185890
P000046,186758,186842
P000046,187202,187308
P000046,187630,187864
P000046,188667,188886
P000046,189523,189636
P000046,190234,190347
P000046,191093,191214
P000046,194343,194511
P000046,195675,195728
P000046,195996,196106
P000046,196509,196786
P000046,197864,197918
P000046,198253,198308
P000046,198453,198503
P000046,198882,199053
P000046,199640,199752
P000046,200256,200368
P000046,200751,200862
P000046,201461,201579
P000046,202613,202722
P000046,205037,205244
P000046,206305,206435
P000046,207186,207265
P000046,207587,207693
P000046,208360,208468
P000046,208814,208915
P000046,209283,209498
P000046,210570,210675
P000046,211422,211521
P000046,211889,211993
P000046,214847,214901
P000046,215448,215503
P000046,215928,216164
P000046,217648,217758
P000046,219171,219284
P000046,219925,220040
P000046,220362,220471
P000046,221326,221547
P000046,222832,222946
P000046,223673,223783
P000046,224337,224443
P000046,224801,224909
P000046,226279,226382
P000046,226724,226832
P000046,228324,228431
P000046,230117,230282
P000046,231356,231408
P000046,231631,231957
P000046,232741,232845
P000046,233132,233358
P000046,235319,235409
P000046,236277,236397
P000046,236854,236972
P000046,237784,237900
P000046,238959,239080
P000046,239423,239538
P000046,239910,240027
P000046,240763,240876
P000046,241334,241393
P000046,241603,241660
P000046,242098,242206
P000046,243523,243641
P000046,244337,244452
P000046,245357,245529
P000046,246645,246699
P000046,247322,247542
P000046,249106,249331
P000046,250279,250387
P000055,683,754
P000055,1046,1236
P000055,4405,4479
P000055,6513,6586
P000055,7392,7536
P000055,8903,9016
P000055,9957,10038
P000055,10633,10801
P000055,15055,15166
P000055,22429,22509
P000055,23982,24103
P000055,25049,25134
P000055,25648,25720
P000055,26594,26671
P000055,32398,32474
P000055,34200,34379
P000055,37489,37613
P000055,38686,38761
P000055,40553,40746
P000055,45043,45161
P000055,46777,46862
P000055,47834,47910
P000055,51358,51438
P000055,53199,53282
P000055,53612,53741
P000055,55625,55699
P000055,57553,57701
P000055,59256,59377
P000055,62326,62400
P000055,67984,68271
P000055,70110,70195
P000055,70886,70956
P000055,72004,72082
P000055,72827,72905
P000055,75819,75903
P000055,76288,76367
P000055,77160,77238
P000055,78422,78538
P000055,79696,79813
P000055,85755,85914
P000055,88027,88221
P000055,91044,91163
P000055,91661,91819
P000055,92774,92856
P000055,94536,94613
P000055,96421,96609
P000055,100073,100147
P000055,100669,100737
P000055,103204,103365
P000055,118021,118140
P000055,119191,119301
P000055,119643,119733
P000055,120245,120359
P000055,122554,122637
P000055,125287,125364
P000055,127024,127137
P000055,134145,134273
P000055,134812,134983
P000055,138023,138093
P000055,139731,139884
P000055,144929,145047
P000055,145817,146019
P000055,150202,150330
P000055,152785,152861
P000055,153880,154071
P000055,154926,155005
P000055,155703,155782
P000055,157444,157560
P000055,159249,159378
P000055,160160,160286
P000055,160783,160868
P000055,161454,161770
P000055,163281,163401
P000055,165191,165264
P000055,166534,166614
P000055,167160,167364
P000055,169675,169797
P000055,171982,172065
P000055,173313,173474
P000055,175031,175153
P000055,176770,176968
P000055,180041,180266
P000055,181360,181521
P000055,182251,182397
P000055,185224,185304
P000055,188292,188365
P000055,189424,189505
P000055,190483,190596
P000055,191671,191791
P000055,193205,193323
P000055,194970,195091
P000055,195584,195664
P000055,196194,196355
P000055,198430,198605
P000055,200796,200915
P000055,201680,201801
P000055,203185,203302
P000055,205101,205155
P000055,205508,205572
P000055,207298,207375
P000055,208177,208259
P000055,210441,210511
P000055,210907,211022
P000055,213010,213137
P000055,216639,216726
P000055,217430,217567
P000055,218249,218322
P000055,218664,218828
P000055,221203,221271
P000055,222613,222741
P000055,223408,223528
P000055,225037,225186
P000055,226154,226225
P000055,228342,228459
P000055,229768,229998
P000055,231889,232005
P000055,234244,234394
P000055,235191,235308
P000055,237886,237994
P000055,238349,238457
P000055,238764,238845
P000055,239674,239752
P000055,240566,240642
P000055,241701,241846
P000055,243726,243840
P000055,244543,244661
P000055,245991,246119
P000055,246975,247092
P000055,249292,249399
P000055,250672,250826
P000055,251412,251489
P000055,251743,251900
P000055,252844,252955
P000055,253887,254013
P000055,254526,254642
P000055,255169,255244
P000055,256743,256865
P000055,258961,259085
P000055,259777,259857
P000055,261451,261648
P000055,263078,263240
P000055,265086,265195
P000055,266479,266607
P000055,269063,269180
P000055,269690,269764
P000055,270587,270733
P000055,272007,272093
P000055,273319,273478
P000055,274654,274775
P000055,276234,276317
P000055,276798,276985
P000055,278183,278257
P000055,278664,278748
P000055,279202,279287
P000055,280352,280517
P000055,282599,282760
P000055,285828,285950
P000055,286777,286859
P000055,287626,287712
P000055,288636,288850
P000055,290298,290406
P000055,291574,291694
P000055,292907,293143
P000055,294292,294448
P000055,295164,295282
P000055,296259,296375
P000055,297786,297870
P000055,298256,298410
P000055,301123,301197
P000055,301944,302023
P000055,303009,303110
P000056,4054,4476
P000056,6099,6464
P000056,8230,8370
P000056,9140,9262
P000056,10361,10434
P000056,10777,10854
P000056,11759,11886
P000056,12407,12551
P000056,12774,12914
P000056,13191,13332
P000056,13633,13761
P000056,13967,14097
P000056,14358,14498
P000056,14820,14951
P000056,15266,15407
P000056,15765,15901
P000056,16362,16502
P000056,16942,17070
P000056,17463,17592
P000056,17957,18093
P000056,18535,18675
P000056,18908,19039
P000056,19314,19453
P000056,19839,19973
P000056,20184,20324
P000056,20694,20832
P000056,21141,21284
P000056,21888,22026
P000056,22651,22928
P000056,23639,23776
P000056,24779,24915
P000056,25222,25363
P000056,26371,26514
P000056,26850,27002
P000056,27484,27627
P000056,28018,28149
P000056,28460,28598
P000056,28945,29092
P000056,29674,29818
P000056,30279,30423
P000056,30825,30958
P000056,31534,31664
P000056,31994,32130
P000056,32385,32522
P000056,33003,33309
P000056,34238,34426
P000056,34714,35171
P000056,36216,36365
P000056,36769,36918
P000056,37300,37448
P000056,37969,38121
P000056,38561,38709
P000056,39055,39190
P000056,39604,39751
P000056,40316,40459
P000056,40870,41013
P000056,41367,41514
P000056,41818,41957
P000056,42273,42408
P000056,42781,42931
P000056,43307,43461
P000056,43814,43970
P000056,44267,44416
P000056,44826,44972
P000056,45372,45524
P000056,45963,46116
P000056,46688,46827
P000056,47227,47370
P000056,47875,48024
P000056,48284,48434
P000056,48749,48895
P000056,49458,49604
P000056,49975,50118
P000056,50824,50966
P000056,51232,51383
P000056,51795,51944
P000056,52224,52367
P000056,52908,53061
P000056,53321,53466
P000056,53804,53951
P000056,54364,54513
P000056,54795,54932
P000056,55164,55304
P000056,55546,55996
P000056,56713,56855
P000056,57091,57160
P000056,57435,57507
P000056,57699,57850
P000056,58186,58338
P000056,58601,58745
P000056,58969,59119
P000056,59577,59718
P000056,60014,60128
P000056,60691,60870
P000056,61414,61575
P000056,61835,62190
P000056,62850,63034
P000056,63677,63819
P000056,65221,65371
P000056,65618,65765
P000056,66039,66375
P000056,66788,67110
P000056,67463,67601
P000056,68226,68359
P000056,68843,68992
P000056,69540,69687
P000056,70487,70808
P000056,72412,72578
P000067,825,902
P000067,1322,1398
P000067,2379,2448
P000067,3298,3369
P000067,3783,3858
P000067,5413,5535
P000067,7958,8038
P000067,9473,9543
P000067,10334,10415
P000067,11231,11472
P000067,14018,14184
P000067,15783,15860
P000067,16449,16524
P000067,19572,19651
P000067,20420,20496
P000067,21216,21404
P000067,22129,22408
P000067,25533,25606
P000067,26231,26388
P000067,28045,28206
P000067,30796,30910
P000067,31938,32086
P000067,32755,32831
P000067,33798,33920
P000067,34399,34565
P000067,35416,35608
P000067,36535,36693
P000067,41167,41264
P000067,42055,42257
P000067,43942,44091
P000067,45818,45900
P000067,47608,47723
P000067,49185,49270
P000067,50931,51001
P000067,53583,53658
P000067,59126,59239
P000067,61057,61261
P000067,62407,62560
P000067,64982,65256
P000067,67067,67151
P000067,67736,67850
P000067,68969,69041
P000067,69602,69758
P000067,71515,71709
P000067,72626,72858
P000067,76045,76121
P000067,78201,78311
P000067,79688,79774
P000067,82388,82496
P000067,83784,83958
P000067,85824,85943
P000067,89737,89893
P000067,93901,93979
P000067,97520,97590
P000067,99357,99415
P000067,104039,104098
P000067,107293,107367
P000067,111984,112221
P000067,115532,115617
P000067,120853,120926
P000067,121309,121445
P000067,122645,122703
P000067,124636,124710
P000067,130316,130431
P000067,130796,130954
P000067,131912,132113
P000067,132933,133135
P000067,134093,134284
P000067,135159,135282
P000067,135582,135743
P000067,136854,136937
P000067,140141,140294
P000067,156145,156428
P000067,163697,163843
P000067,168787,168996
P000067,170167,170377
P000067,172112,172195
P000067,181284,181447
P000067,182232,182308
P000067,182768,182844
P000067,183589,183739
P000067,185132,185445
P000067,189337,189443
P000067,193140,193373
P000067,197051,197322
P000067,201036,201150
P000067,204068,204230
P000067,205804,205971
P000067,207860,207940
P000067,208729,208969
P000067,209775,209972
P000067,211269,211465
P000067,213715,213874
P000067,216772,216874
P000067,219337,219449
P000067,220563,220643
P000067,224307,224537
P000067,225957,226078
P000067,228356,228437
P000067,229904,230145
P000067,231751,231827
P000067,233564,233635
P000067,234363,234463
P000067,235715,235831
P000067,239255,239293
P000067,240529,240653
P000067,241549,241668
P000067,243981,244233
P000067,246413,246702
P000067,249059,249111
P000067,250314,250507
P000067,251395,251477
P000067,251986,252106
P000067,252549,252700
P000067,253724,253798
P000067,254378,254491
P000067,255408,255486
P000067,256208,256285
P000067,256775,256894
P000067,258424,258507
P000067,259371,259484
P000067,261651,261729
P000067,262876,262943
P000067,263600,263740
P000067,264613,264690
P000067,266622,266776
P000067,267872,268033
P000067,268763,268922
P000067,271476,271557
P000067,275400,275478
P000067,277528,277596
P000067,278913,279076
P000067,280557,280606
P000067,283087,283158
P000067,285012,285084
P000067,290847,291010
P000067,293648,293766
P000067,299010,299092
P000067,299622,299736
P000067,307379,307454
P000067,309457,309581
P000067,311251,311379
P000067,314554,314670
P000067,325594,325673
P000067,329277,329390
P000067,331362,331429
P000067,332931,333072
P000067,337835,337892
P000067,341043,341126
P000067,342178,342329
P000067,343669,343714
P000067,343925,344001
P000067,345624,345696
P000067,347183,347259
P000067,351360,351544
P000067,360350,360429
P000067,374597,374675
P000067,383465,383535
P000067,384001,384079
P000067,385171,385228
P000067,385925,386042
P000067,388582,388669
P000067,391518,391590
P000067,394315,394392
P000067,395715,395799
P000067,397305,397459
P000067,401881,401987
P000067,404180,404249
P000067,405835,405917
P000067,406989,407056
P000067,408422,408502
P000067,408947,409030
P000067,409635,409795
P000067,411366,411477
P000067,412398,412525
P000067,413086,413203
P000067,414736,414814
P000067,420205,420321
P000067,423942,424013
P000067,424459,424539
P000067,424779,424850
P000067,425082,425166
P000067,425650,425763
P000067,426931,427014
P000067,429441,429503
P000067,432754,432870
P000067,433247,433321
P000067,434083,434280
P000067,437370,437451
P000067,440627,440753
P000067,444776,444978
P000067,451159,451243
P000067,452182,452388
P000067,456400,456562
P000067,461342,461422
P000067,465124,465281
P000067,470292,470410
P000067,474715,474878
P000067,480204,480490
P000067,486410,486483
P000067,487364,487527
P000067,491638,491758
P000067,493711,493839
P000067,494637,494757
P000067,495974,496094
P000067,497087,497164
P000067,498060,498172
P000068,5424,7916
P000068,28561,28671
P000068,61265,61384
P000068,73164,73279
P000068,77721,77876
P000068,78149,78280
P000068,78668,78750
P000068,78865,78977
P000068,79312,79418
P000068,79680,79824
P000068,80504,80611
P000068,100455,100611
P000068,100632,100795
P000068,130276,130391
P000068,131288,131707
P000068,132558,132734
P000068,132937,133056
P000068,136315,136480
P000068,138672,139065
P000068,139102,139386
P000068,139409,139525
P000068,140553,140680
P000068,142955,143131
P000068,143916,144099
P000068,148672,148793
P000068,152395,152577
P000068,173782,173909
P000068,226849,226962
P000068,228700,228821
P000068,256910,257067
P000068,257095,257205
P000068,262215,262300
P000068,279428,279554
P000068,311472,311604
P000068,311619,311804
P000068,312532,312827
P000068,312998,313098
P000068,314251,314397
P000068,335294,335384
P000068,344075,344259
P000068,347371,347602
P000068,347623,347760
P000068,347789,347935
P000068,352485,352823
P000068,355510,355732
P000068,393540,393815
P000068,396895,396986
P000068,400856,401008
P000068,401743,401889
P000068,405367,405735
P000068,420621,421101
P000068,424381,424882
P000068,424909,425033
P000068,426152,426247
P000068,433689,433810
P000068,436495,436849
P000068,442681,442891
P000068,443849,443975
P000068,444013,444200
P000068,446269,446442
P000068,449000,449112
P000068,452115,452292
P000068,452303,452431
P000068,452614,452767
P000068,455601,455709
P000068,460409,460528
P000068,461172,461297
P000068,463763,463919
P000068,487063,487159
P000068,496496,496616
P000068,497142,497249
P000068,497276,497457
P000068,497641,497956
P000068,497979,498168
P000068,498358,498602
P000068,498626,498901
P000068,499060,499295
P000068,499319,499533
P000068,499907,500036
P000068,501498,501635
P000068,504623,504746
P000068,505359,505491
P000068,506418,506573
P000068,506585,506784
P000068,507175,507308
P000068,508011,508257
P000068,508453,509038
P000068,515932,516127
P000068,523953,524087
P000068,531273,531481
P000068,535926,536191
P000068,537242,537369
P000068,537476,537738
P000068,539274,539405
P000068,544274,544398
P000068,548491,548625
P000068,549178,549326
P000068,549596,549741
P000068,550189,550334
P000068,550680,550920
P000068,553311,553495
P000068,555923,556151
P000068,556370,556636
P000070,895,1029
P000070,2336,2420
P000070,2739,2865
P000070,3457,4294
P000070,7241,7732
P000070,10626,10754
P000070,11673,11797
P000070,13311,13684
P000070,15194,15809
P000070,15858,16090
P000070,16145,16653
P000070,25101,25364
P000070,27681,28397
P000070,28562,28736
P000070,28881,29770
P000070,30031,30084
P000070,38555,38734
P000070,38754,38887
P000070,50576,51072
P000070,52818,52936
P000070,55041,55916
P000070,60604,60841
P000070,62371,62621
P000070,63818,63942
P000070,64306,64459
P000070,66026,66518
P000070,66788,67769
P000070,79832,80448
P000070,84419,84789
P000070,88981,90600
P000070,100708,100960
P000070,101165,102021
P000070,102059,102299
P000070,102434,104351
P000070,104452,105310
P000070,105389,106258
P000070,106311,106467
P000070,106514,107157
P000070,107225,107499
P000070,107541,107796
P000070,136187,136425
P000070,136597,136998
P000070,137132,138233
P000070,138596,139119
P000070,139351,139839
P000070,153521,153753
P000070,154267,154391
P000070,154597,155464
P000070,155769,156393
P000070,156579,157866
P000070,158174,158654
P000070,159129,159252
P000070,159534,160275
P000070,160647,161136
P000070,161473,161895
P000070,162069,163628
P000070,163873,164598
P000070,164819,166268
P000070,194592,194660
P000070,206231,206488
P000070,210029,210149
P000070,215764,215826
P000070,221902,222222
P000070,231972,232111
P000070,232491,232562
P000070,232884,233031
P000070,233499,233573
P000070,235484,235837
P000070,245075,247471
P000070,250328,251437
P000070,253574,255426
P000070,258751,259817
P000070,274409,275150
P000070,276907,277036
P000070,278152,278278
P000070,345890,346043
P000071,17665,17839
P000071,19576,19693
P000071,28557,28664
P000071,30128,30250
P000071,33404,33528
P000071,34799,34906
P000071,36507,36631
P000071,37548,37606
P000071,37952,38128
P000071,40525,40770
P000071,41969,42027
P000071,42656,42769
P000071,43224,43864
P000071,45687,45762
P000071,47087,47237
P000071,49669,49784
P000071,50354,50466
P000071,51325,51600
P000071,52528,52654
P000071,53388,53622
P000071,54296,54416
P000071,54685,54906
P000071,55799,55956
P000071,56980,57106
P000071,57798,58400
P000071,60372,60554
P000071,61045,61097
P000071,61366,61430
P000071,62181,62361
P000071,63537,63650
P000071,64156,64265
P000071,64680,64799
P000071,65092,65215
P000071,65673,65793
P000071,67085,67202
P000071,68715,68831
P000071,69891,69999
P000071,70358,70595
P000071,75460,75691
P000071,76802,76917
P000071,77279,77631
P000071,78989,79107
P000071,79542,79665
P000071,80872,81126
P000071,81845,82036
P000071,82881,82948
P000071,83228,83581
P000071,84858,84988
P000071,85459,85584
P000071,94259,94418
P000071,95404,95553
P000071,96831,96985
P000071,99858,99930
P000071,108527,108603
P000071,113829,113979
P000071,115084,115246
P000071,119634,119957
P000071,123598,123754
P000071,128878,129031
P000071,133155,133298
P000071,137348,137498
P000071,139804,139953
P000071,143430,143593
P000071,153163,153390
P000071,154579,154659
P000071,158564,158792
P000071,160063,160134
P000071,162069,162136
P000071,164230,164314
P000071,170662,170778
P000071,173977,174109
P000071,176437,176597
P000071,183543,183624
P000071,197679,197742
P000071,200250,200350
P000071,203228,203285
P000071,206483,206541
P000071,208034,208097
P000071,218767,218830
P000071,222590,222709
P000071,223275,223424
P000074,26245,26330
P000074,26367,26514
P000074,26891,27053
P000074,56305,56549
P000074,56601,56747
P000074,80227,80289
P000074,113816,113971
P000074,199351,199594
P000074,199851,200080
P000074,200198,200317
P000074,209560,209618
P000074,209879,210046
P000074,210560,210679
P000074,210921,211093
P000074,211437,211493
P000074,212298,212468
P000074,212708,212883
P000074,213479,213655
P000074,218931,219050
P000074,219234,219299
P000074,238623,238684
P000074,238801,238857
P000074,238953,239007
P000074,239109,239166
P000074,244987,245039
P000074,301119,301234
P000074,302705,302823
P000074,303095,303217
P000074,320040,320157
P000074,485750,485882
P000074,644721,644843
P000074,645085,645196
P000074,645450,645568
P000074,645690,645797
P000074,645944,646055
P000078,333,459
P000078,470,582
P000078,110462,110866
P000078,113483,113738
P000078,119179,119430
P000078,122177,122483
P000078,123878,123987
P000078,144276,144502
P000078,150189,150308
P000078,155639,155760
P000078,166543,166662
P000078,211386,211623
P000078,213254,213930
P000078,216512,217160
P000078,220206,220716
P000078,245055,245224
P000078,248243,248410
P000078,249316,249497
P000078,250471,250528
P000078,252610,252722
P000078,253021,253193
P000078,253786,253851
P000078,254034,254158
P000078,254721,254843
P000078,255315,255435
P000078,255867,255982
P000078,256430,256492
P000078,257052,257291
P000078,258653,258711
P000078,258915,259093
P000078,259660,260069
P000078,261446,261790
P000078,273405,273460
P000078,273886,273951
P000078,274209,274487
P000078,275385,275550
P000078,276416,276530
P000078,277373,277489
P000078,277853,278063
P000078,278906,279126
P000078,280268,280482
P000078,282349,282487
P000078,283134,283249
P000078,283753,284166
P000078,287023,287143
P000078,287925,288043
P000078,288926,289158
P000078,289825,289941
P000078,290432,290684
P000078,291431,291548
P000078,291908,292032
P000078,295184,295364
P000078,296243,296737
P000078,298681,299021
P000078,304128,304428
P000078,318649,318838
P000078,319306,319532
P000078,321017,321195
P000078,321831,321959
P000078,324195,324320
P000078,324736,324825
P000078,326172,326229
P000078,327010,327187
P000078,330285,330531
P000078,331569,331746
P000078,332313,332425
P000078,333002,333113
P000078,349766,349880
P000078,350819,350969
P000078,352962,353109
P000078,361127,361352
P000078,367721,368191
P000078,371174,371331
P000078,372590,372823
P000078,373293,373549
P000078,374159,374617
P000078,375668,375908
P000078,376537,376601
P000078,379103,379336
P000078,386101,386242
P000078,396706,396903
P000078,398379,398751
P000078,399670,399780
P000078,400248,400357
P000078,400709,400819
P000078,401208,401436
P000078,402251,402370
P000078,402925,403045
P000078,403335,403696
P000078,405356,405590
P000078,406384,406500
P000078,407082,407203
P000078,407473,407586
P000078,408074,408188
P000078,409520,409635
P000078,410149,410328
P000078,410882,411054
P000078,411676,411904
P000078,412458,412581
P000078,412937,413053
P000078,413370,413489
P000078,420299,420414
P000078,420927,421049
P000078,421698,421812
P000078,422248,422371
P000078,423428,423624
P000078,424421,424680
P000078,425518,425924
P000078,426682,426910
P000078,427378,427497
P000078,428443,428554
P000078,428784,429023
P000078,429447,429748
P000078,448898,449009
P000078,449491,449612
P000078,450079,450200
P000078,450475,450582
P000078,451147,451207
P000078,451710,451878
P000078,452486,452602
P000078,453018,453103
P000078,453577,453726
P000078,454274,454444
P000078,455103,455313
P000078,456415,456529
P000078,460023,460139
P000078,460531,460650
P000078,461118,461371
P000078,461856,461966
P000078,462380,462560
P000078,463389,463656
P000078,464375,464516
P000078,464937,465047
P000078,465402,465467
P000078,465684,465865
P000078,466299,466412
P000078,466673,466903
P000078,467414,467670
P000078,468734,469107
P000078,470025,470264
P000078,470809,471070
P000078,471812,471866
P000078,472361,472484
P000078,472894,473014
P000078,473382,473621
P000078,476595,476834
P000078,477745,477860
P000078,478217,478336
P000078,479100,479223
P000078,479534,479593
P000078,480239,480410
P000078,487403,487539
P000078,488104,488403
P000078,489423,489481
P000078,489762,489867
P000078,490803,491060
P000078,493070,493564
P000078,493688,494171
P000078,508716,508836
P000078,509245,509459
P000078,510095,510153
P000078,510839,510960
P000078,512325,512436
P000078,513208,513383
P000078,513772,513935
P000078,514324,514428
P000078,515159,515278
P000078,519273,519389
P000078,519985,520134
P000078,521079,521318
P000078,521945,522339
P000078,523484,523719
P000078,524814,524932
P000078,525333,525574
P000078,527203,527377
P000078,528141,528251
P000078,528985,529105
P000078,529502,529619
P000078,530000,530341
P000078,531487,531625
P000078,531989,532140
P000078,532666,532794
P000078,533251,533646
P000078,538129,538357
P000078,539222,539354
P000078,539908,540027
P000078,541783,541906
P000078,545711,545936
P000078,546982,547102
P000078,547641,547967
P000078,548972,549086
P000078,549601,549712
P000078,550221,550454
P000078,552349,552553
P000078,553218,553366
P000078,553840,554077
P000078,554943,555243
P000078,556122,556354
P000078,556910,557156
P000078,557956,558068
P000078,558377,558981
P000078,560303,560477
P000078,560890,561257
P000078,564213,564325
P000078,564993,565127
P000078,565556,565669
P000078,566092,566344
P000078,567196,567316
P000078,567628,567853
P000078,568773,568892
P000078,569570,569793
P000078,571079,571199
P000078,572237,572353
P000078,572809,573038
P000078,573631,573747
P000078,574053,574295
P000078,575007,575177
P000078,575639,575813
P000078,576606,576845
P000078,577823,577888
P000078,578432,578558
P000078,579085,579356
P000078,587011,587066
P000078,587378,587532
P000078,587980,588168
P000078,589849,589970
P000078,589997,590108
P000078,590912,591152
P000078,592159,592277
P000078,596584,596853
P000078,597479,597703
P000078,598255,598379
P000078,598695,599042
P000078,600600,600723
P000078,601484,601732
P000078,603251,603371
P000078,603792,604230
P000078,604992,605437
P000078,609116,609227
P000078,609470,609819
P000078,618492,618730
P000078,619430,619644
P000078,620165,620404
P000078,621166,621292
P000078,621783,622264
P000078,623485,623922
P000078,624934,625120
P000078,625618,625674
P000078,625694,625837
P000078,633464,633680
P000078,634506,634682
P000078,635157,635560
P000078,637020,637197
P000078,637713,637881
P000078,638272,638497
P000078,639820,640121
P000078,640999,641236
P000078,641892,642016
P000078,642340,642573
P000078,644064,644210
P000078,644668,644790
P000078,645942,646193
P000078,646929,647299
P000078,648270,648457
P000078,648901,649147
P000078,649997,650254
P000078,651100,651572
P000078,657025,657298
P000078,658076,658322
P000078,658868,658993
P000078,659368,659605
P000078,660218,660341
P000078,662578,662868
P000078,666384,666611
P000078,673442,673683
P000078,676948,677341
P000078,678961,679077
P000078,679353,679506
P000078,679884,680132
P000078,697592,697881
P000078,698644,698755
P000078,699158,699272
P000078,700005,700122
P000078,700610,701199
P000078,702817,703522
P000078,704952,705064
P000078,705553,706051
P000078,707540,707870
P000078,710934,711049
P000078,711689,711919
P000078,712700,713292
P000078,714970,715202
P000078,716448,716558
P000078,718446,718556
P000078,718966,719314
P000078,719995,720361
P000078,723407,723524
P000078,724001,724118
P000078,724540,724869
P000078,725954,726359
P000078,727316,727509
P000078,728860,729153
P000078,733153,733338
P000078,733847,734050
P000078,734929,735042
P000078,735464,735637
P000078,736160,736268
P000078,736954,737065
P000078,737482,737626
P000078,738211,738499
P000078,745927,746153
P000078,746685,746973
P000078,747933,748186
P000078,748761,749080
P000078,749904,750118
P000078,750711,750829
P000078,752300,752407
P000078,752841,752948
P000078,753250,753365
P000078,753730,753906
P000078,754448,754506
P000078,760326,760433
P000078,760685,760742
P000078,761121,761183
P000078,761414,761533
P000078,761825,761930
P000078,762210,762335
P000078,762657,762761
P000078,763044,763224
P000078,763796,764015
P000078,767547,767664
P000078,768201,768738
P000078,770381,770649
P000078,782317,782428
P000078,782702,783029
P000078,785092,785209
P000078,785685,785865
P000078,786884,786989
P000078,787600,787840
P000078,788824,788951
P000078,791174,791288
P000078,791637,791866
P000078,792705,792816
P000078,793099,793504
P000078,797581,797757
P000078,798171,798286
P000078,798572,798689
P000078,798990,799130
P000078,799474,799585
P000078,799897,800008
P000078,800324,800436
P000078,800721,801077
P000078,801769,802040
P000078,802588,802865
P000078,803377,803659
P000078,804187,804596
P000078,805317,805582
P000078,806013,806179
P000078,813000,813119
P000078,813472,813692
P000078,821348,821468
P000078,821855,821970
P000078,822303,822544
P000078,823042,823387
P000078,824041,824285
P000078,824990,825094
P000078,825395,825512
P000078,825838,826003
P000078,826625,826797
P000078,827995,828095
P000078,829563,829618
P000078,829829,829948
P000078,830518,830646
P000078,830955,831075
P000078,831558,831671
P000078,836465,838537
P000078,838977,841900
P000081,75,184
P000081,1243,1413
P000081,2129,2307
P000081,2988,3161
P000081,3850,4015
P000081,6224,6370
P000081,7344,7495
P000081,8223,8484
P000081,10185,10304
P000081,11310,11573
P000081,13158,13285
P000081,13944,14073
P000081,14580,14706
P000081,15056,15187
P000081,15560,15687
P000081,16050,16176
P000081,16527,16637
P000081,18840,18960
P000081,20607,20723
P000081,27174,27419
P000081,28345,28583
P000081,30035,30269
P000081,31190,31423
P000081,32319,32554
P000081,33803,34036
P000081,35535,35668
P000081,37066,37174
P000081,38145,38255
P000081,38647,38754
P000081,39304,39416
P000081,39915,40023
P000081,40505,40612
P000081,41312,41557
P000081,42469,42722
P000081,43436,43671
P000081,44475,44732
P000081,45469,45717
P000081,46322,46562
P000081,47711,47826
P000081,48773,49276
P000081,51096,51234
P000081,51773,51917
P000081,52468,52593
P000081,53627,53745
P000081,54593,54712
P000081,58364,58485
P000081,58984,59102
P000081,59427,59550
P000081,59844,59963
P000081,60266,60384
P000081,60802,61967
P000081,65649,65805
P000081,66760,67020
P000081,67993,68320
P000081,69546,69694
P000081,70123,70282
P000081,70923,71047
P000081,75306,75435
P000081,76015,76138
P000081,76851,76965
P000081,77590,77708
P000081,78390,78507
P000081,79615,79852
P000081,80427,80575
P000081,81399,82375
P000081,89879,89997
P000081,90402,90549
P000081,91439,91516
P000081,92455,92533
P000081,93184,93262
P000081,93920,93989
P000081,94288,94359
P000081,94806,94879
P000081,95332,95406
P000081,95889,96109
P000081,97936,98088
P000081,98905,99026
P000081,101055,101317
P000081,103354,103576
P000081,105703,105944
P000081,107296,107639
P000081,110439,110698
P000081,111400,111638
P000081,113687,113839
P000081,114678,114981
P000081,115964,116112
P000081,116993,117142
P000081,120347,121007
P000081,127707,127862
P000081,128556,128676
P000081,129096,129515
P000081,130837,132886
P000081,143134,143424
P000081,146815,147090
P000081,149333,149460
P000081,150619,150736
P000081,151755,151936
P000081,154091,154207
P000081,155601,155835
P000081,156602,156710
P000081,157671,158163
P000081,159409,159770
P000081,160492,160922
P000081,162573,162683
P000081,163138,163253
P000081,163919,164032
P000081,164357,164602
P000081,165994,166163
P000081,167681,167853
P000081,168419,168533
P000081,168856,169091
P000081,170213,170448
P000081,175272,175765
P000081,179105,179442
P000081,183056,183513
P000081,186434,186928
P000081,190777,191122
P000081,197181,197763
P000081,202630,203341
P000081,214031,214120
P000081,214964,215801
P000081,224942,225165
P000081,228392,228745
P000081,231352,231591
P000081,233618,233958
P000081,235405,235755
P000081,238188,238549
P000081,240188,240423
P000081,242902,243163
P000081,259245,259821
P000081,275012,275375
P000081,286301,287722
P000081,309841,309958
P000081,312090,312442
P000081,314033,314149
P000081,315193,315541
P000081,316873,317101
P000081,317818,319469
P000081,326602,326831
P000081,328557,328665
P000081,329381,329493
P000081,331067,331305
P000081,333249,333488
P000081,334750,335035
P000081,336716,336837
P000081,337406,337749
P000081,340198,340374
P000081,341519,341686
P000081,342509,342730
P000081,344613,344799
P000081,348122,348235
P000081,355797,355853
P000081,359393,359446
P000081,359557,359669
P000081,361131,361243
P000081,363244,363352
P000081,375599,375717
P000081,377524,377750
P000081,379889,380528
P000081,385558,386891
P000081,394274,394522
P000081,397732,398517
P000081,403218,403363
P000081,405364,405600
P000081,411277,412097
P000081,418686,418792
P000081,419325,419922
P000081,430782,431075
P000081,438061,438644
P000081,440336,440576
P000081,442343,442685
P000081,445784,446569
P000081,451948,452061
P000081,453542,454630
P000081,457290,457575
P000081,458611,460861
P000081,471225,471334
P000083,22254,22328
P000083,24832,24955
P000083,25844,25933
P000083,26689,26987
P000083,40026,40166
P000083,40680,40800
P000083,41492,41582
P000083,42518,42694
P000083,43520,43591
P000083,44076,44226
P000083,44396,44474
P000083,44999,45121
P000083,45576,45721
P000083,46573,46675
P000083,47553,47696
P000083,48754,48994
P000083,50867,51003
P000083,52031,52115
P000083,52869,52933
P000083,53639,53748
P000083,54686,54798
P000083,55595,55880
P000083,57644,57783
P000083,58732,59050
P000083,60727,60841
P000083,61157,61334
P000083,63144,63292
P000083,64050,64204
P000083,65549,65699
P000083,66865,67750
P000083,74563,74710
P000083,75927,76080
P000083,77798,78179
P000083,80695,80811
P000083,81476,81739
P000083,83041,83111
P000083,83518,83698
P000083,84846,84912
P000083,85417,85560
P000083,86449,86527
P000083,89238,89358
P000083,90034,90175
P000083,91010,91300
P000083,91383,91497
P000083,94448,94589
P000083,96883,97018
P000083,101770,101883
P000083,102340,102411
P000083,103170,103285
P000083,104682,104759
P000083,105341,106097
P000083,107211,107357
P000083,109331,109405
P000083,110860,111021
P000083,111902,112061
P000083,113600,113763
P000083,115223,115299
P000083,115916,115996
P000083,116848,116919
P000083,117413,117492
P000083,118948,119024
P000083,119608,119694
P000083,120409,120485
P000083,121361,121506
P000083,122880,123112
P000083,124704,124783
P000083,125290,125463
P000083,129751,129835
P000083,130213,130364
P000083,131726,132229
P000083,134581,134810
P000083,135593,135773
P000083,136451,136642
P000083,137491,137641
P000083,138305,138929
P000083,144896,146168
P000083,153810,153919
P000083,155737,155908
P000083,158923,159079
P000083,161824,161935
P000083,162489,162567
P000083,164452,164551
P000083,165292,165406
P000083,166790,167095
P000083,168832,168908
P000083,169561,169713
P000083,170241,170395
P000083,171641,171824
P000083,173914,173983
P000083,174466,174743
P000083,176702,177053
P000083,180866,181008
P000083,181566,181643
P000083,182111,182299
P000083,182950,183031
P000083,183453,183637
P000083,184936,185639
P000083,189190,189458
P000083,191758,192080
P000083,193418,193534
P000083,194008,194159
P000083,194951,195664
P000083,197850,197967
P000083,198622,198694
P000083,198981,199352
P000083,200686,200842
P000083,201814,201896
P000083,202608,202901
P000083,204012,204175
P000083,204856,205025
P000083,205863,206015
P000083,207005,207178
P000083,208711,208790
P000083,209202,209790
P000083,211354,211456
P000083,212065,212133
P000083,212571,213240
P000083,214950,215176
P000083,215888,215977
P000083,216322,217147
P000083,219763,220153
P000083,221032,221144
P000083,221487,221847
P000083,222715,223326
P000083,224755,225162
P000083,226275,226616
P000083,228397,228577
P000083,229567,229780
P000083,231409,231564
P000083,232123,232263
P000083,233168,233244
P000083,233731,233889
P000083,237259,237337
P000083,237865,237999
P000083,238509,238659
P000083,239041,239223
P000083,239760,240039
P000083,240734,240979
P000083,241722,242045
P000083,243195,243442
P000083,244276,244653
P000083,245906,246123
P000083,246996,247146
P000083,247638,247780
P000083,248617,248694
P000083,249547,249693
P000083,251171,251443
P000083,252454,252647
P000083,253580,253852
P000083,254929,255016
P000083,255506,255841
P000083,257444,257518
P000083,258776,258920
P000083,259962,260042
P000083,260293,260451
P000083,261047,261351
P000083,262473,262918
P000083,264740,264854
P000083,265323,265395
P000083,265806,265997
P000083,267039,267191
P000083,268037,268149
P000083,268997,269271
P000083,270437,270516
P000083,271517,271592
P000083,271913,272144
P000083,273278,273353
P000083,273677,273787
P000083,274367,274444
P000083,274760,274843
P000083,275319,275395
P000083,275751,275985
P000083,277526,277676
P000083,278539,278688
P000083,279235,279382
P000083,279954,280104
P000083,280558,280704
P000083,281382,281542
P000083,282149,282222
P000083,282558,283402
P000083,285445,285593
P000083,286076,286239
P000083,286929,287602
P000083,290094,290853
P000083,293720,293847
P000083,294589,295931
P000083,299752,300045
P000083,301325,301541
P000083,302449,302719
P000083,314250,314449
P000084,639,714
P000084,1207,1324
P000084,2202,2365
P000084,2871,2985
P000084,4045,4202
P000084,6693,6881
P000084,8830,8984
P000084,10885,10957
P000084,12337,12409
P000084,12888,12962
P000084,13564,13646
P000084,14128,14199
P000084,14624,14856
P000084,16590,16740
P000084,17712,17835
P000084,18810,18926
P000084,20764,20839
P000084,21163,21278
P000084,28808,28918
P000084,29198,29508
P000084,30608,30711
P000084,32302,32372
P000084,33126,33212
P000084,35241,35316
P000084,36684,36757
P000084,38561,38714
P000084,40162,40241
P000084,40747,40948
P000084,43972,44039
P000084,45580,45648
P000084,46750,46868
P000084,47539,47610
P000084,48212,48289
P000084,49061,49136
P000084,49463,49552
P000084,52138,52217
P000084,53326,53512
P000084,55291,55406
P000084,56106,56181
P000084,64223,64339
P000084,66365,66549
P000084,67186,67375
P000084,68390,68505
P000084,70494,70724
P000084,75676,75876
P000084,77607,77727
P000084,79287,79357
P000084,79740,79896
P000084,84666,84787
P000084,89285,89364
P000084,90188,90262
P000084,90718,90786
P000084,92067,92224
P000084,93641,93761
P000084,94419,94619
P000084,98988,99100
P000084,104208,104281
P000084,106386,106493
P000084,107963,108041
P000084,108768,108924
P000084,109532,109790
P000084,111230,111363
P000084,111946,112072
P000084,112729,112886
P000084,113629,113709
P000084,114051,114243
P000084,115700,115825
P000084,116739,116965
P000084,118111,118265
P000084,118842,119004
P000084,119829,120056
P000084,121245,121324
P000084,125243,125471
P000084,126782,126852
P000084,128763,128829
P000084,130851,130934
P000084,137147,137251
P000084,140213,140315
P000084,142533,142692
P000084,149737,149817
P000094,74941,75090
P000094,81555,81697
P000094,82367,82515
P000094,83354,83510
P000094,85159,85312
P000094,86073,86222
P000094,88287,88439
P000094,92301,92566
P000094,100052,100381
P000094,102942,103095
P000094,107184,107516
P000094,108273,108564
P000094,111509,111656
P000094,112210,112506
P000094,143198,143373
P000094,143970,144131
P000094,145491,145635
P000094,146047,146203
P000094,147052,147205
P000094,151173,151339
P000094,155931,156086
P000094,158272,158426
P000094,159416,159571
P000094,160608,160754
P000094,161753,161892
P000094,162982,163134
P000094,163867,164021
P000094,164770,164926
P000094,166654,166802
P000094,170694,170840
P000094,172158,172315
P000094,176522,176672
P000094,179356,179517
P000094,180178,180326
P000094,180875,180978
P000094,181436,181592
P000094,181947,182101
P000094,182994,183169
P000094,183770,183924
P000117,2476,9058
P000117,9074,9228
P000117,9357,9532
P000117,10998,11151
P000117,12785,12948
P000117,13587,13740
P000117,14509,14670
P000117,16530,16696
P000117,20460,20624
P000117,21965,22121
P000117,25217,25377
P000117,27964,28123
P000117,30625,30778
P000117,31631,31791
P000117,33048,33215
P000117,36407,36565
P000117,37520,37671
P000117,38673,38832
P000117,39868,40025
P000117,40729,40886
P000117,41599,41755
P000117,42651,42814
P000117,44010,44178
P000117,45213,45372
P000117,47724,47883
P000117,48679,48836
P000117,50390,50545
P000117,51192,51353
P000117,52426,52585
P000117,53549,53711
P000117,55760,55922
P000117,56767,56934
P000117,57942,58098
P000117,59404,59560
P000117,60701,60862
P000117,61465,61613
P000117,63506,63672
P000117,65196,65369
P000117,66335,66507
P000117,67548,67706
P000117,67971,68136
P000117,68797,68961
P000117,69767,69927
P000117,70464,70628
P000117,71576,71728
P000118,777,901
P000118,3650,3727
P000118,4330,4483
P000118,5978,6257
P000118,10144,10228
P000118,12492,12655
P000118,13238,13315
P000118,13697,13933
P000118,17001,17162
P000118,17901,18104
P000118,18484,18640
P000118,19930,20044
P000118,21121,21398
P000118,22916,22994
P000118,23986,24149
P000118,25816,25972
P000118,26572,26696
P000118,26959,27071
P000118,28235,28349
P000118,29019,29180
P000118,30434,30510
P000118,31589,31707
P000118,35086,35200
P000118,36568,36643
P000118,37572,37652
P000118,39189,39258
P000118,40450,40528
P000118,41359,41438
P000118,41893,41974
P000118,42998,43085
P000118,44074,44152
P000118,45470,45547
P000118,46707,46789
P000118,48616,48694
P000118,51211,51288
P000118,53110,53379
P000118,58145,58404
P000118,59243,59358
P000118,59743,59912
P000118,60939,61169
P000118,62603,62723
P000118,63146,63316
P000118,63799,63962
P000118,65214,65372
P000118,66600,66680
P000118,69004,69116
P000118,69898,70018
P000118,71030,71104
P000118,71902,72051
P000118,74816,74895
P000118,74934,75129
P000118,79802,79879
P000123,47857,47970
P000123,58833,58948
P000123,75812,75933
P000123,96689,96811
P000123,96850,97157
P000123,142040,142124
P000123,143710,144075
P000123,194618,194858
P000123,212008,212155
P000123,234089,234263
P000123,238850,238907
P000123,348661,348708
P000123,358186,358333
P000123,363127,363187
P000123,370555,370611
P000123,381004,381245
P000123,393599,393646
P000127,20853,20909
P000127,21623,21711
P000127,23892,23984
P000127,67817,68151
P000127,153568,153659
P000127,155582,155649
P000127,156570,156888
P000127,157326,157521
P000127,160202,160286
P000127,165460,165620
P000127,171132,171443
P000127,177146,177365
P000127,179046,180368
P000127,189638,189858
P000127,193096,193250
P000127,204016,204473
P000127,210138,210194
P000127,210401,210455
P000128,408,530
P000128,1067,1282
P000128,1295,1446
P000128,1458,1682
P000128,2267,4359
P000128,4677,5126
P000128,5138,5379
P000128,5481,5741
P000128,6300,6379
P000128,6400,6475
P000128,6866,7016
P000128,7336,7481
P000128,7571,7726
P000128,7801,8068
P000128,8512,8621
P000128,8692,8844
P000128,8920,9068
P000128,9140,9285
P000128,9355,10304
P000128,10489,10875
P000128,10900,11253
P000128,11295,12085
P000128,12118,12264
P000128,12608,12834
P000128,12889,13037
P000128,13092,13320
P000128,13373,13521
P000128,13632,13736
P000128,15218,15297
P000128,15601,15676
P000128,16515,16665
P000128,17962,18107
P000128,19497,19652
P000128,22211,22443
P000128,25898,26042
P000128,27925,28077
P000128,30319,30467
P000128,32128,32273
P000128,33961,34910
P000128,59099,59485
P000128,61496,61849
P000128,64038,64829
P000128,68230,68376
P000128,70265,70491
P000128,71858,72006
P000128,74290,74518
P000128,75428,75576
P000128,76120,76224
P000128,80626,81000
P000128,81651,81730
P000128,82035,82110
P000128,83007,83157
P000128,84284,84429
P000128,85501,85655
P000128,87135,87366
P000128,88918,89062
P000128,90190,90342
P000128,91164,91312
P000128,92072,92217
P000128,93294,93531
P000128,94513,94590
P000128,95833,95909
P000128,96312,96386
P000128,96711,96786
P000128,97105,97184
P000128,97430,97581
P000128,98533,98730
P000128,102317,102721
P000128,104514,104867
P000128,106657,107479
P000128,110908,111054
P000128,112258,112484
P000128,113135,113283
P000128,113952,114180
P000128,115089,115237
P000128,115786,115890
P000129,5530,6181
P000129,21056,21408
P000129,24200,24886
P000129,32972,33089
P000129,34350,35702
P000129,42102,42465
P000129,43774,43946
P000129,44486,44662
P000129,45268,45790
P000129,48295,48512
P000129,49518,49729
P000129,51193,51403
P000129,52784,53023
P000129,55435,55593
P000129,57637,57754
P000129,58219,58335
P000129,59896,60011
P000129,60708,60821
P000129,64145,64260
P000129,65005,65124
P000129,66153,66273
P000129,66755,66874
P000129,68324,68440
P000129,69582,69709
P000129,70890,71026
P000129,72711,73129
P000129,74433,74548
P000129,75675,75787
P000129,76697,77157
P000129,80300,80432
P000129,81283,82088
P000129,86551,87261
P000129,96540,96696
P000129,98656,98809
P000129,99947,100080
P000129,100865,101021
P000129,101946,102098
P000129,103591,103744
P000129,105044,105188
P000129,106489,106641
P000129,108133,108280
P000129,109344,109672
P000129,110860,111169
P000129,113178,113323
P000129,116302,116594
P000129,118346,118501
P000129,119857,120034
P000129,120830,120982
P000129,122099,122248
P000129,130548,130687
P000129,133330,133780
P000129,137556,138306
P000129,142523,142671
P000129,144288,144427
P000129,145482,145627
P000129,146343,146954
P000129,150013,150166
P000129,151022,151171
P000129,152728,152875
P000129,154314,154457
P000129,155198,155353
P000129,156384,156539
P000129,157128,157283
P000129,157774,157936
P000129,158637,158791
P000129,159543,159695
P000129,160362,160517
P000129,161416,161571
P000129,162334,162480
P000129,163509,163665
P000129,164226,164370
P000129,166127,166291
P000129,167135,167437
P000129,168873,169029
P000129,169874,170028
P000129,171118,171265
P000129,171947,172100
P000129,172579,172726
P000129,173477,173624
P000129,174205,174363
P000129,175806,176043
P000129,176841,177004
P000129,178795,178907
P000129,180701,180826
P000129,181422,181671
P000129,182706,182824
P000129,183536,183645
P000129,184730,184920
P000129,185727,185913
P000129,186575,186704
P000129,187090,187327
P000129,189425,189583
P000129,190589,190748
P000129,192590,192741
P000129,193927,194153
P000129,195424,195893
P000129,198144,198254
P000129,198992,199111
P000129,199739,199859
P000129,200838,200944
P000129,202323,202448
P000129,203487,203552
P000129,203764,203822
P000129,203998,204053
P000129,204285,204340
P000129,204804,205042
P000129,206065,206184
P000129,206598,206711
P000129,207039,207153
P000129,207678,207806
P000129,208219,208332
P000129,209151,209264
P000129,209835,209949
P000129,210599,210948
P000129,212861,213797
P000129,215176,215284
P000129,218538,218726
P000129,219790,220007
P000129,220993,221211
P000129,222624,222866
P000129,223309,223521
P000129,223991,224166
P000129,224713,224948
P000129,225673,226154
P000129,230617,230743
P000129,231932,232054
P000129,232799,232927
P000129,233781,234018
P000129,235373,235612
P000129,237011,237115
P000129,237693,237936
P000129,239266,239492
P000129,240107,240340
P000129,241136,241374
P000129,242555,242676
P000129,243772,243896
P000129,248208,248423
P000129,250303,250533
P000129,251650,252222
P000129,255005,255162
P000129,255746,255868
P000129,260193,260503
P000129,264147,264482
P000129,269103,269324
P000129,271255,271376
P000129,271830,272265
P000129,274624,274739
P000129,276157,276385
P000129,277188,277368
P000129,278517,279030
P000129,279753,279880
P000129,288413,288771
P000129,291697,292284
P000129,310741,311169
P000129,312999,315001
P000129,326313,326423
P000129,327904,328145
P000129,330132,330355
P000129,331630,332554
P000129,344313,345115
P000129,351036,351262
P000129,354371,354508
P000129,357443,358294
P000129,366525,366701
P000129,371169,372671
P000129,396045,396336
P000129,398758,398881
P000129,400672,400849
P000129,405095,405286
P000129,406377,406658
P000129,408090,408576
P000129,412990,413107
P000129,413750,413990
P000129,415410,415702
P000129,418310,418828
P000129,429727,430001
P000129,432233,432470
P000129,434795,434902
P000129,435888,436475
P000129,441111,441277
P000129,442107,442814
P000129,447271,447745
P000129,450746,451474
P000129,456733,457273
P000129,459609,460141
P000129,462322,462897
P000129,465708,465860
P000129,466569,466932
P000129,468659,469469
P000129,475967,477412
P000129,484311,485938
P000129,492228,492969
P000129,495942,496523
P000129,498341,499253
P000132,718,948
P000132,3528,3654
P000132,4228,4463
P000132,6095,6250
P000132,7853,7927
P000132,8624,8788
P000132,10324,10396
P000132,11929,12054
P000132,13813,13887
P000132,21348,21431
P000132,22342,22419
P000132,23435,23599
P000132,26228,26351
P000132,27470,27544
P000132,28433,28519
P000132,31426,31702
P000132,37129,37201
P000132,37464,37630
P000132,44617,44739
P000132,46557,46674
P000132,47585,47742
P000132,50800,50912
P000132,51252,51402
P000132,52902,53055
P000132,54974,55136
P000132,56967,57249
P000132,58457,58699
P000132,60496,60619
P000132,62137,62376
P000132,63834,63921
P000132,64979,65093
P000132,66458,66532
P000132,67334,67443
P000132,68311,68370
P000132,68678,68785
P000132,69154,69306
P000132,71727,71844
P000132,72461,72580
P000132,73935,74248
P000132,78113,78187
P000132,78782,79008
P000132,80435,80592
P000132,81655,81843
P000132,82616,82728
P000132,83218,83297
P000132,87923,88077
P000132,89888,89962
P000132,90714,90784
P000132,91985,92063
P000132,99583,99661
P000132,100318,100635
P000132,102576,102665
P000132,104460,104730
P000132,107233,107313
P000132,109827,109889
P000132,111962,112060
P000132,112669,112731
P000132,113114,113165
P000132,113504,113573
P000132,114007,114087
P000132,114529,114653
P000132,115221,115301
P000132,119266,119379
P000132,122593,122677
P000132,122982,123055
P000132,124438,124521
P000132,125196,125281
P000132,125898,125980
P000132,126314,126430
P000132,128649,128728
P000132,129453,129538
P000132,129940,130113
P000132,135212,135337
P000132,136683,136851
P000132,140756,140873
P000132,143102,143184
P000132,144995,145072
P000132,146897,146981
P000132,148400,148524
P000132,152104,152181
P000132,152942,153024
P000132,154905,154993
P000132,155898,156104
P000141,562,634
P000141,4144,4264
P000141,5482,5564
P000141,8297,8367
P000141,10512,10594
P000141,13303,13424
P000141,14336,14416
P000141,15484,15558
P000141,18616,18733
P000141,20086,20293
P000141,24910,24979
P000141,26258,26334
P000141,26641,26717
P000141,27662,27733
P000141,28214,28338
P000141,30145,30305
P000141,31147,31228
P000141,33431,33578
P000141,34598,34666
P000141,35448,35634
P000141,38949,39027
P000141,42435,42507
P000141,44592,44668
P000141,45233,45344
P000141,45670,45830
P000141,46149,46306
P000141,46980,47101
P000141,47602,47689
P000141,48305,48386
P000141,48954,49190
P000141,51079,51281
P000141,51984,52182
P000141,53685,53758
P000141,54198,54312
P000141,57272,57385
P000141,58616,58775
P000141,59392,59545
P000141,62410,62492
P000141,63373,63638
P000141,64574,64685
P000141,65640,65857
P000141,67568,67674
P000141,69874,70033
P000141,71295,71372
P000141,71853,71999
P000141,72852,73005
P000141,73604,73760
P000141,74525,74596
P000141,75052,75176
P000141,75545,75654
P000141,76391,76514
P000141,77296,77489
P000141,78689,78765
P000141,79445,79569
P000141,80192,80340
P000141,81254,81364
P000141,82124,82302
P000141,83390,83670
P000141,84415,84485
P000141,84862,85072
P000144,9870,10261
P000144,12327,12443
P000144,17994,18203
P000144,21128,21427
P000144,25572,25751
P000144,26823,27030
P000144,28228,28434
P000144,29620,29824
P000144,31456,31569
P000144,32350,32557
P000144,33732,33792
P000144,35250,35358
P000144,37519,37583
P000144,38759,38816
P000144,39950,40127
P000144,42089,42270
P000144,43337,43481
P000144,44965,45116
P000144,46626,46687
P000144,48967,49304
P000144,55609,55754
P000144,56213,56419
P000144,58665,58722
P000144,59335,59431
P000144,60904,61058
P000144,61755,61974
P000144,63475,63738
P000144,65707,65947
P000144,67269,67540
P000144,70292,70542
P000144,71501,71622
P000144,74789,75064
P000144,78415,78545
P000144,88434,88815
P000144,91852,92147
P000144,93995,94065
P000144,94084,94109
P000144,95743,95853
P000144,96406,96465
P000144,96710,96885
P000144,97270,97354
P000144,97780,97891
P000144,97945,98027
P000144,98557,98606
P000144,99683,99838
P000144,100843,100961
P000144,101786,101985
P000144,104212,104447
P000144,107618,107738
P000144,107830,107939
P000144,108498,108681
P000144,109618,109720
P000144,110517,110820
P000144,112161,112479
P000144,113249,113433
P000144,114056,114342
P000144,115934,115995
P000144,116565,116762
P000144,120080,120165
P000144,121570,121744
P000144,122308,122460
P000144,123396,123522
P000144,124822,124978
P000144,126989,127297
P000144,128738,128892
P000144,130379,130564
P000144,131814,131937
P000144,132805,132894
P000144,134568,134674
P000144,135373,135520
P000144,136602,136700
P000144,137336,137426
P000144,137956,138131
P000144,138918,139042
P000144,140551,140738
P000144,141860,141984
P000144,142511,142627
P000144,143093,143179
P000144,143741,143809
P000144,144677,144796
P000144,144851,144916
P000144,145689,145756
P000144,146416,146668
P000144,146709,146771
P000144,147278,147332
P000144,147593,147650
P000144,147693,147755
P000144,148571,148705
P000144,149386,149633
P000144,150292,150414
P000144,151019,151144
P000144,152427,152524
P000144,153117,153180
P000144,154243,154371
P000144,161417,161767
P000144,161785,161937
P000144,166030,166159
P000144,166281,166573
P000144,167223,167406
P000144,168048,168277
P000144,169147,169250
P000144,169313,169472
P000144,169540,169601
P000144,170131,170294
P000144,173280,173735
P000144,182325,182483
P000144,206950,207068
P000144,227532,227841
P000144,229433,229557
P000144,229858,230205
P000144,230257,230378
P000144,241679,243400
P000144,246626,247749
P000145,4997,5952
P000145,12760,12818
P000145,50384,50510
P000145,50964,51078
P000145,51376,51462
P000145,52627,52718
P000145,65951,66071
P000145,73880,74366
P000145,79914,80035
P000145,81957,82035
P000145,82231,82325
P000145,82483,82595
P000145,82663,82748
P000145,89757,89865
P000145,89888,90023
P000145,97720,97802
P000145,107368,108226
P000145,108479,108748
P000145,108798,108966
P000145,109364,109476
P000145,115616,115731
P000145,122716,122839
P000145,122851,122964
P000145,123283,123382
P000145,125820,125970
P000145,126912,127008
P000145,128098,128211
P000145,132481,132599
P000145,136976,137063
P000145,137958,138254
P000145,145595,145721
P000145,153937,154069
P000145,154545,154660
P000145,155021,155146
P000145,156109,156225
P000145,156575,156697
P000145,156900,157011
P000145,158747,158927
P000145,159251,159342
P000145,160133,160247
P000145,162452,162546
P000145,162925,163038
P000145,168884,169008
P000145,171294,171405
P000145,181154,181275
P000145,182658,183053
P000145,183858,184299
P000145,184797,185142
P000145,185153,185274
P000145,189505,189670
P000145,192727,192803
P000145,200210,200508
P000145,200596,200719
P000145,202174,202290
P000145,202368,202479
P000145,204766,205053
P000145,205078,205351
P000145,206895,207113
P000145,207621,207734
P000145,217618,217709
P000145,217739,217824
P000145,217891,218152
P000145,218238,218348
P000145,218473,218596
P000145,219174,219294
P000145,219410,219526
P000145,219537,219648
P000145,219677,219898
P000145,220115,220370
P000145,220443,220677
P000145,220755,220876
P000145,221029,221158
P000145,221219,221337
P000145,221566,221682
P000145,222426,222697
P000145,222934,223149
P000145,223335,223448
P000145,224217,224338
P000145,227145,227544
P000145,229987,230272
P000145,234341,234449
P000145,234549,234641
P000145,234653,234768
P000145,234888,235021
P000145,235159,235271
P000145,235683,235808
P000145,235861,236104
P000145,238962,239077
P000145,243203,243328
P000145,243516,243667
P000145,243717,243834
P000145,244021,244166
P000145,244367,244665
P000145,244877,245113
P000145,245370,245590
P000145,245784,246011
P000145,246276,246510
P000145,246723,246957
P000145,247159,247267
P000145,247477,247678
P000151,1325,3385
P000151,6037,6153
P000151,24351,25321
P000151,25355,25546
P000151,25596,25825
P000151,25937,26158
P000151,26194,26504
P000151,27386,27472
P000151,27919,27995
P000151,28418,28547
P000151,30261,30341
P000151,30906,31214
P000151,34607,34698
P000151,36758,37036
P000151,37087,37142
P000151,37172,37264
P000151,37689,37884
P000151,39608,39747
P000151,39769,39902
P000151,42220,42351
P000151,42685,43153
P000151,47737,48211
P000151,48767,49050
P000151,49444,49589
P000151,50379,51892
P000151,51932,52154
P000151,52185,52444
P000151,53396,53627
P000151,54744,55021
P000151,55266,55377
P000151,55517,55747
P000151,56856,56927
P000151,58927,59043
P000151,72694,72780
P000151,74378,74448
P000151,77686,77742
P000151,78125,78364
P000151,80289,80513
P000151,84293,84632
P000151,86050,86305
P000151,96830,97022
P000151,97802,97998
P000151,98094,98214
P000151,98575,98713
P000151,99032,99316
P000151,100409,100648
P000151,107300,109718
P000151,110779,110849
P000151,111034,111545
P000151,112255,112335
P000151,113846,113944
P000151,114753,114882
P000151,115027,115547
P000151,130138,130259
P000151,130557,130641
P000151,130662,130753
P000151,130833,130894
P000151,131155,131318
P000151,131854,132024
P000151,133065,133224
P000151,133680,133849
P000151,134231,134391
P000151,134606,134759
P000151,134944,135025
P000151,136081,136157
P000151,148907,149032
P000151,149122,149243
P000151,152427,152564
P000151,152798,153049
P000151,154264,154388
P000151,155222,155470
P000151,155778,156135
P000151,156210,156342
P000151,156577,156700
P000151,157060,157434
P000151,157900,158021
P000151,158098,158258
P000151,158611,158762
P000151,159016,159484
P000151,170522,170831
P000151,171306,171466
P000151,172042,172954
P000151,173361,173678
P000151,173843,175654
P000151,179407,179534
P000151,181135,181272
P000151,182776,183042
P000151,184848,184972
P000151,197875,198006
P000151,198863,198924
P000151,204390,205011
P000151,205805,206048
P000151,206157,206763
P000151,207067,208080
P000151,208384,209271
P000151,210749,211475
P000151,211779,212503
P000151,214898,215319
P000151,215591,215722
P000151,216670,216795
P000151,217887,218360
P000151,220187,220736
P000151,222520,223476
P000151,231219,231481
P000151,231885,232395
P000151,233685,234009
P000151,234603,234729
P000151,235042,235267
P000151,235589,236239
P000151,236278,236430
P000151,238131,238463
P000151,244769,245166
P000151,246487,246801
P000151,254834,254953
P000151,256572,256823
P000151,257458,257698
P000151,258355,258593
P000151,258966,259204
P000151,259471,259714
P000151,260008,260379
P000151,260590,260713
P000151,261071,261138
P000151,261170,261263
P000151,261442,261875
P000151,266613,266706
P000151,275705,275867
P000151,279062,281018
P000151,299943,300564
P000151,302033,302146
P000151,313457,313594
P000151,319033,319123
P000151,447870,447935
P000151,447974,448033
P000151,448514,448762
P000151,449047,449528
P000151,451750,452109
P000151,453265,453450
P000151,454085,455126
P000151,457428,458249
P000151,461059,461366
P000151,463087,463332
P000151,463512,463631
P000151,463834,463967
P000151,464092,464398
P000151,464605,464798
P000151,465025,465400
P000151,465656,465817
P000151,465844,465988
P000151,466028,466217
P000151,466257,466573
P000151,466922,467227
P000151,467355,467609
P000151,469340,469483
P000151,471565,471813
P000151,472645,473264
P000151,474289,474663
P000151,476859,477107
P000151,477134,477255
P000151,478647,479019
P000151,482081,482209
P000151,482635,482764
P000151,483062,483189
P000151,483927,484565
P000151,486684,486806
P000151,488370,488499
P000151,488644,488765
P000151,488915,489044
P000151,489151,489285
P000151,489449,489591
P000151,489730,490335
P000151,493210,493939
P000151,498334,498578
P000151,499000,499370
P000151,502088,502204
P000151,502560,502686
P000151,503079,503214
P000151,503267,503388
P000151,503438,504061
P000151,504798,504925
P000151,506091,506202
P000151,506428,506679
P000153,472,587
P000153,5732,5915
P000153,7257,7421
P000153,8272,8431
P000153,9217,9370
P000153,11853,12124
P000153,12919,13043
P000153,14601,14785
P000153,18286,18410
P000153,18963,19244
P000153,20676,20820
P000153,21615,21816
P000153,22219,22295
P000153,22773,22851
P000153,23146,23223
P000153,24517,24674
P000153,25550,25710
P000153,26396,26478
P000153,26678,26798
P000153,27057,27139
P000153,27622,27702
P000153,28458,28529
P000153,28911,29145
P000153,31202,31310
P000153,33671,33744
P000153,34304,34463
P000153,37132,37209
P000153,37748,37865
P000153,40255,40329
P000153,41577,41660
P000153,42045,42125
P000153,44330,44415
P000153,45081,45238
P000153,45709,45782
P000153,46244,46361
P000153,46788,46938
P000153,47715,47782
P000153,48423,48498
P000153,50622,50854
P000153,53078,53229
P000153,55698,55826
P000153,60843,60915
P000153,62347,62466
P000153,63712,63821
P000153,64232,64309
P000153,64496,64607
P000153,64825,64905
P000153,65649,65732
P000153,66976,67095
P000153,67679,67758
P000153,68905,69018
P000153,69666,69814
P000153,70867,70944
P000153,71178,71258
P000153,72110,72287
P000153,72804,73030
P000153,73868,74029
P000153,74729,74840
P000153,75912,75991
P000153,77904,78023
P000153,79911,79987
P000153,80990,81104
P000153,81580,81732
P000153,84944,85022
P000153,89865,89943
P000153,90614,90768
P000153,91458,91729
P000153,92403,92628
P000153,93381,93486
P000153,94642,94714
P000153,95967,96054
P000153,96406,96513
P000153,98068,98283
P000153,99463,99548
P000153,106206,106339
P000153,106794,107036
P000153,109285,109540
P000153,110379,110455
P000153,110934,111011
P000153,111979,112151
P000153,113540,113752
P000153,117987,118189
P000153,120398,120572
P000153,123723,123845
P000153,124671,124786
P000153,126277,126516
P000153,128499,128578
P000153,129026,129227
P000153,130447,130532
P000153,139226,139354
P000153,143534,143620
P000153,144292,144376
P000153,145395,145475
P000153,149182,149263
P000153,153941,154135
P000153,156949,157118
P000153,158150,158304
P000153,158984,159149
P000153,160207,160549
P000153,161380,161549
P000153,162399,162561
P000153,163443,163497
P000161,120916,120977
P000161,133548,133833
P000161,137657,137718
P000161,139544,139840
P000161,142077,142218
P000161,143075,143230
P000161,145321,145610
P000161,147839,147984
P000161,149962,150138
P000161,150866,151013
P000161,152053,152203
P000161,152791,152861
P000161,153317,153521
P000161,155127,155269
P000161,155940,156099
P000161,156176,156322
P000161,158078,158231
P000161,158751,158907
P000161,159619,159689
P000161,160404,160613
P000161,162015,162151
P000161,162884,163029
P000161,163468,163614
P000161,164025,164172
P000161,164569,164719
P000161,165125,165342
P000161,165915,165984
P000161,166399,166702
P000161,167739,167881
P000161,168812,168969
P000161,169565,169746
P000161,170331,170467
P000161,170902,171124
P000161,172489,172548
P000161,172868,172951
P000161,173401,173543
P000161,173896,173996
P000161,175209,175324
P000161,177419,177781
P000161,179995,180174
P000161,181841,182016
P000161,183439,183620
P000161,184743,184918
P000161,185438,185703
P000161,186818,187084
P000161,188516,188692
P000161,189208,189415
P000161,189915,190099
P000161,190651,190835
P000161,191679,191867
P000161,192328,192508
P000161,193122,193301
P000161,194044,194230
P000161,194801,194980
P000161,195294,195476
P000161,195950,196133
P000161,196651,196998
P000161,198083,198256
P000161,198987,199065
P000161,199286,199372
P000161,199717,199940
P000161,200360,200733
P000161,201539,201681
P000161,201748,201877
P000161,202314,202496
P000161,203036,203213
P000161,203985,204193
P000161,204844,204930
P000161,205467,205551
P000161,206016,206198
P000161,207144,207403
P000161,207941,208202
P000161,208672,208852
P000161,209215,209380
P000161,210020,210199
P000161,210700,210876
P000161,211654,212667
P000161,213238,213499
P000161,214580,214779
P000161,215493,215675
P000161,216741,216826
P000161,217737,217906
P000161,218562,218645
P000161,220415,220588
P000161,221261,221440
P000161,221851,222033
P000161,222615,222798
P000161,223340,223524
P000161,224000,224090
P000161,224580,224698
P000161,225106,225190
P000161,226033,226127
P000161,226763,226954
P000161,228343,228514
P000161,229274,229460
P000161,230313,230404
P000161,230967,231051
P000161,231422,231598
P000161,232549,232642
P000161,232957,233046
P000161,234019,234414
P000161,235527,235640
P000161,236221,236400
P000161,237400,237579
P000161,238548,238883
P000161,240562,240653
P000161,240927,241283
P000161,242117,242200
P000161,242552,242792
P000161,243437,243588
P000161,246390,246557
P000161,249553,249832
P000161,252017,252420
P000161,254667,254730
P000161,255426,255726
P000161,256978,257158
P000161,258350,258533
P000161,260258,260477
P000161,263864,263937
P000161,265387,265572
P000161,266234,266383
P000161,267855,267929
P000161,268484,268557
P000161,269486,269730
P000161,270861,271041
P000161,271902,272059
P000161,273518,273748
P000161,274598,274696
P000161,275399,275725
P000161,277409,277798
P000161,287498,287623
P000161,289031,289275
P000161,291571,291810
P000161,293417,293503
P000161,293839,293949
P000161,294627,294743
P000161,296076,296305
P000161,297961,298210
P000161,299816,299979
P000161,300814,300959
P000161,303112,303258
P000161,303817,303941
P000161,304555,304629
P000161,305804,306029
P000161,307038,307205
P000161,308920,309071
P000161,309557,309613
P000161,309823,309877
P000161,310327,310469
P000161,311323,311390
P000161,312025,312097
P000161,312513,312847
P000161,314143,314199
P000161,315361,315673
P000161,316159,316424
P000161,316909,317015
P000161,317465,317656
P000161,318728,318872
P000161,320970,321339
P000161,322231,322378
P000161,323511,323656
P000161,324203,324347
P000161,325149,325380
P000161,326014,326099
P000161,326597,326813
P000161,328032,328105
P000161,328401,328554
P000161,329340,329577
P000161,330343,330580
P000161,332359,332685
P000161,334300,334445
P000161,335252,335400
P000161,336451,336599
P000161,338411,338556
P000161,339548,339669
P000161,340144,340282
P000161,341256,341323
P000161,341599,341668
P000161,342106,342255
P000161,343237,343297
P000161,343769,343977
P000161,345267,345355
P000161,346313,346444
P000161,346879,346996
P000161,347949,348091
P000161,349421,349565
P000161,350191,350253
P000161,351208,351362
P000161,352021,352166
P000161,352899,353048
P000161,354122,354198
P000161,355077,355378
P000161,356987,357254
P000161,358430,358562
P000161,359548,359689
P000161,360782,360933
P000161,361688,361809
P000161,363952,364205
P000161,365065,365341
P000161,366317,366482
P000161,367210,367330
P000161,367931,367987
P000161,368316,368559
P000161,369916,370329
P000161,371303,371423
P000161,371992,372128
P000161,372714,372845
P000161,373686,373840
P000161,374410,374684
P000161,375846,375989
P000161,376731,376941
P000161,377865,377921
P000161,378173,378393
P000161,379306,379416
P000161,380142,380284
P000161,380785,380885
P000161,381616,381758
P000161,382462,382754
P000161,384670,384816
P000161,385505,385628
P000161,386382,386672
P000161,436465,436631
P000161,438155,438294
P000161,439459,439738
P000161,441059,441211
P000161,442213,442462
P000161,444065,444128
P000161,444872,445018
P000161,447103,447220
P000161,448275,448457
P000161,449370,449560
P000161,450035,450185
P000161,450705,450854
P000161,451518,451813
P000161,453293,453446
P000161,453979,454060
P000161,454314,454477
P000161,454901,455089
P000161,455724,455884
P000161,456279,456609
P000161,457679,457855
P000161,458348,458503
P000161,458944,459206
P000161,460204,460460
P000161,461618,461806
P000161,462653,462878
P000161,463796,463965
P000161,464664,464980
P000161,465817,466150
P000161,466701,466951
P000161,467477,467789
P000161,468478,468626
P000161,469303,469431
P000161,469747,469896
P000161,470708,470861
P000161,471249,471419
P000161,472123,472467
P000161,473347,473559
P000161,474150,474274
P000161,474495,474648
P000161,475226,475340
P000161,475634,475867
P000161,476410,476561
P000161,477148,477221
P000161,477388,477622
P000161,478689,478881
P000161,479488,479633
P000161,480356,480496
P000161,480729,480884
P000161,481673,481820
P000161,482302,482450
P000161,482935,483083
P000161,483525,483729
P000161,484076,484407
P000161,485507,485580
P000161,485777,486012
P000161,486471,486630
P000161,487119,487317
P000161,488114,488275
P000161,488712,488923
P000161,489416,489489
P000161,489716,489938
P000161,490484,490746
P000161,491523,491684
P000161,492068,492207
P000161,492442,492585
P000161,493310,493460
P000161,494041,494171
P000161,494385,494529
P000161,495068,495194
P000161,495463,495598
P000161,495850,495971
P000161,496131,496274
P000161,496859,497006
P000161,497278,497344
P000161,497627,497782
P000161,498240,498384
P000161,498756,498906
P000161,499577,499742
P000161,500220,500367
P000161,500605,500678
P000161,500909,501056
P000161,501444,501701
P000161,502254,502471
P000161,503092,503170
P000161,503357,503480
P000161,503951,504097
P000161,504583,504653
P000161,505158,505355
P000161,505993,506116
P000161,506402,506631
P000161,507220,507343
P000161,508736,508980
P000161,510746,510900
P000161,511377,511512
P000161,511930,512058
P000161,512415,512539
P000161,513024,513163
P000161,513395,513528
P000161,513986,514141
P000161,514432,514552
P000161,514952,515106
P000161,515535,515679
P000161,516016,516289
P000161,516764,516984
P000161,517307,517420
P000161,518042,518286
P000161,518722,518868
P000161,519212,519359
P000161,519753,519900
P000161,520412,520539
P000161,520651,520800
P000161,521184,521310
P000161,521728,521883
P000161,522364,522503
P000162,5299,5449
P000162,7331,7507
P000162,8247,8408
P000162,10595,10726
P000162,13022,13171
P000162,15494,15649
P000162,26013,26166
P000162,29795,29958
P000162,38749,38918
P000162,50400,50555
P000162,57714,57868
P000162,64420,64573
P000162,76547,76693
P000162,85336,85475
P000162,97296,97448
P000162,108809,108962
P000162,119267,119424
P000162,131707,131854
P000162,141318,141464
P000162,142741,142864
P000162,151930,152087
P000162,157103,157252
P000162,160895,161056
P000162,169863,170011
P000162,175491,175649
P000162,185520,185694
P000162,192862,193018
P000164,18269,18567
P000164,25677,26219
P000164,45813,45933
P000164,46602,46692
P000164,47566,47740
P000164,48565,48636
P000164,49114,49265
P000164,57386,57530
P000164,61502,61603
P000164,62903,63047
P000164,64083,64323
P000164,66632,66765
P000164,68490,68574
P000164,69377,69442
P000164,70749,70858
P000164,72528,72640
P000164,73418,73701
P000164,77112,77251
P000164,78344,78664
P000164,81085,81264
P000164,83825,83973
P000164,84980,85134
P000164,88882,89032
P000164,93456,94338
P000164,103840,103986
P000164,105505,105657
P000164,107625,108007
P000164,113796,114059
P000164,116516,116584
P000164,117223,117404
P000164,118678,118744
P000164,119859,120079
P000164,127800,127920
P000164,128751,128893
P000164,129712,130004
P000164,133404,133547
P000164,139956,140091
P000164,148034,148103
P000164,152584,152693
P000164,153172,153248
P000164,153998,154752
P000164,154841,154915
P000164,157100,157259
P000164,159982,160136
P000164,163363,163525
P000164,166744,166899
P000164,168660,168735
P000164,169433,169509
P000164,170446,170528
P000164,170876,170931
P000164,171200,171267
P000164,171961,172038
P000164,174641,174715
P000164,175373,175454
P000164,176597,176671
P000164,177929,178074
P000164,179961,180188
P000164,184101,184176
P000164,184918,185088
P000164,195219,195298
P000164,195834,195983
P000164,198154,198656
P000164,202044,202267
P000164,203129,203305
P000164,203985,204172
P000164,205095,205242
P000164,205900,206519
P000164,214154,215419
P000164,227783,227892
P000164,230352,230518
P000164,235207,235359
P000164,240785,240895
P000164,241532,241606
P000164,243724,243822
P000164,247619,247731
P000164,250380,250682
P000164,252568,252642
P000164,253311,253461
P000164,254856,255010
P000164,256478,256657
P000164,260478,260543
P000164,261168,261447
P000164,264282,264628
P000164,268577,268720
P000164,269337,269413
P000164,269877,270064
P000164,272062,272138
P000164,273054,273234
P000164,274941,275638
P000164,280388,280651
P000164,283609,283926
P000164,285288,285401
P000164,285908,286060
P000164,297057,297767
P000164,300423,300537
P000164,301932,302004
P000164,302272,302638
P000164,305042,305194
P000164,306418,306498
P000164,309543,309839
P000164,312005,312166
P000164,312837,313006
P000164,315212,315361
P000164,316816,316984
P000164,319387,319463
P000164,320229,320821
P000164,322621,322721
P000164,323561,323629
P000164,324014,324678
P000164,327438,327664
P000164,328401,328482
P000164,328902,329724
P000164,332543,332929
P000164,333970,334079
P000164,334517,334874
P000164,335849,336458
P000164,338298,338698
P000164,340047,340386
P000164,342509,342687
P000164,344428,344640
P000164,347464,347615
P000164,348672,348811
P000164,350458,350530
P000164,351820,351979
P000164,355959,356031
P000164,356565,356699
P000164,357541,357686
P000164,358277,358456
P000164,359126,359405
P000164,360807,361048
P000164,362130,362450
P000164,363966,364210
P000164,365261,365637
P000164,367135,367350
P000164,368817,368965
P000164,370106,370244
P000164,371789,371860
P000164,373609,373752
P000164,376132,376402
P000164,379525,379719
P000164,380843,381112
P000164,382254,382336
P000164,382949,383278
P000164,385259,385331
P000164,386961,387104
P000164,388567,388642
P000164,389205,389359
P000164,389985,390287
P000164,392000,392444
P000164,396215,396324
P000164,397179,397252
P000164,398182,398370
P000164,400103,400250
P000164,401099,401205
P000164,402407,402678
P000164,404252,404330
P000164,405813,405887
P000164,406531,406756
P000164,408106,408179
P000164,408563,408673
P000164,409704,409775
P000164,410344,410425
P000164,411325,411397
P000164,412249,412482
P000164,415448,415594
P000164,416525,416673
P000164,417259,417404
P000164,418338,418489
P000164,419010,419157
P000164,419950,420109
P000164,420921,420992
P000164,421361,422207
P000164,425287,425437
P000164,426189,426349
P000164,427522,428190
P000164,432165,432919
P000164,438635,438740
P000164,440772,442117
P000164,446858,447149
P000164,448860,449073
P000164,450183,450451
P000164,461836,462012
P000164,462383,463591
P000175,29902,30013
P000175,30539,30595
P000175,30877,30941
P000175,31948,32020
P000175,32293,32577
P000175,34913,35026
P000175,36086,36372
P000175,37570,37633
P000175,38208,38508
P000175,40681,40824
P000175,43176,43324
P000175,44272,44420
P000175,45643,45712
P000175,47228,47301
P000175,48357,48507
P000175,50407,50481
P000175,51138,51210
P000175,51886,51965
P000175,52340,52503
P000175,53360,53540
P000175,54617,54737
P000175,55578,55650
P000175,56032,56109
P000175,56757,56838
P000175,57504,57603
P000175,58283,58463
P000175,61208,61361
P000175,62933,63083
P000175,66115,66355
P000175,67590,67719
P000175,70302,70488
P000175,71908,72136
P000175,73174,73339
P000175,74392,74502
P000175,75830,75949
P000175,76817,77007
P000175,78033,78289
P000175,78951,79118
P000175,80021,80169
P000175,80886,81038
P000175,81714,81839
P000175,83133,83211
P000175,84050,84122
P000175,84718,84830
P000175,85473,85642
P000175,90600,90751
P000175,91285,91342
P000175,91705,91761
P000175,91931,92073
P000175,92663,92733
P000175,93102,93176
P000175,93549,93611
P000175,93815,93883
P000175,94121,94273
P000175,94683,94741
P000175,95046,95106
P000175,95871,96105
P000175,97885,97964
P000175,98346,98416
P000175,98735,98806
P000175,99701,99828
P000175,100916,100990
P000175,101324,101394
P000175,101685,101846
P000175,104002,104077
P000175,104592,104661
P000175,105254,105367
P000175,105913,106053
P000175,106516,106671
P000175,107191,107337
P000175,107913,108063
P000175,108913,109059
P000175,109549,109665
P000175,109950,110066
P000175,110666,110751
P000175,111542,111759
P000175,112900,112977
P000175,113268,113423
P000175,114230,114310
P000175,114693,114852
P000175,115627,115824
P000175,116723,116888
P000175,117814,117985
P000175,118705,118778
P000175,119142,119216
P000175,120134,120287
P000175,121742,121892
P000175,122737,122884
P000175,123435,123559
P000175,124085,124226
P000175,124868,124938
P000175,125141,125210
P000175,126648,126797
P000175,127498,127624
P000175,128196,128343
P000175,129345,129440
P000175,130441,130576
P000175,131131,131249
P000175,131767,131915
P000175,133569,133714
P000175,135721,135786
P000175,136800,136954
P000175,137886,138034
P000175,138774,138926
P000175,139859,139936
P000175,141430,141521
P000175,142858,143006
P000175,146223,146293
P000175,146806,146953
P000175,148167,148288
P000175,148973,149105
P000175,149811,149953
P000175,152157,152232
P000175,152514,152593
P000175,153520,153645
P000175,154550,154696
P000175,156413,156523
P000175,159106,159219
P000175,159840,159966
P000175,160679,160848
P000175,161688,161746
P000175,162136,162200
P000175,162750,162806
P000175,163565,163695
P000175,167738,167798
P000175,168276,168332
P000175,168718,168867
P000175,170137,170271
P000175,171420,171549
P000175,172498,172621
P000175,173231,173370
P000175,174096,174231
P000175,174885,175041
P000175,175964,176019
P000175,177328,177409
P000175,177610,177688
P000175,178226,178371
P000175,179052,179171
P000175,179969,180060
P000175,180461,180521
P000175,181078,181223
P000175,182012,182094
P000175,182385,182495
P000175,183185,183331
P000175,183868,184005
P000175,184954,185061
P000175,185888,185965
P000175,186378,186453
P000175,186822,186972
P000175,187884,188033
P000175,188748,188871
P000175,189384,189538
P000175,190364,190501
P000175,194644,194826
P000175,197258,197439
P000175,198780,198961
P000175,200212,200302
P000175,201393,201487
P000175,201956,202050
P000175,202501,202676
P000175,204282,204459
P000175,205175,205269
P000175,205737,205827
P000175,206652,206834
P000175,207803,207982
P000175,209606,209790
P000175,211785,211973
P000175,212720,212813
P000175,213749,213848
P000175,214191,214384
P000175,215086,215271
P000175,215975,216157
P000175,217719,217910
P000175,218664,218844
P000175,219608,219793
P000175,220469,220655
P000175,221666,222024
P000175,231102,231275
P000175,231972,232141
P000175,232726,232952
P000175,234143,234516
P000175,235978,236296
P000175,237771,237948
P000175,238488,238534
P000175,238572,238752
P000175,239547,239721
P000175,240528,240713
P000175,244970,245229
P000175,245880,246146
P000175,246863,247045
P000175,247608,247776
P000175,248610,248793
P000175,250161,250346
P000175,252815,252912
P000175,254393,254574
P000175,255069,255158
P000175,255526,255608
P000175,258805,258985
P000175,259812,259893
P000175,260253,260443
P000175,261232,261313
P000175,261671,261854
P000175,263023,263159
P000175,263922,264105
P000175,265657,265803
P000175,267493,267667
P000175,268575,268761
P000175,269240,269325
P000175,269756,269925
P000175,270623,270814
P000175,271592,271772
P000175,272610,272789
P000175,273344,273530
P000175,274325,274512
P000175,275141,275328
P000175,275841,275933
P000175,276431,276611
P000175,277632,277727
P000175,278216,278411
P000175,279945,280081
P000175,281874,282017
P000175,284540,284633
P000175,286089,286174
P000175,286594,286772
P000175,287272,287371
P000175,287894,287986
P000175,288889,288978
P000175,289438,289613
P000175,290013,290107
P000175,290990,291077
P000175,291908,292088
P000175,292640,292821
P000175,294058,294225
P000175,295428,295515
P000175,295822,295902
P000175,296453,296547
P000175,298409,298540
P000175,298919,299100
P000175,299783,299932
P000175,300304,300457
P000175,305446,305721
P000175,306976,307125
P000175,307659,307802
P000175,308288,308448
P000175,309361,309502
P000175,310580,310731
P000175,312480,312626
P000175,313237,313389
P000175,314341,314482
P000175,315078,315226
P000175,317665,317821
P000175,318630,318775
P000175,320160,320295
P000175,323383,323529
P000175,325084,325232
P000175,326329,326484
P000175,327264,327421
P000175,328068,328208
P000175,329339,329486
P000175,330283,330421
P000175,331936,332084
P000175,333368,333522
P000175,334245,334395
P000175,335003,335157
P000175,335701,335842
P000175,336763,336908
P000175,337703,337855
P000175,340590,340748
P000175,341953,342099
P000175,344571,344729
P000175,345497,345681
P000175,346582,346763
P000175,347976,348157
P000175,349124,349246
P000175,350482,350607
P000175,351235,351386
P000175,352383,352498
P000175,352964,353089
P000175,354542,354679
P000175,356001,356120
P000179,347,507
P000179,24365,24523
P000179,28304,28457
P000179,28860,29021
P000179,29407,29479
P000179,29757,29840
P000179,30262,30413
P000179,31328,31399
P000179,31600,31677
P000179,32182,32327
P000179,33841,33993
P000179,35982,36056
P000179,37384,37460
P000179,38031,38109
P000179,38550,38723
P000179,39451,39523
P000179,40031,40113
P000179,40646,40808
P000179,44024,44099
P000179,44481,44557
P000179,45091,45164
P000179,45647,45728
P000179,45898,46057
P000179,46577,46657
P000179,46984,47062
P000179,47771,48077
P000179,49429,49587
P000179,51829,51990
P000179,52537,52689
P000179,53014,53172
P000179,53731,53885
P000179,57196,57350
P000179,58197,58348
P000179,59134,59303
P000179,59718,59879
P000179,60281,60443
P000179,61456,61567
P000179,62559,62707
P000179,63519,63591
P000179,63779,63855
P000179,64389,64536
P000179,64935,65081
P000179,65412,65566
P000179,66118,66270
P000179,66736,66814
P000179,67064,67147
P000179,67783,67942
P000179,68616,68722
P000179,69809,69969
P000179,70813,70882
P000179,71403,71477
P000179,71969,72085
P000179,86079,86233
P000179,88004,88159
P000179,89525,89678
P000179,90583,90829
P000179,91489,91726
P000179,93057,93238
P000179,94325,94569
P000179,95425,95562
P000179,95922,96046
P000179,96719,96829
P000179,97291,97402
P000179,97791,98011
P000179,99237,99451
P000179,105562,105785
P000179,106525,106746
P000179,113372,113588
P000179,115840,116048
P000179,117775,117982
P000179,120321,120399
P000179,121951,122030
P000179,122230,122355
P000179,124660,124922
P000179,178435,178627
P000179,179301,179364
P000179,179593,179855
P000179,182811,182939
P000179,183267,183394
P000179,183663,183901
P000179,184616,184745
P000179,184952,185068
P000179,185346,185462
P000179,185770,186001
P000179,186534,186764
P000179,187105,187355
P000179,190739,190931
P000179,191783,191847
P000179,192218,192467
P000179,193014,193084
P000179,193231,193295
P000179,193637,194013
P000179,194768,194835
P000179,195010,195148
P000179,196093,196149
P000179,198000,198065
P000179,198237,198302
P000179,199017,199077
P000179,199269,199453
P000179,199877,199999
P000179,200865,200989
P000179,201273,201390
P000179,201566,201797
P000179,202209,202330
P000179,203344,203472
P000179,203648,203776
P000179,204012,204135
P000179,204932,205114
P000179,209551,209615
P000179,210126,210311
P000179,212046,212143
P000179,212500,212605
P000179,212844,213036
P000179,214321,214438
P000179,216825,216935
P000179,218044,218124
P000179,219662,219894
P000179,220494,220621
P000179,222375,222495
P000179,223136,223381
P000179,224819,225431
P000179,226734,226874
P000179,227137,227428
P000179,227885,228049
P000179,228364,228521
P000179,228896,229054
P000179,229424,229581
P000179,230346,230594
P000179,232146,232356
P000179,255556,255788
P000179,256847,257072
P000179,260220,260382
P000179,261048,261371
P000179,263784,263937
P000179,270988,271147
P000179,278369,278526
P000179,279052,279351
P000179,280296,280404
P000179,280858,280920
P000179,281095,281426
P000179,282063,282221
P000179,282597,282764
P000179,283098,283252
P000179,283776,284163
P000179,284493,284677
P000179,285238,285427
P000179,286365,286561
P000179,287045,287239
P000179,287619,287806
P000179,288497,288675
P000179,289120,289306
P000179,289871,290059
P000179,290441,290625
P000179,291001,291192
P000179,292853,293043
P000179,293757,293915
P000179,294420,294542
P000179,294872,295128
P000179,296011,296251
P000179,299656,299916
P000179,300723,300958
P000179,303164,303379
P000179,305514,305725
P000179,306208,306415
P000179,307140,307429
P000179,308269,308513
P000179,311766,311970
P000179,313834,314124
P000179,315244,315514
P000185,34959,35148
P000185,35752,35884
P000185,37176,37307
P000185,37770,37905
P000185,38391,38532
P000185,38887,39018
P000185,39587,39728
P000185,40238,40381
P000185,41267,41402
P000185,41924,42072
P000185,42627,42757
P000185,43179,43317
P000185,43703,43829
P000185,44220,44357
P000185,44730,44871
P000185,45444,45565
P000185,46574,46705
P000185,47247,47377
P000185,47856,47983
P000185,48393,48521
P000185,48913,49043
P000185,49541,49675
P000185,50510,50637
P000185,51129,51257
P000185,51997,52136
P000185,52798,52895
P000185,53444,53517
P000185,54035,54218
P000185,94409,94542
P000185,95712,95844
P000185,96612,96751
P000185,99281,99345
P000185,99719,99853
P000185,100600,100744
P000185,101487,101626
P000185,102160,102295
P000185,102983,103135
P000185,103754,103884
P000185,104459,104594
P000185,105374,105504
P000185,105973,106116
P000185,106540,106680
P000185,107296,107417
P000185,108600,108737
P000185,109274,109405
P000185,109849,109978
P000185,110596,110724
P000185,111110,111237
P000185,111654,111794
P000185,112444,112509
P000185,113117,113180
P000185,113328,113394
P000185,114052,114193
P000185,116031,116218
P000185,118222,118283
P000185,118936,119525
P000193,18941,19056
P000193,29915,30028
P000193,30052,30173
P000193,33838,34107
P000193,45130,45246
P000193,45265,45388
P000193,45415,45523
P000193,45785,45875
P000193,57849,57918
P000193,58583,58800
P000193,58851,58965
P000193,117195,117310
P000195,30104,30283
P000195,31107,31668
P000195,36751,36988
P000195,39373,39734
P000195,40797,40970
P000195,41581,41769
P000195,42266,42545
P000195,43397,43869
P000195,45176,45352
P000195,46156,46345
P000195,47021,47201
P000195,47647,48008
P000195,48917,49273
P000195,50543,50721
P000195,51291,51660
P000195,52622,52817
P000195,53332,53527
P000195,54011,54190
P000195,54589,54765
P000195,55226,55412
P000195,56710,57066
P000195,58528,58714
P000195,59184,59368
P000195,60055,60237
P000195,61080,61259
P000195,61982,62174
P000195,62726,62875
P000195,63245,63349
P000195,63898,64074
P000195,64687,64870
P000195,65044,65228
P000195,65710,65901
P000195,66635,66816
P000195,67576,68324
P000195,70020,70712
P000195,73265,73719
P000195,74042,74134
P000195,74409,74557
P000195,75609,75881
P000195,76077,76177
P000195,76638,76818
P000195,77460,77641
P000195,78211,78585
P000195,78898,79651
P000195,80152,80549
P000195,80840,81341
P000195,82027,82217
P000195,82701,83049
P000195,84008,84184
P000195,84631,84830
P000195,85655,86011
P000195,86708,87082
P000195,87940,88487
P000195,89586,89778
P000195,91170,91535
P000195,92597,92881
P000195,93529,93790
P000195,95487,95723
P000195,95769,95958
P000195,96614,96799
P000195,97438,97816
P000195,98234,98593
P000195,99033,99211
P000195,99475,99655
P000195,100037,100133
P000195,100477,100569
P000195,100835,101034
P000195,101647,101827
P000195,102514,102891
P000195,103073,103428
P000195,103650,103850
P000195,104035,104201
P000195,104364,104862
P000195,105980,106163
P000195,106678,106780
P000195,107132,107226
P000195,107236,107433
P000195,108091,108292
P000195,108930,109023
P000195,109296,109781
P000195,110787,110978
P000195,112121,112451
P000195,112824,113006
P000195,113513,113698
P000195,114382,114746
P000195,115264,115622
P000195,116093,116470
P000195,116977,117354
P000195,118124,118259
P000195,118808,118995
P000195,119385,119578
P000195,120623,120820
P000195,121399,121588
P000195,122285,122465
P000195,122992,123187
P000195,123836,124023
P000195,124912,125293
P000195,126115,126209
P000195,126437,126536
P000195,126774,127141
P000195,127703,127888
P000195,128386,128563
P000195,129047,129552
P000195,130818,131396
P000195,133228,133416
P000195,134113,134485
P000195,135216,135419
P000195,135929,136104
P000195,136113,136122
P000195,136617,136804
P000195,137369,137752
P000195,138669,139372
P000195,140696,140878
P000195,141342,141538
P000195,141967,142150
P000195,142819,143013
P000195,143928,144490
P000195,145055,145585
P000195,146288,146461
P000195,146858,147227
P000195,147683,148034
P000195,148466,148844
P000195,149411,149792
P000195,150327,150688
P000195,151190,151370
P000195,151782,151964
P000195,152691,152867
P000195,153834,154018
P000195,154491,154680
P000195,154917,155103
P000195,155659,155849
P000195,156264,156452
P000195,156928,157132
P000195,157902,158096
P000195,158435,158633
P000195,159083,159462
P000195,160128,160317
P000195,160816,160996
P000195,161534,161734
P000195,162272,162461
P000195,163436,163579
P000195,164976,165487
P000195,166166,166536
P000195,167402,167602
P000195,168053,168239
P000195,168680,169043
P000195,169727,170101
P000195,170885,171264
P000195,171969,172161
P000195,172688,172868
P000195,173360,174110
P000195,175902,176087
P000195,176611,176779
P000195,176799,176848
P000195,177471,177608
P000195,177847,178031
P000195,178446,178624
P000195,179451,179634
P000195,180097,180460
P000195,181475,181839
P000195,182788,183154
P000195,183675,183865
P000195,184223,184408
P000195,184791,184882
P000195,185148,185258
P000195,185557,185938
P000195,187037,187222
P000195,187810,188203
P000195,189101,189461
P000195,190258,190450
P000195,191016,191200
P000195,191839,191937
P000195,192343,192448
P000195,192806,193160
P000195,193511,194076
P000195,195718,196073
P000195,197063,197613
P000195,198752,198947
P000195,199473,199846
P000195,199848,199851
P000195,200323,200702
P000195,202316,202885
P000195,203527,203617
P000195,203859,203945
P000195,204338,204538
P000195,205030,205228
P000195,205735,205919
P000195,206310,206495
P000195,206900,207091
P000195,207608,207791
P000195,208197,208382
P000195,209137,209321
P000195,209792,210174
P000195,211049,211224
P000195,211582,211781
P000195,212243,212443
P000195,213008,213197
P000195,213914,214111
P000195,214606,214796
P000195,215371,215565
P000195,215999,216390
P000195,217420,217604
P000195,217615,217621
P000195,218124,218503
P000195,219786,220143
P000195,220874,221058
P000195,221682,221876
P000195,222380,222572
P000195,222989,223351
P000195,224069,224447
P000195,225182,225371
P000195,226756,227441
P000195,228109,228228
P000195,228285,228428
P000195,230789,230884
P000195,231455,231549
P000199,92427,92509
P000199,96170,96354
P000199,99242,99387
P000199,101083,101165
P000199,103741,103917
P000199,105342,105433
P000199,109457,109674
P000199,110923,111126
P000199,112730,112868
P000199,122466,122577
P000199,131278,131350
P000199,131612,131686
P000199,132798,132963
P000199,133718,133887
P000199,134493,134650
P000199,135715,135787
P000199,136082,136161
P000199,136642,136794
P000199,138904,139066
P000199,140564,140643
P000199,140854,140931
P000199,141176,141353
P000199,142273,142347
P000199,143014,143086
P000199,143345,143418
P000199,143623,143695
P000199,144035,144108
P000199,144306,144387
P000199,145293,145375
P000199,145809,145892
P000199,146290,146442
P000199,147320,147404
P000199,147679,147756
P000199,147987,148150
P000199,148421,148566
P000199,148858,149006
P000199,149342,149520
P000199,150217,150368
P000199,151276,151424
P000199,151907,152065
P000199,152722,152870
P000199,153668,153840
P000199,155020,155175
P000199,155818,155963
P000199,156450,156645
P000199,157131,157295
P000199,157513,157680
P000199,157967,158124
P000199,158678,158840
P000199,159600,159784
P000199,160519,160674
P000199,161347,161469
P000199,163873,163945
P000199,164367,164448
P000199,166387,166547
P000199,167200,167360
P000199,170604,170758
P000199,174839,175133
P000199,175701,175993
P000199,177339,177476
P000199,181733,181786
P000199,181789,181827
P000199,326187,326404
P000199,327602,327805
P000199,328859,329055
P000199,330909,331013
P000199,331247,331348
P000199,332148,332353
P000199,337133,337340
P000199,338105,338315
P000199,340038,340248
P000199,345333,345532
P000199,346791,346941
P000199,347753,347905
P000199,350643,350841
P000199,351848,352060
P000199,354679,354890
P000199,356667,356819
P000199,397681,397839
P000199,398528,398686
P000199,403343,403505
P000199,405778,405926
P000199,406455,406616
P000199,417404,417549
P000199,421209,421357
P000199,438441,438522
P000199,438829,438916
P000199,439971,440130
P000199,441023,441168
P000199,442702,442858
P000199,454568,454713
P000199,457033,457182
P000199,461464,461690
P000199,463500,463572
P000199,480299,480451
P000199,515551,515703
P000199,516512,516667
P000199,517593,517745
P000199,519779,519919
P000199,520680,520830
P000199,524031,524180
P000199,524622,524770
P000199,525819,525979
P000199,528591,528728
P000199,529313,529453
P000199,531670,531810
P000199,532394,532586
P000199,536804,536921
P000199,537655,537800
P000199,541639,541785
P000199,542133,542283
P000199,542923,543032
P000199,545293,545365
P000199,545824,545903
P000199,546610,546694
P000199,548151,548307
P000199,549607,549694
P000199,549945,550166
P000199,551132,551280
P000199,551884,552032
P000199,553374,553519
P000199,554008,554156
P000199,554944,555092
P000199,555446,555522
P000199,555773,555855
P000199,556335,556425
P000199,557254,557320
P000199,558488,558637
P000199,559048,559207
P000199,559740,559811
P000199,573651,573730
P000199,574636,574791
P000199,582580,582690
P000199,584400,584554
P000199,585548,585701
P000199,591356,591503
P000199,592016,592160
P000199,594223,594295
P000199,594608,594683
P000199,595367,595518
P000199,596414,596558
P000199,599135,599295
P000199,601552,601703
P000199,602753,602914
P000199,610394,610557
P000199,612299,612461
P000199,612914,613071
P000199,615440,615597
P000199,616193,616342
P000199,619887,620045
P000199,621655,621726
P000199,621914,621987
P000199,622770,622913
P000199,623355,623433
P000199,623696,623783
P000199,624137,624217
P000199,624472,624553
P000199,625353,625503
P000199,626186,626266
P000199,626451,626532
P000199,630353,630501
P000199,631009,631163
P000199,645330,645431
P000199,646941,647156
P000199,648005,648218
P000199,651220,651426
P000199,652448,652668
P000199,653269,653470
P000199,656695,656797
P000199,657385,657495
P000199,658019,658124
P000199,658340,658453
P000199,659038,659243
P000199,659935,660084
P000199,660590,660735
P000199,662114,662281
P000199,662875,663024
P000199,663809,663965
P000199,665370,665524
P000199,669254,669412
P000199,672076,672229
P000199,682599,682752
P000199,684926,685088
P000199,685606,685769
P000199,691318,691400
P000199,691739,691812
P000199,692165,692316
P000203,854,928
P000203,1410,1481
P000203,2402,2517
P000203,3991,4099
P000203,5416,5498
P000203,7340,7509
P000203,8083,8155
P000203,9091,9248
P000203,14756,14836
P000203,16540,16615
P000203,17495,17537
P000203,17739,17801
P000203,18277,18402
P000203,28828,28905
P000203,30189,30375
P000203,31025,31104
P000203,35138,35215
P000203,37648,37726
P000203,41612,41695
P000203,44332,44443
P000203,46688,46793
P000203,49348,49473
P000203,50984,51065
P000203,51874,51951
P000203,55356,55603
P000203,59457,59537
P000203,60692,60765
P000203,65515,65718
P000203,67079,67144
P000203,68181,68332
P000203,69263,69371
P000203,69810,70083
P000203,71015,71140
P000203,71540,71696
P000203,72157,72268
P000203,73296,73356
P000203,74409,74479
P000203,74983,75094
P000203,76418,76638
P000203,78535,78587
P000203,79554,79773
P000203,82216,82326
P000203,82700,82786
P000203,83962,84071
P000203,84374,84467
P000203,84928,84982
P000203,85182,85291
P000203,90527,90730
P000203,91204,91477
P000203,92319,92640
P000203,93535,93613
P000203,94412,94490
P000203,95232,95303
P000203,96072,96180
P000203,97825,97951
P000203,99769,99838
P000203,100302,100367
P000203,101564,101649
P000203,102591,102707
P000203,103087,103161
P000203,103556,103673
P000203,105789,105861
P000203,106231,106476
P000203,107402,107559
P000203,108474,108637
P000203,109744,109903
P000203,111128,111202
P000203,111968,112052
P000203,114072,114155
P000203,115804,115953
P000203,119025,119177
P000203,122509,122678
P000203,131507,131586
P000203,132283,132397
P000203,134533,134599
P000203,136222,136300
P000203,140221,140373
P000203,141857,142128
P000203,142835,143043
P000203,143837,144036
P000203,146143,146295
P000203,146996,147154
P000203,150349,150435
P000203,151200,151364
P000203,152428,152631
P000203,154200,154397
P000203,156114,156229
P000203,157165,157243
P000203,157873,158030
P000203,162282,162350
P000203,162800,162919
P000203,163192,163274
P000203,163462,163543
P000203,163770,163850
P000203,164075,164231
P000203,165845,166111
P000203,169014,169131
P000203,170239,170345
P000203,171168,171538
P000203,174207,174356
P000203,175209,175362
P000203,177849,177921
P000207,978,1095
P000207,2764,2912
P000207,4964,5044
P000207,7359,7504
P000207,8747,8893
P000207,10208,10372
P000207,12528,12605
P000207,13237,13311
P000207,14247,14323
P000207,15012,15085
P000207,16562,16713
P000207,17136,17254
P000207,18286,18362
P000207,23179,23299
P000207,26654,26738
P000207,30796,30870
P000207,36598,36796
P000207,38948,39068
P000207,40057,40133
P000207,43170,43243
P000207,44770,44892
P000207,46091,46152
P000207,46381,46437
P000207,50527,50640
P000207,54146,54218
P000207,55313,55388
P000207,60821,60905
P000207,62135,62293
P000207,63861,64056
P000207,70970,71244
P000207,74155,74356
P000207,77011,77089
P000207,79118,79217
P000207,80419,80535
P000207,82084,82165
P000207,83419,83489
P000207,84827,84915
P000207,86004,86081
P000207,87226,87311
P000207,88340,88430
P000207,90231,90322
P000207,91382,91458
P000207,92704,92820
P000207,93794,93888
P000207,94966,95191
P000207,100806,100922
P000207,106654,106725
P000207,110330,110391
P000207,112681,112759
P000207,113465,113545
P000207,114020,114167
P000207,120804,120884
P000207,122334,122450
P000207,123053,123165
P000207,123891,123970
P000207,124699,124811
P000207,125569,125647
P000207,125938,126016
P000207,126567,126645
P000207,133819,133899
P000207,135740,135825
P000207,136306,136370
P000207,141049,141115
P000207,142674,142793
P000207,144383,144507
P000207,145097,145162
P000207,145510,145738
P000207,147197,147258
P000207,147645,147754
P000207,148700,148823
P000207,149429,149512
P000207,151588,151752
P000207,154185,154383
P000207,155753,155835
P000207,156242,156363
P000207,156838,156917
P000207,157638,157793
P000207,158422,158478
P000207,158681,158798
P000207,159458,159618
P000207,161054,161257
P000207,163565,163649
P000207,164995,165154
P000207,165597,165678
P000207,167498,167570
P000207,168846,169124
P000207,177501,177585
P000207,178324,178402
P000207,184277,184395
P000207,185726,185884
P000207,187203,187363
P000207,188635,188710
P000207,190453,190581
P000207,192092,192220
P000207,193135,193249
P000207,194330,194452
P000207,197547,197793
P000207,199904,199987
P000207,200653,200773
P000207,202590,202681
P000207,204399,204597
P000207,206627,206931
P000207,209352,209433
P000207,213192,213262
P000207,214116,214348
P000207,215854,216042
P000207,221461,221625
P000207,225298,225531
P000207,234833,235028
P000207,241645,241728
P000207,242306,242427
P000207,244382,244491
P000207,247116,247233
P000207,248083,248166
P000207,249321,249394
P000207,249890,250119
P000207,255552,255765
P000207,256797,256872
P000207,257833,257950
P000207,265929,266144
P000207,267410,267525
P000207,267904,267982
P000207,272751,272811
P000207,273639,273712
P000207,274017,274130
P000207,275036,275223
P000207,276180,276344
P000207,277339,277413
P000207,277822,277905
P000213,8953,9049
P000213,10220,10328
P000213,11229,11282
P000213,11886,12002
P000213,12558,12742
P000213,13450,13571
P000213,14439,14562
P000213,14997,15116
P000213,15651,15772
P000213,16516,16663
P000213,17560,17641
P000213,18428,18553
P000213,19482,19607
P000213,20140,20264
P000213,20609,20725
P000213,21802,21921
P000213,23408,23541
P000213,24121,24180
P000213,25247,25358
P000213,25987,26071
P000213,26840,26922
P000213,27257,27346
P000213,28503,28766
P000213,31483,31605
P000213,35040,35277
P000213,37329,37386
P000213,38024,38078
P000213,38539,38596
P000213,39071,39120
P000213,39655,39707
P000213,40545,40594
P000213,41073,41184
P000213,42015,42131
P000213,42877,43005
P000213,43625,43866
P000213,45383,45496
P000213,46332,46456
P000213,47488,47611
P000213,48426,48542
P000213,50228,50284
P000213,50637,50696
P000213,51115,51221
P000213,51602,51653
P000213,52681,52735
P000213,53328,53417
P000213,54744,54799
P000213,55696,55814
P000213,56600,56732
P000213,57443,57633
P000213,58811,58921
P000213,59851,60095
P000213,61636,61835
P000213,63397,63549
P000213,64350,64466
P000213,65218,65334
P000213,66221,66305
P000213,67138,67201
P000213,67659,67741
P000213,68890,68948
P000213,69649,69774
P000213,70241,70378
P000213,71334,71461
P000213,72038,72161
P000213,72644,72773
P000213,73804,73918
P000213,74966,75155
P000213,76513,76610
P000213,76938,77061
P000213,77645,77761
P000213,78135,78254
P000213,78975,79092
P000213,79600,79715
P000213,80505,80691
P000213,81223,81398
P000213,83397,83451
P000213,83862,84038
P000213,84773,84898
P000213,85591,85704
P000213,86213,86339
P000213,86925,87057
P000213,87586,87765
P000213,88608,88856
P000213,90178,90407
P000213,92023,92198
P000213,92999,93185
P000213,94072,94258
P000213,95414,95523
P000213,96394,96541
P000213,97437,97624
P000213,98781,98892
P000213,99909,100113
P000213,100945,101091
P000213,102152,102270
P000213,103031,103140
P000213,103715,103826
P000213,104555,104621
P000213,105295,105483
P000213,106274,106399
P000213,107314,107471
P000213,108294,108384
P000213,108672,108779
P000213,109313,109476
P000213,110359,110505
P000213,111340,111509
P000213,112103,112223
P000213,112766,112888
P000213,113639,113759
P000213,114284,114523
P000213,115648,115826
P000213,116702,116879
P000213,117499,117624
P000213,118076,118200
P000213,118644,118764
P000213,119314,119435
P000213,119772,119892
P000213,120539,120665
P000213,121423,121538
P000213,122325,122440
P000213,123084,123198
P000213,124007,124123
P000213,124563,124620
P000213,125109,125229
P000213,126576,126753
P000213,127388,127504
P000213,128284,128462
P000213,129191,129314
P000213,129879,129996
P000213,130671,130849
P000213,131525,131650
P000213,132275,132393
P000213,133567,133717
P000213,134275,134379
P000213,135254,135313
P000213,136369,136488
P000213,137972,138109
P000213,138809,138954
P000213,139910,140030
P000213,140382,140592
P000213,141409,141564
P000213,142116,142307
P000213,143573,143741
P000213,144280,144530
P000213,146166,146292
P000213,146659,146782
P000213,147007,147132
P000213,147370,147489
P000213,147734,147855
P000213,150327,150450
P000213,150836,151006
P000213,151396,151511
P000213,151721,151903
P000213,152405,152550
P000213,152594,152701
P000215,6018,8872
P000215,13612,13767
P000215,14899,15268
P000215,16962,17112
P000215,18203,18364
P000215,23799,23953
P000215,26832,26982
P000215,29711,29866
P000215,38340,38497
P000215,45345,45494
P000215,49212,49281
P000215,49707,49860
P000215,81006,81315
P000215,84539,84688
P000215,91778,92269
P000215,159790,160054
P000218,188152,188316
P000218,194266,194418
P000218,195167,195325
P000218,202938,203093
P000218,209114,209281
P000218,216764,216937
P000218,228177,228335
P000218,229016,229172
P000218,229578,229736
P000218,246524,246670
P000218,248912,249071
P000218,250570,250728
P000218,251209,251372
P000218,262455,262607
P000218,271663,271825
P000218,275279,275435
P000218,290529,290696
P000218,293528,293683
P000218,298538,298700
P000218,300541,300699
P000218,305463,305642
P000218,317169,317330
P000219,2411,2480
P000219,46768,46874
P000219,52187,52342
P000219,54265,54470
P000219,62218,62276
P000219,91232,91363
P000219,96317,96583
P000219,97281,97463
P000219,111560,111671
P000219,156672,156886
P000219,159868,160059
P000219,161734,161784
P000219,180250,180372
P000219,261793,261871
P000219,268823,269027
P000219,276696,276849
P000219,279833,280045
P000219,280484,280593
P000219,281977,282094
P000219,285735,285863
P000219,287057,287199
P000219,305338,305673
P000219,307170,307355
P000219,308042,308300
P000219,309858,309976
P000219,324358,324471
P000219,328077,328234
P000224,701,773
P000224,1601,1721
P000224,5317,5477
P000224,6599,6753
P000224,7307,7375
P000224,7932,8230
P000224,11621,11743
P000224,12645,12723
P000224,17549,17746
P000224,18661,18900
P000224,21230,21346
P000224,23224,23304
P000224,23606,23726
P000224,26381,26460
P000224,28088,28381
P000224,29596,29663
P000224,30196,30356
P000224,31441,31588
P000224,32764,32840
P000224,33962,34037
P000224,35387,35456
P000224,37744,37819
P000224,39043,39200
P000224,41485,41594
P000224,42427,42568
P000224,44647,44773
P000224,47656,47763
P000224,49711,49909
P000224,51791,51864
P000224,53088,53246
P000224,53591,53750
P000224,55845,56036
P000224,61299,61376
P000224,63228,63339
P000224,67289,67442
P000224,69709,69904
P000224,70507,70617
P000224,72818,72975
P000224,73904,74294
P000224,79216,79296
P000224,82256,82339
P000224,86729,86811
P000224,93885,94029
P000224,95839,95915
P000224,96086,96162
P000224,97137,97217
P000224,99810,99960
P000224,108139,108215
P000224,110702,110762
P000224,111136,111315
P000224,116140,116377
P000224,117259,117373
P000224,120051,120133
P000224,120765,120837
P000224,129550,129630
P000224,130880,131047
P000224,133752,133823
P000224,136092,136282
P000224,140693,140774
P000224,144460,144528
P000224,146283,146431
P000224,146990,147150
P000224,148267,148432
P000224,149396,149550
P000224,151132,151281
P000224,152577,152656
P000224,154410,154529
P000224,155179,155291
P000224,157849,158049
P000224,160578,160782
P000224,163174,163290
P000224,164391,164542
P000224,166570,166691
P000224,169018,169129
P000224,170392,170460
P000224,171988,172091
P000224,173691,173893
P000224,175720,175796
P000224,177741,177895
P000224,181909,182080
P000224,184438,184481
P000224,187016,187198
P000224,190133,190391
P000224,193160,193305
P000224,194831,194974
P000224,197928,198110
P000224,200601,200708
P000224,203030,203105
P000224,204676,204843
P000224,208783,208944
P000224,210308,210471
P000224,211421,211495
P000224,211894,211973
P000224,212686,212748
P000224,214246,214328
P000224,215055,215247
P000224,216390,216506
P000224,217652,217776
P000224,220482,220606
P000224,223598,223748
P000224,224614,224717
P000224,227146,227203
P000224,227625,227698
P000224,228208,228284
P000224,229197,229270
P000224,230887,230947
P000224,235458,235571
P000224,237586,237702
P000224,239052,239141
P000224,254510,254623
P000224,255891,255966
P000224,259657,259719
P000224,261073,261137
P000224,261432,261492
P000224,262345,262420
P000224,265722,265799
P000224,267709,267867
P000224,269126,269196
P000224,269614,269689
P000224,270773,271035
P000224,272063,272217
P000224,274778,274894
P000224,275313,275468
P000224,277757,277872
P000224,278375,278637
P000224,281643,281765
P000224,283276,283555
P000224,284766,284835
P000224,285044,285157
P000224,285644,285760
P000224,286200,286319
P000224,287225,287300
P000224,288227,288305
P000224,289206,289314
P000224,290838,290990
P000224,292079,292193
P000224,293366,293479
P000224,294143,294302
P000224,297498,297614
P000224,301020,301182
P000224,303412,303523
P000224,304166,304326
P000224,305323,305440
P000224,306357,306520
P000224,307593,307723
P000224,309087,309162
P000224,309635,309751
P000224,311004,311084
P000224,312599,312788
P000224,314039,314176
P000224,316117,316347
P000224,317162,317288
P000224,318761,318839
P000224,319954,320031
P000224,320459,320578
P000224,322479,322635
P000224,325517,325599
P000224,326175,326248
P000224,326798,326873
P000224,329372,329557
P000224,332936,333041
P000224,335459,335560
P000224,336006,336168
P000224,337141,337219
P000224,338969,339047
P000224,353000,353086
P000224,355382,355459
P000224,358983,359063
P000224,364520,364672
P000224,366958,367032
P000224,368394,368657
P000224,371683,371880
P000224,372880,373031
P000224,374104,374246
P000224,375447,375610
P000224,377025,377094
P000224,381652,381732
P000224,382446,382526
P000224,383310,383456
P000224,383996,384090
P000224,385234,385300
P000224,385520,385582
P000224,386189,386307
P000224,388405,388562
P000224,389203,389276
P000224,389700,389775
P000224,391155,391239
P000224,393245,393306
P000224,393877,394060
P000224,395172,395295
P000224,397030,397140
P000224,399754,399805
P000224,400782,400842
P000224,401530,401699
P000224,407297,407378
P000224,410683,410797
P000224,411479,411554
P000224,411972,412048
P000224,413937,414086
P000224,417030,417100
P000224,417996,418071
P000224,420104,420215
P000224,420842,420952
P000224,425997,426225
P000224,427110,427229
P000224,430044,430160
P000224,431536,431612
P000224,431960,432191
P000224,444791,444957
P000224,446881,446951
P000224,447323,447548
P000224,448870,449066
P000224,449871,449990
P000224,450439,450601
P000224,454435,454599
P000224,456313,456429
P000224,456907,457058
P000224,459071,459149
P000224,459613,459706
P000224,459897,459974
P000224,466018,466099
P000224,466486,466683
P000224,467311,467392
P000224,467604,467708
P000224,470104,470348
P000224,473107,473389
P000224,477303,477454
P000224,478550,478630
P000224,479002,479082
P000224,480175,480286
P000224,480932,481127
P000224,481865,482025
P000224,482461,482774
P000224,485860,486105
P000224,492714,492868
P000224,495796,496067
P000224,497209,497367
P000224,499454,499537
P000224,500229,500313
P000224,501692,501867
P000224,503053,503156
P000224,504551,504773
P000224,507096,507176
P000224,508961,509038
P000224,509526,509604
P000224,512444,512587
P000224,513286,513410
P000224,513914,513994
P000224,518960,519119
P000224,529366,529482
P000224,532926,533133
P000224,542844,542926
P000224,547460,547542
P000224,551668,551751
P000224,553218,553327
P000224,557055,557126
P000224,559629,559810
P000224,562312,562465
P000224,565777,565863
P000224,568321,568438
P000224,577377,577503
P000224,578246,578442
P000224,582485,582546
P000224,585832,585957
P000224,588767,588835
P000224,589339,589420
P000224,591608,591686
P000224,594426,594547
P000224,595052,595134
P000224,597694,597772
P000224,598838,598964
P000224,601754,601827
P000224,607020,607099
P000224,613135,613220
P000224,617249,617326
P000224,618487,618601
P000224,619414,619494
P000224,624871,624952
P000224,632739,632823
P000224,633080,633147
P000224,640871,640939
P000224,643627,643704
P000224,644486,644634
P000224,646262,646370
P000224,649711,649789
P000224,659353,659432
P000224,663914,664028
P000224,667805,667888
P000224,668315,668479
P000224,671140,671299
P000224,672444,672600
P000224,673852,674044
P000224,676734,676802
P000224,679655,679714
P000224,682216,682339
P000224,692484,692588
P000224,700994,701155
P000224,705178,705424
P000224,706142,706264
P000224,706686,706794
P000224,707468,707626
P000224,708123,708359
P000224,712347,712426
P000224,712714,712989
P000224,714887,715107
P000224,718845,718984
P000224,728906,729195
P000224,736774,736980
P000224,739295,739371
P000224,742233,742311
P000224,742599,742707
P000224,744164,744270
P000224,744889,744975
P000224,746413,746494
P000224,750290,750367
P000224,750612,750731
P000224,756035,756198
P000224,759689,759770
P000224,760779,760903
P000224,762273,762354
P000224,764891,764968
P000224,765841,765917
P000224,767517,767595
P000224,769181,769256
P000224,770960,771032
P000224,771377,771536
P000224,775907,776020
P000224,778042,778158
P000224,779135,779204
P000224,780235,780399
P000224,782934,783051
P000224,783608,783682
P000224,784751,784822
P000224,785534,785659
P000224,786196,786278
P000224,787317,787401
P000224,787798,787872
P000225,7400,7461
P000225,8342,8374
P000225,8962,9013
P000225,91083,91164
P000225,91504,91579
P000225,97447,97588
P000225,113638,113798
P000225,132569,132635
P000225,141124,141310
P000225,150977,151208
P000225,191921,192003
P000225,192856,193170
P000225,257981,258147
P000225,258183,258870
P000225,412116,412171
P000225,412270,412329
P000225,418755,418946
P000225,435322,435409
P000225,438063,438251
P000225,441990,442065
P000225,463342,463409
P000225,464676,464851
P000225,488855,488918
P000225,499304,499363
P000225,545496,545657
P000225,559788,560129
P000225,562336,562450
P000225,576246,576332
P000225,595054,595272
P000225,612115,612229
P000225,618839,618911
P000237,4326,5281
P000237,11082,11196
P000237,24415,24570
P000237,27279,27431
P000237,28367,28522
P000237,29622,29775
P000237,30805,30958
P000237,31754,31909
P000237,32518,32674
P000237,32736,32798
P000237,35333,35483
P000237,38669,38820
P000237,40115,40238
P000237,40674,40804
P000237,41049,41180
P000237,43562,43938
P000237,44185,44372
P000237,52595,52748
P000237,54470,54620
P000237,56064,56546
P000237,57398,57964
P000237,59687,59827
P000237,60278,61025
P000237,61077,62360
P000237,62931,63047
P000237,70706,70936
P000237,84404,84523
P000237,146170,147267
P000241,3640,4883
P000241,5987,6040
P000241,11393,11449
P000241,11866,11921
P000241,11970,12026
P000241,92673,92782
P000241,92793,92855
P000241,114707,114824
P000241,115231,115366
P000241,160146,160461
P000241,184713,184868
P000241,189770,189936
P000241,193866,193995
P000241,198521,198680
P000241,230572,230721
P000241,342504,342653
P000241,400363,400491
P000241,433804,433958
P000241,458148,458313
P000241,467181,467392
P000241,474718,475038
P000241,509928,510093
P000241,510235,512127
P000242,47104,47343
P000242,48702,48823
P000242,49495,49628
P000242,50506,50682
P000242,51508,51580
P000242,52062,52214
P000242,60427,60572
P000242,64551,64653
P000242,67188,67469
P000242,69787,69941
P000242,71676,71805
P000242,72613,72689
P000242,74013,74123
P000242,75558,75899
P000242,76647,76933
P000242,80284,80484
P000242,81585,81906
P000242,84139,84495
P000242,87080,87227
P000242,88241,88397
P000242,92159,92312
P000242,96753,97636
P000242,107118,107268
P000242,108799,108951
P000242,110940,111322
P000242,117142,117408
P000242,119877,119944
P000242,120587,120771
P000242,122051,122119
P000242,123239,123462
P000242,131223,131346
P000242,132181,132325
P000242,133152,133443
P000242,136848,136993
P000242,143438,143576
P000242,151533,151607
P000242,156116,156224
P000242,156707,156785
P000242,157538,158293
P000242,163300,163378
P000242,165572,165732
P000242,168467,168622
P000242,171882,172050
P000242,177157,177232
P000242,177934,178011
P000242,179698,179765
P000242,180463,180541
P000242,183148,183225
P000242,183892,183974
P000242,185116,185192
P000242,186453,186599
P000242,188492,188719
P000242,192645,192723
P000242,193460,193636
P000242,203812,203890
P000242,204423,204576
P000242,206733,207236
P000242,210362,210830
P000242,211690,211870
P000242,212548,212738
P000242,213662,213812
P000242,214467,215086
P000242,222717,223985
P000242,236385,236493
P000242,238981,239147
P000242,243854,244008
P000242,249436,249550
P000242,250192,250268
P000242,252400,252526
P000242,256334,256449
P000242,259110,259433
P000242,261322,261395
P000242,262063,262220
P000242,263612,263773
P000242,265237,265418
P000242,269151,269330
P000242,269532,269705
P000242,269967,270247
P000242,273094,273440
P000242,277414,277562
P000242,278179,278258
P000242,278721,278912
P000242,280915,280992
P000242,281911,282095
P000242,283804,284506
P000242,289254,289519
P000242,292478,292796
P000242,294158,294273
P000242,294773,294892
P000242,305941,306653
P000242,309310,309430
P000242,311190,311559
P000242,313972,314128
P000242,315349,315433
P000242,318484,318781
P000242,320950,321113
P000242,321790,321981
P000242,324192,324342
P000242,325796,325970
P000242,328352,328432
P000242,329194,329788
P000242,331590,331691
P000242,332541,332613
P000242,332997,334794
P000242,339815,340206
P000242,341246,341356
P000242,341792,342152
P000242,343127,343735
P000242,345574,345977
P000242,347324,347667
P000242,349789,349970
P000242,351710,351923
P000242,354765,354916
P000242,355982,356120
P000242,357772,357847
P000242,359145,359304
P000242,363294,363370
P000242,363886,364025
P000242,364872,365020
P000242,365614,365797
P000242,366467,366748
P000242,368155,368397
P000242,369482,369803
P000242,371320,371567
P000242,372624,372999
P000242,374498,374717
P000242,376185,376336
P000242,377484,377622
P000242,379172,379250
P000242,381002,381148
P000242,383530,383802
P000242,386942,387135
P000242,388261,388530
P000242,389675,389759
P000242,390371,390700
P000242,392692,392763
P000242,394397,394540
P000242,396004,396085
P000242,396648,396805
P000242,397434,397741
P000242,399454,399899
P000242,403683,403792
P000242,404657,404732
P000242,405661,405855
P000242,407597,407746
P000242,408596,408704
P000242,409908,410182
P000242,411757,411836
P000242,413319,413393
P000242,414037,414264
P000242,415619,415694
P000242,416077,416191
P000242,417224,417295
P000242,417867,417951
P000242,418851,418928
P000242,419787,420020
P000242,422999,423150
P000242,424082,424233
P000242,424820,424964
P000242,425901,426051
P000242,426571,426722
P000242,427515,427678
P000242,428486,428562
P000242,428930,429777
P000242,432860,433013
P000242,433768,433934
P000242,435103,435773
P000242,439780,440536
P000242,446270,446430
P000242,448448,449819
P000242,454566,454856
P000246,671,788
P000246,4121,4655
P000246,5364,5452
P000246,7025,7101
P000246,9329,9408
P000246,10563,10714
P000246,12352,12503
P000246,13307,13424
P000246,14162,14309
P000246,14488,14610
P000246,14750,14806
P000246,14837,14903
P000246,14969,15062
P000246,15104,15181
P000246,16410,16568
P000246,17885,18354
P000246,20180,20347
P000246,21216,21372
P000246,22149,22312
P000246,22342,22396
P000246,23523,23680
P000246,24315,24466
P000246,25544,25623
P000246,25941,26014
P000246,26440,26684
P000246,27705,28083
P000246,29218,29339
P000246,29864,30587
P000246,32774,33266
P000246,34818,35695
P000246,39717,39813
P000246,40650,40804
P000246,42092,42992
P000246,45786,46095
P000246,47178,47770
P000246,50107,50166
P000246,51481,51636
P000246,52797,52944
P000246,53819,53898
P000246,54462,54538
P000246,55270,55342
P000246,56030,56106
P000246,56664,56827
P000246,57570,57730
P000246,58439,58695
P000246,59793,59919
P000246,60232,60363
P000246,61208,61472
P000246,63894,64019
P000246,66401,66525
P000246,67002,69303
P000246,80202,81067
P000246,84406,85471
P000246,90614,90852
P000246,92038,92159
P000246,92734,92808
P000246,93951,94365
P000246,97824,97949
P000246,98757,98878
P000246,99635,100101
P000246,102195,102322
P000246,103798,103914
P000246,105132,105372
P000246,106112,107079
P000246,114184,114437
P000246,115781,116937
P000246,121758,121909
P000246,122954,123053
P000246,123736,123855
P000246,124894,126090
P000246,132895,133264
P000246,134981,135693
P000246,139371,139621
P000246,140740,141352
P000246,145072,146096
P000246,150988,152079
P000246,156613,157547
P000246,162540,162620
P000246,163165,163289
P000246,164200,165049
P000246,167961,169069
P000246,175274,175904
P000246,178549,178669
P000246,179386,180026
P000246,182475,183072
P000246,186571,187888
P000246,192334,194007
P000246,202675,204121
P000246,209955,211538
P000246,217824,218062
P000246,218845,219573
P000246,222973,223668
P000246,226838,228182
P000246,237318,237564
P000246,237636,238349
P000246,238372,238737
P000246,240015,240254
P000246,241602,241682
P000246,242080,243272
P000246,249195,249316
P000246,252098,253313
P000246,258538,260011
P000246,268535,270673
P000246,278976,280384
P000246,286332,287780
P000246,293823,295156
P000246,301927,302302
P000246,303521,306188
P000246,317182,318031
P000246,322166,323532
P000246,330510,331385
P000246,335058,335140
P000246,336055,336188
P000246,338163,338370
P000246,340120,341427
P000246,350270,350524
P000246,352628,354456
P000246,363411,363546
P000246,364388,366202
P000246,376146,376511
P000246,379139,379435
P000246,381264,382320
P000246,388013,388373
P000246,389820,390365
P000246,392398,392515
P000246,393253,394110
P000246,397785,398021
P000246,399076,399162
P000246,399652,399775
P000246,401166,401285
P000246,402189,402462
P000246,405210,406662
P000246,414999,415973
P000246,422479,424196
P000246,433723,433854
P000246,434968,435321
P000246,438055,441361
P000246,453324,454298
P000246,458796,459585
P000246,463039,463560
P000246,466672,466790
P000246,467988,468106
P000246,468988,470598
P000246,479250,479635
P000246,481091,481452
P000246,482900,483022
P000246,483691,484045
P000246,485626,486482
P000246,489615,490113
P000246,492078,493201
P000246,497295,498037
P000246,501043,501168
P000246,504162,504888
P000246,507861,508343
P000246,509757,510238
P000246,512298,513877
P000246,520806,521523
P000246,523929,525237
P000246,530048,530423
P000246,533433,533516
P000246,533894,534009
P000246,537309,537366
P000246,538262,538325
P000246,540028,540211
P000246,542104,542293
P000246,544173,544549
P000246,544551,545350
P000246,551892,553635
P000246,562479,562841
P000246,564100,564330
P000246,566445,567074
P000246,570317,571780
P000246,579585,580197
P000246,583082,583427
P000246,586248,587191
P000246,592277,592516
P000246,593705,594281
P000246,596839,596956
P000246,597716,597968
P000246,602438,603514
P000246,604783,604900
P000246,605711,606305
P000246,610540,611111
P000246,613421,613540
P000246,613998,614362
P000246,616418,616662
P000246,617808,617974
P000246,618987,619052
P000246,619529,619759
P000246,621419,621537
P000246,622207,622453
P000246,623737,624326
P000246,627013,627120
P000246,628181,628441
P000246,629622,630654
P000246,635565,636532
P000246,639961,640731
P000246,644066,644230
P000246,644894,645202
P000246,647342,648076
P000246,652652,653081
P000246,655831,657506
P000246,665506,665588
P000246,666001,666115
P000246,667904,668133
P000246,669597,669707
P000246,670381,670497
P000246,671270,671380
P000246,672286,672432
P000246,673027,673185
P000246,674845,674994
P000246,676024,676200
P000246,680186,680681
P000246,683223,683407
P000246,684201,684258
P000246,684792,684983
P000246,686380,686507
P000246,687275,687397
P000246,688099,688220
P000246,689563,689674
P000246,690173,690302
P000246,691402,691522
P000246,692130,692251
P000246,692736,692860
P000246,693533,693654
P000246,694065,694181
P000246,695993,696113
P000246,697000,697126
P000246,697983,698104
P000246,699104,699218
P000246,699738,699869
P000246,700775,700893
P000246,701620,701745
P000246,702261,702375
P000246,702795,702921
P000246,703883,704001
P000246,704625,704747
P000246,705671,705795
P000246,707320,707449
P000246,708462,708555
P000246,709420,709545
P000246,711015,711136
P000246,711616,711728
P000246,711952,712076
P000246,712854,712980
P000246,713997,714125
P000246,715255,715321
P000246,715598,715721
P000246,716446,716570
P000246,717252,717442
P000246,718357,719091
P000246,722764,722894
P000246,724552,724680
P000259,741,853
P000259,2199,2256
P000259,3635,3696
P000259,7169,7350
P000259,9676,9861
P000259,11639,11758
P000259,12635,12884
P000259,14411,14472
P000259,14834,15012
P000259,15625,15924
P000259,17056,17294
P000259,18230,18289
P000259,18628,18681
P000259,18900,18953
P000259,19179,19233
P000259,20074,20199
P000259,20667,20780
P000259,21536,21651
P000259,22087,22143
P000259,22923,23033
P000259,23314,23424
P000259,23714,23830
P000259,25231,25350
P000259,26291,26409
P000259,27242,27415
P000259,28621,28679
P000259,28905,29029
P000259,29384,29494
P000259,30331,30558
P000259,31029,31267
P000259,32882,32986
P000259,35158,35280
P000259,36717,36965
P000259,37898,38015
P000259,38887,39005
P000259,40187,40248
P000259,40442,40499
P000259,43448,43618
P000259,44988,45101
P000259,45848,45967
P000259,46663,46807
P000259,47844,47907
P000259,48253,48370
P000259,49912,50032
P000259,51956,52068
P000259,53001,53117
P000259,53580,53635
P000259,54244,54398
P000259,58563,58685
P000259,59622,59729
P000259,60143,60264
P000259,62026,62147
P000259,62950,63063
P000259,63461,63760
P000259,66794,66848
P000259,67116,67170
P000259,67358,67466
P000259,67766,67822
P000259,68201,68251
P000259,68464,68525
P000259,68670,68837
P000259,69385,69441
P000259,69693,69747
P000259,70379,70491
P000259,71345,71464
P000259,72071,72179
P000259,72563,72669
P000259,73025,73133
P000259,73533,73653
P000259,74473,74528
P000259,74895,74949
P000259,75243,75348
P000259,76024,76136
P000259,76845,76906
P000259,77126,77185
P000259,77641,77762
P000259,78460,78717
P000259,79588,79694
P000259,79941,80053
P000259,80665,80771
P000259,81301,81421
P000259,81722,81842
P000259,82206,82451
P000259,82840,82951
P000259,83442,83554
P000259,84130,84242
P000259,84628,84684
P000259,84945,85114
P000259,85748,85867
P000259,86293,86401
P000259,86893,87109
P000259,87705,87817
P000259,88139,88365
P000259,88836,88893
P000259,89201,89322
P000259,89843,89953
P000259,90377,90434
P000259,90873,91107
P000259,92335,92388
P000259,92720,92773
P000259,92969,93021
P000259,94333,94502
P000259,95120,95233
P000259,96443,96497
P000259,96764,96820
P000259,97258,97492
P000259,98900,98955
P000259,99297,99468
P000259,99963,100065
P000259,100414,100649
P000259,101795,101858
P000259,102105,102165
P000259,102577,102700
P000259,103723,103839
P000259,104123,104234
P000259,104741,104861
P000259,105446,105502
P000259,105803,105891
P000259,106155,106449
P000259,107511,107628
P000259,108028,108082
P000259,108883,109058
P000259,110209,110325
P000259,110871,110932
P000259,111183,111429
P000259,112449,112560
P000259,112942,112993
P000259,113163,113326
P000259,113920,114031
P000259,114435,114542
P000259,114887,115061
P000259,115756,115866
P000259,116192,116311
P000259,116924,117033
P000259,117400,117560
P000259,118232,118353
P000259,118720,118834
P000259,119192,119368
P000259,119680,119989
P000259,121042,121157
P000259,121482,121588
P000259,122248,122420
P000259,123644,123697
P000259,124271,124459
P000259,126711,126890
P000259,128864,128981
P000259,129772,129940
P000259,130783,131021
P000259,131659,131833
P000259,132707,133180
P000259,135558,135679
P000269,920,1070
P000269,5311,5423
P000269,5455,5575
P000269,6545,7216
P000269,7431,7639
P000269,7768,7855
P000269,7937,8033
P000269,8796,9037
P000269,9078,9302
P000269,10891,11002
P000269,33002,33184
P000269,47516,47680
P000269,47964,48077
P000269,51533,52041
P000269,52404,52558
P000269,56345,56462
P000269,57876,58049
P000269,59513,59749
P000269,61207,61331
P000269,64383,64492
P000269,64515,64734
P000269,64770,64864
P000269,64889,65154
P000269,65656,65894
P000269,66255,66371
P000269,72285,72472
P000269,72668,72820
P000269,72825,72885
P000269,74274,74591
P000269,76901,77029
P000269,77049,77188
P000269,77285,77474
P000269,78961,79080
P000269,82209,82366
P000269,198179,198232
P000269,198255,198347
P000269,264448,264599
P000269,265479,265651
P000269,279655,280797
